sample_type,city_id,city_name,split,stratum,x,y,crs,pixel_row,pixel_col,highway,estimated_width_m,bare_tier,osm_bare,dw_bare,ua_bare,ua_code,vv,vh,review_decision,review_notes
road,DE01,Mannheim,train,likely_ignore_candidate|one_to_two_pixels_10_20m|living_street,462417.5153657907,5479949.127237888,EPSG:32632,1683,1609,living_street,10.5,,,,,,0.1354982852935791,0.050945792347192764,,
road,DE01,Mannheim,train,likely_ignore_candidate|one_to_two_pixels_10_20m|living_street,463375.4279804439,5483835.536638871,EPSG:32632,1295,1705,living_street,12.0,,,,,,0.18063808977603912,0.09871862828731537,,
road,DE01,Mannheim,train,likely_ignore_candidate|subpixel_lt_10m|living_street,468985.8727855502,5469351.824019304,EPSG:32632,2743,2266,living_street,6.0,,,,,,0.18309812247753143,0.06187903881072998,,
road,DE01,Mannheim,train,likely_ignore_candidate|subpixel_lt_10m|living_street,468978.6207148138,5469061.980250986,EPSG:32632,2772,2265,living_street,6.0,,,,,,0.15470096468925476,0.05431954190135002,,
road,DE01,Mannheim,train,retain_major_candidate|one_to_two_pixels_10_20m|motorway,468152.6923301261,5485709.094246837,EPSG:32632,1107,2182,motorway,14.0,,,,,,0.09687396138906479,0.011768057011067867,,
road,DE01,Mannheim,train,retain_major_candidate|one_to_two_pixels_10_20m|motorway,450640.4799360904,5480922.608258217,EPSG:32632,1586,431,motorway,12.0,,,,,,0.041061390191316605,0.011293649673461914,,
road,DE01,Mannheim,train,retain_major_candidate|subpixel_lt_10m|motorway,458195.35302796285,5466899.68898919,EPSG:32632,2988,1187,motorway,6.4,,,,,,0.041304077953100204,0.006423765327781439,,
road,DE01,Mannheim,train,retain_major_candidate|subpixel_lt_10m|motorway,473656.633478084,5472581.249996914,EPSG:32632,2420,2733,motorway,8.0,,,,,,0.0798829197883606,0.023784412071108818,,
road,DE01,Mannheim,train,retain_major_candidate|one_to_two_pixels_10_20m|motorway_link,454890.483679059,5481010.088983363,EPSG:32632,1577,856,motorway_link,10.0,,,,,,0.05431487783789635,0.010923827067017555,,
road,DE01,Mannheim,train,retain_major_candidate|one_to_two_pixels_10_20m|motorway_link,454879.7529232907,5481010.261045594,EPSG:32632,1577,855,motorway_link,10.0,,,,,,0.05956539511680603,0.01221894845366478,,
road,DE01,Mannheim,train,retain_major_candidate|subpixel_lt_10m|motorway_link,466581.3398254083,5478833.857109552,EPSG:32632,1795,2025,motorway_link,3.2,,,,,,0.06442645192146301,0.01502669882029295,,
road,DE01,Mannheim,train,retain_major_candidate|subpixel_lt_10m|motorway_link,468049.714006808,5489855.930056471,EPSG:32632,693,2172,motorway_link,5.0,,,,,,0.04652516543865204,0.00767853856086731,,
road,DE01,Mannheim,train,likely_ignore_candidate|subpixel_lt_10m|pedestrian,462194.6112063831,5484073.640538471,EPSG:32632,1271,1587,pedestrian,5.0,,,,,,11.065382957458496,0.04035600274801254,,
road,DE01,Mannheim,train,likely_ignore_candidate|subpixel_lt_10m|pedestrian,458035.8203364833,5482779.12418923,EPSG:32632,1400,1171,pedestrian,5.0,,,,,,0.25988876819610596,0.06497958302497864,,
road,DE01,Mannheim,train,retain_major_candidate|one_to_two_pixels_10_20m|primary,461640.4663719026,5484356.504621504,EPSG:32632,1243,1531,primary,12.8,,,,,,0.3132477402687073,0.07749868184328079,,
road,DE01,Mannheim,train,retain_major_candidate|one_to_two_pixels_10_20m|primary,462061.9777645751,5481759.1809728835,EPSG:32632,1502,1573,primary,18.0,,,,,,0.23813840746879578,0.023350927978754044,,
road,DE01,Mannheim,train,retain_major_candidate|subpixel_lt_10m|primary,463296.6415739188,5478430.791424642,EPSG:32632,1835,1697,primary,9.600000000000001,,,,,,0.11269029974937439,0.025136368349194527,,
road,DE01,Mannheim,train,retain_major_candidate|subpixel_lt_10m|primary,463805.56798337563,5483618.317346438,EPSG:32632,1316,1748,primary,3.2,,,,,,0.16546978056430817,0.03527595475316048,,
road,DE01,Mannheim,train,retain_major_candidate|one_to_two_pixels_10_20m|primary_link,475026.1654530761,5481045.712836841,EPSG:32632,1574,2870,primary_link,12.8,,,,,,0.0332416407763958,0.0073427618481218815,,
road,DE01,Mannheim,train,retain_major_candidate|one_to_two_pixels_10_20m|primary_link,474594.0502130797,5489431.610058552,EPSG:32632,735,2826,primary_link,14.5,,,,,,0.058026861399412155,0.0070588067173957825,,
road,DE01,Mannheim,train,retain_major_candidate|subpixel_lt_10m|primary_link,475434.53111701715,5468707.332631519,EPSG:32632,2808,2910,primary_link,8.0,,,,,,0.05959632247686386,0.012418558821082115,,
road,DE01,Mannheim,train,retain_major_candidate|subpixel_lt_10m|primary_link,475539.619030743,5468635.749949854,EPSG:32632,2815,2921,primary_link,8.0,,,,,,0.04149195924401283,0.012719491496682167,,
road,DE01,Mannheim,train,manual_review_candidate|one_to_two_pixels_10_20m|residential,462311.4630888618,5481701.846254466,EPSG:32632,1508,1598,residential,10.0,,,,,,0.30162620544433594,0.04804752394556999,,
road,DE01,Mannheim,train,manual_review_candidate|one_to_two_pixels_10_20m|residential,453943.61193693464,5482365.019962374,EPSG:32632,1442,761,residential,10.0,,,,,,0.1336381435394287,0.0988662987947464,,
road,DE01,Mannheim,train,manual_review_candidate|subpixel_lt_10m|residential,455053.52258519497,5469891.8027676735,EPSG:32632,2689,872,residential,8.0,,,,,,0.224195659160614,0.11420778930187225,,
road,DE01,Mannheim,train,manual_review_candidate|subpixel_lt_10m|residential,473871.572655829,5488443.753612423,EPSG:32632,834,2754,residential,3.2,,,,,,0.0990721583366394,0.020334307104349136,,
road,DE01,Mannheim,train,retain_major_candidate|one_to_two_pixels_10_20m|secondary,466620.609798237,5472935.785793019,EPSG:32632,2385,2029,secondary,12.0,,,,,,0.2554769814014435,0.023817744106054306,,
road,DE01,Mannheim,train,retain_major_candidate|one_to_two_pixels_10_20m|secondary,448202.4008564338,5479211.506415462,EPSG:32632,1757,187,secondary,12.0,,,,,,0.04212658852338791,0.006551409140229225,,
road,DE01,Mannheim,train,retain_major_candidate|subpixel_lt_10m|secondary,469751.2623042336,5482715.564213766,EPSG:32632,1407,2342,secondary,7.5,,,,,,0.039896946400403976,0.013072626665234566,,
road,DE01,Mannheim,train,retain_major_candidate|subpixel_lt_10m|secondary,464635.705568762,5485191.611301384,EPSG:32632,1159,1831,secondary,6.4,,,,,,0.05552753806114197,0.01995832845568657,,
road,DE01,Mannheim,train,retain_major_candidate|one_to_two_pixels_10_20m|secondary_link,467015.2643639698,5485268.079506354,EPSG:32632,1152,2069,secondary_link,12.8,,,,,,0.10405362397432327,0.018982496112585068,,
road,DE01,Mannheim,train,retain_major_candidate|one_to_two_pixels_10_20m|secondary_link,467037.4316104483,5485262.753388955,EPSG:32632,1152,2071,secondary_link,12.8,,,,,,0.10560957342386246,0.022260969504714012,,
road,DE01,Mannheim,train,retain_major_candidate|subpixel_lt_10m|secondary_link,464019.5693594905,5485747.78225196,EPSG:32632,1104,1769,secondary_link,3.2,,,,,,0.12058040499687195,0.023931141942739487,,
road,DE01,Mannheim,train,retain_major_candidate|subpixel_lt_10m|secondary_link,468023.87460676255,5483029.8083819235,EPSG:32632,1375,2169,secondary_link,3.2,,,,,,0.053797926753759384,0.009082935750484467,,
road,DE01,Mannheim,train,likely_ignore_candidate|one_to_two_pixels_10_20m|service,456486.87087118137,5476605.783651324,EPSG:32632,2018,1016,service,10.5,,,,,,0.07665213942527771,0.038569673895835876,,
road,DE01,Mannheim,train,likely_ignore_candidate|one_to_two_pixels_10_20m|service,461699.3719098795,5480532.231406704,EPSG:32632,1625,1537,service,10.0,,,,,,1.5309580564498901,0.7520190477371216,,
road,DE01,Mannheim,train,likely_ignore_candidate|subpixel_lt_10m|service,467669.47607351525,5479576.568568749,EPSG:32632,1721,2134,service,5.0,,,,,,0.2837730348110199,0.06136050820350647,,
road,DE01,Mannheim,train,likely_ignore_candidate|subpixel_lt_10m|service,470052.16968496714,5474510.272979593,EPSG:32632,2227,2372,service,5.0,,,,,,0.061239760369062424,0.03190562501549721,,
road,DE01,Mannheim,train,manual_review_candidate|one_to_two_pixels_10_20m|tertiary,462256.04618348915,5474608.063928997,EPSG:32632,2218,1593,tertiary,10.0,,,,,,0.04491957649588585,0.009126696735620499,,
road,DE01,Mannheim,train,manual_review_candidate|one_to_two_pixels_10_20m|tertiary,446877.6655002194,5475620.564775246,EPSG:32632,2116,55,tertiary,10.0,,,,,,0.4299222528934479,0.13175369799137115,,
road,DE01,Mannheim,train,manual_review_candidate|subpixel_lt_10m|tertiary,463996.1821122038,5482282.150916428,EPSG:32632,1450,1767,tertiary,5.0,,,,,,0.10000878572463989,0.02707933634519577,,
road,DE01,Mannheim,train,manual_review_candidate|subpixel_lt_10m|tertiary,451564.2425600658,5494901.57025073,EPSG:32632,188,523,tertiary,6.4,,,,,,0.2618322968482971,0.032731037586927414,,
road,DE01,Mannheim,train,manual_review_candidate|one_to_two_pixels_10_20m|tertiary_link,470826.5012046102,5479712.94618278,EPSG:32632,1707,2450,tertiary_link,12.0,,,,,,0.08308134227991104,0.015607239678502083,,
road,DE01,Mannheim,train,manual_review_candidate|one_to_two_pixels_10_20m|tertiary_link,470822.8674711989,5479702.748419748,EPSG:32632,1708,2449,tertiary_link,12.0,,,,,,0.06967844069004059,0.0101389791816473,,
road,DE01,Mannheim,train,manual_review_candidate|subpixel_lt_10m|tertiary_link,474332.2794686755,5494739.449128186,EPSG:32632,204,2800,tertiary_link,3.2,,,,,,0.04734918847680092,0.009533911012113094,,
road,DE01,Mannheim,train,manual_review_candidate|subpixel_lt_10m|tertiary_link,462075.65736323583,5480308.847725321,EPSG:32632,1647,1575,tertiary_link,3.2,,,,,,1.720415711402893,1.5254586935043335,,
road,DE01,Mannheim,train,retain_major_candidate|one_to_two_pixels_10_20m|trunk,457176.2433537947,5474633.374480967,EPSG:32632,2215,1085,trunk,10.5,,,,,,0.19035717844963074,0.011419079266488552,,
road,DE01,Mannheim,train,retain_major_candidate|one_to_two_pixels_10_20m|trunk,473724.91509774467,5468829.1885324055,EPSG:32632,2795,2740,trunk,12.0,,,,,,0.041680242866277695,0.008858718909323215,,
road,DE01,Mannheim,train,retain_major_candidate|subpixel_lt_10m|trunk,470899.4985949731,5469679.956049375,EPSG:32632,2710,2457,trunk,6.4,,,,,,0.04272913187742233,0.014219806529581547,,
road,DE01,Mannheim,train,retain_major_candidate|subpixel_lt_10m|trunk,458639.4553232258,5480692.665858129,EPSG:32632,1609,1231,trunk,8.0,,,,,,0.22327151894569397,0.033909618854522705,,
road,DE01,Mannheim,train,retain_major_candidate|one_to_two_pixels_10_20m|trunk_link,457305.8336999281,5485397.306702607,EPSG:32632,1139,1098,trunk_link,12.5,,,,,,0.05788758769631386,0.012096266262233257,,
road,DE01,Mannheim,train,retain_major_candidate|one_to_two_pixels_10_20m|trunk_link,464837.9470334847,5478821.502374486,EPSG:32632,1796,1851,trunk_link,10.5,,,,,,0.07110351324081421,0.019916202872991562,,
road,DE01,Mannheim,train,retain_major_candidate|subpixel_lt_10m|trunk_link,460409.37755171536,5480932.245305614,EPSG:32632,1585,1408,trunk_link,3.5,,,,,,0.18742156028747559,0.04792191833257675,,
road,DE01,Mannheim,train,retain_major_candidate|subpixel_lt_10m|trunk_link,472616.04778032296,5468629.465731882,EPSG:32632,2815,2629,trunk_link,3.2,,,,,,0.06167001649737358,0.008197294548153877,,
road,DE01,Mannheim,train,manual_review_candidate|one_to_two_pixels_10_20m|unclassified,467135.00732516404,5473451.784626184,EPSG:32632,2333,2081,unclassified,12.8,,,,,,0.09309367835521698,0.008643679320812225,,
road,DE01,Mannheim,train,manual_review_candidate|one_to_two_pixels_10_20m|unclassified,463498.06711100275,5483577.784714278,EPSG:32632,1321,1717,unclassified,10.0,,,,,,0.1949583739042282,0.033450983464717865,,
road,DE01,Mannheim,train,manual_review_candidate|subpixel_lt_10m|unclassified,467957.1591462557,5488489.874733643,EPSG:32632,829,2163,unclassified,6.4,,,,,,0.09983863681554794,0.017017507925629616,,
road,DE01,Mannheim,train,manual_review_candidate|subpixel_lt_10m|unclassified,476109.50090725976,5472300.913179366,EPSG:32632,2448,2978,unclassified,5.6,,,,,,0.3064430058002472,0.0056993491016328335,,
road,DE01,Mannheim,train,manual_review_candidate|two_plus_pixels_ge_20m|unclassified,465656.91302379663,5483514.046786889,EPSG:32632,1327,1933,unclassified,40.0,,,,,,0.16299450397491455,0.020570101216435432,,
road,DE01,Mannheim,train,manual_review_candidate|two_plus_pixels_ge_20m|unclassified,465646.24322294665,5483509.30548485,EPSG:32632,1327,1932,unclassified,40.0,,,,,,0.16653747856616974,0.020376328378915787,,
bare_land,DE01,Mannheim,train,current_v3,452599.5904690316,5474313.165275654,EPSG:32632,2247,627,,,current_v3,1,0,1,13100,0.3824995458126068,0.049671586602926254,,
bare_land,DE01,Mannheim,train,current_v3,459349.5904690316,5476673.165275654,EPSG:32632,2011,1302,,,current_v3,1,0,1,13100,0.24525733292102814,0.014948742464184761,,
bare_land,DE01,Mannheim,train,tier2_osm_dw_new,457329.5904690316,5492963.165275654,EPSG:32632,382,1100,,,tier2_osm_dw_new,1,1,0,21000,0.0508861243724823,0.0022858032025396824,,
bare_land,DE01,Mannheim,train,tier2_osm_dw_new,457339.5904690316,5492973.165275654,EPSG:32632,381,1101,,,tier2_osm_dw_new,1,1,0,21000,0.05073203518986702,0.003048510290682316,,
bare_land,DE01,Mannheim,train,single_source_osm,462389.5904690316,5486393.165275654,EPSG:32632,1039,1606,,,single_source_osm,1,0,0,12230,0.14560389518737793,0.03151155635714531,,
bare_land,DE01,Mannheim,train,single_source_osm,475849.5904690316,5471033.165275654,EPSG:32632,2575,2952,,,single_source_osm,1,0,0,0,0.04626765102148056,0.003146341536194086,,
bare_land,DE01,Mannheim,train,single_source_dw,455109.5904690316,5493153.165275654,EPSG:32632,363,878,,,single_source_dw,0,1,0,21000,0.034553222358226776,0.0027413617353886366,,
bare_land,DE01,Mannheim,train,single_source_dw,455109.5904690316,5493143.165275654,EPSG:32632,364,878,,,single_source_dw,0,1,0,21000,0.02971845306456089,0.002737329574301839,,
bare_land,DE01,Mannheim,train,single_source_ua,459039.5904690316,5477233.165275654,EPSG:32632,1955,1271,,,single_source_ua,0,0,1,13100,0.05147628113627434,0.008761377073824406,,
bare_land,DE01,Mannheim,train,single_source_ua,460469.5904690316,5489213.165275654,EPSG:32632,757,1414,,,single_source_ua,0,0,1,13100,0.05103731527924538,0.00810758676379919,,
road,DE02,Heidelberg,train,likely_ignore_candidate|one_to_two_pixels_10_20m|living_street,462417.5153657907,5479949.127237888,EPSG:32632,689,118,living_street,10.5,,,,,,0.12723040580749512,0.04449070617556572,,
road,DE02,Heidelberg,train,likely_ignore_candidate|one_to_two_pixels_10_20m|living_street,463355.91626774904,5483859.3210944915,EPSG:32632,298,212,living_street,12.0,,,,,,0.309291273355484,0.15342356264591217,,
road,DE02,Heidelberg,train,likely_ignore_candidate|subpixel_lt_10m|living_street,466341.6162542487,5473065.164229484,EPSG:32632,1377,511,living_street,6.0,,,,,,3.719857692718506,0.030378155410289764,,
road,DE02,Heidelberg,train,likely_ignore_candidate|subpixel_lt_10m|living_street,471288.8245294439,5483339.71286728,EPSG:32632,350,1005,living_street,6.0,,,,,,0.6316318511962891,0.026089036837220192,,
road,DE02,Heidelberg,train,retain_major_candidate|one_to_two_pixels_10_20m|motorway,466872.3319810786,5480336.804788237,EPSG:32632,650,564,motorway,11.5,,,,,,0.1523885279893875,0.006774457637220621,,
road,DE02,Heidelberg,train,retain_major_candidate|one_to_two_pixels_10_20m|motorway,469343.2653175203,5462427.815947158,EPSG:32632,2441,811,motorway,11.8,,,,,,0.019794262945652008,0.004818922374397516,,
road,DE02,Heidelberg,train,retain_major_candidate|subpixel_lt_10m|motorway,466915.3910573092,5471541.454063391,EPSG:32632,1530,568,motorway,7.5,,,,,,0.08005932718515396,0.008060802705585957,,
road,DE02,Heidelberg,train,retain_major_candidate|subpixel_lt_10m|motorway,473741.40994356445,5470445.346279103,EPSG:32632,1639,1251,motorway,8.0,,,,,,0.8200494647026062,0.008221040479838848,,
road,DE02,Heidelberg,train,retain_major_candidate|one_to_two_pixels_10_20m|motorway_link,472478.6899455573,5461167.252513817,EPSG:32632,2567,1124,motorway_link,11.0,,,,,,0.032014455646276474,0.013288291171193123,,
road,DE02,Heidelberg,train,retain_major_candidate|one_to_two_pixels_10_20m|motorway_link,472862.98063159955,5461206.03591259,EPSG:32632,2563,1163,motorway_link,10.55,,,,,,0.1018534004688263,0.007545155007392168,,
road,DE02,Heidelberg,train,retain_major_candidate|subpixel_lt_10m|motorway_link,467144.3409340718,5467722.957001682,EPSG:32632,1911,591,motorway_link,3.2,,,,,,0.05416916310787201,0.005310738924890757,,
road,DE02,Heidelberg,train,retain_major_candidate|subpixel_lt_10m|motorway_link,473120.7857326941,5463598.0980597325,EPSG:32632,2324,1189,motorway_link,3.2,,,,,,0.08279683440923691,0.01969134621322155,,
road,DE02,Heidelberg,train,likely_ignore_candidate|subpixel_lt_10m|pedestrian,464624.3636707559,5480550.498489613,EPSG:32632,629,339,pedestrian,5.0,,,,,,0.30027642846107483,0.04761214926838875,,
road,DE02,Heidelberg,train,likely_ignore_candidate|subpixel_lt_10m|pedestrian,471667.6685220063,5479986.643674928,EPSG:32632,685,1043,pedestrian,5.0,,,,,,0.19332878291606903,0.07536542415618896,,
road,DE02,Heidelberg,train,retain_major_candidate|one_to_two_pixels_10_20m|primary,473193.50972455245,5460863.638942596,EPSG:32632,2597,1196,primary,17.0,,,,,,0.041576988995075226,0.009624859318137169,,
road,DE02,Heidelberg,train,retain_major_candidate|one_to_two_pixels_10_20m|primary,462393.94773682655,5482064.689020472,EPSG:32632,477,116,primary,10.5,,,,,,0.14826583862304688,0.05173799768090248,,
road,DE02,Heidelberg,train,retain_major_candidate|subpixel_lt_10m|primary,463454.8577964172,5480551.796855187,EPSG:32632,628,222,primary,9.600000000000001,,,,,,0.04993710666894913,0.010601774789392948,,
road,DE02,Heidelberg,train,retain_major_candidate|subpixel_lt_10m|primary,473328.0165047494,5461022.612608564,EPSG:32632,2581,1209,primary,9.600000000000001,,,,,,0.06704030185937881,0.008884632959961891,,
road,DE02,Heidelberg,train,retain_major_candidate|two_plus_pixels_ge_20m|primary,473223.9939660421,5460840.405187791,EPSG:32632,2600,1199,primary,24.0,,,,,,0.0308421291410923,0.003352399682626128,,
road,DE02,Heidelberg,train,retain_major_candidate|two_plus_pixels_ge_20m|primary,473252.90459720785,5460817.97963639,EPSG:32632,2602,1202,primary,24.0,,,,,,0.03241366520524025,0.004680445417761803,,
road,DE02,Heidelberg,train,retain_major_candidate|one_to_two_pixels_10_20m|primary_link,475026.1654530761,5481045.712836841,EPSG:32632,579,1379,primary_link,12.8,,,,,,0.03396747633814812,0.007712624501436949,,
road,DE02,Heidelberg,train,retain_major_candidate|subpixel_lt_10m|primary_link,476413.17558805615,5460922.737152396,EPSG:32632,2591,1518,primary_link,3.2,,,,,,0.07120617479085922,0.014890816994011402,,
road,DE02,Heidelberg,train,retain_major_candidate|subpixel_lt_10m|primary_link,474409.9499674634,5469315.2873798255,EPSG:32632,1752,1317,primary_link,5.0,,,,,,0.03784962370991707,0.01374982763081789,,
road,DE02,Heidelberg,train,manual_review_candidate|one_to_two_pixels_10_20m|residential,464862.6720720896,5478768.400257216,EPSG:32632,807,363,residential,12.8,,,,,,0.1059204488992691,0.01307985931634903,,
road,DE02,Heidelberg,train,manual_review_candidate|one_to_two_pixels_10_20m|residential,486320.80728080106,5462793.699584167,EPSG:32632,2404,2509,residential,12.0,,,,,,0.23630698025226593,0.05230377987027168,,
road,DE02,Heidelberg,train,manual_review_candidate|subpixel_lt_10m|residential,476979.4228907611,5475314.570412698,EPSG:32632,1152,1574,residential,8.0,,,,,,0.8652733564376831,0.11973751336336136,,
road,DE02,Heidelberg,train,manual_review_candidate|subpixel_lt_10m|residential,481912.63288995536,5475710.462329227,EPSG:32632,1113,2068,residential,8.0,,,,,,0.20068472623825073,0.028651637956500053,,
road,DE02,Heidelberg,train,retain_major_candidate|one_to_two_pixels_10_20m|secondary,477494.4609053609,5471867.766816907,EPSG:32632,1497,1626,secondary,12.0,,,,,,0.17084576189517975,0.03028182126581669,,
road,DE02,Heidelberg,train,retain_major_candidate|one_to_two_pixels_10_20m|secondary,484227.37935676187,5467276.228493163,EPSG:32632,1956,2299,secondary,12.0,,,,,,0.14222581684589386,0.06492092460393906,,
road,DE02,Heidelberg,train,retain_major_candidate|subpixel_lt_10m|secondary,483904.32593739394,5486072.576132864,EPSG:32632,76,2267,secondary,6.4,,,,,,0.1157945990562439,0.01893516257405281,,
road,DE02,Heidelberg,train,retain_major_candidate|subpixel_lt_10m|secondary,464246.8520139917,5485536.53002996,EPSG:32632,130,301,secondary,6.4,,,,,,0.1045486330986023,0.03657850995659828,,
road,DE02,Heidelberg,train,retain_major_candidate|two_plus_pixels_ge_20m|secondary,466481.66479106946,5463880.284223609,EPSG:32632,2296,525,secondary,21.5,,,,,,0.09972125291824341,0.015737151727080345,,
road,DE02,Heidelberg,train,retain_major_candidate|two_plus_pixels_ge_20m|secondary,466496.37184924097,5463843.312074622,EPSG:32632,2299,526,secondary,21.5,,,,,,0.08422331511974335,0.01519760861992836,,
road,DE02,Heidelberg,train,retain_major_candidate|one_to_two_pixels_10_20m|secondary_link,467022.7457288682,5485267.600651858,EPSG:32632,157,579,secondary_link,12.8,,,,,,0.09395147860050201,0.018246207386255264,,
road,DE02,Heidelberg,train,retain_major_candidate|one_to_two_pixels_10_20m|secondary_link,477427.35137133964,5459074.93039661,EPSG:32632,2776,1619,secondary_link,12.0,,,,,,0.041561078280210495,0.00858997367322445,,
road,DE02,Heidelberg,train,retain_major_candidate|subpixel_lt_10m|secondary_link,467039.22993060795,5469214.945514986,EPSG:32632,1762,580,secondary_link,6.4,,,,,,0.07958249002695084,0.0261637344956398,,
road,DE02,Heidelberg,train,retain_major_candidate|subpixel_lt_10m|secondary_link,469075.7365221544,5477752.028541644,EPSG:32632,908,784,secondary_link,6.4,,,,,,0.05964784324169159,0.007232882548123598,,
road,DE02,Heidelberg,train,likely_ignore_candidate|one_to_two_pixels_10_20m|service,462025.10445194016,5457168.04518893,EPSG:32632,2967,79,service,12.0,,,,,,0.05734558403491974,0.006208301987498999,,
road,DE02,Heidelberg,train,likely_ignore_candidate|one_to_two_pixels_10_20m|service,465318.7075790267,5483323.76922697,EPSG:32632,351,408,service,10.0,,,,,,0.040228862315416336,0.005013287533074617,,
road,DE02,Heidelberg,train,likely_ignore_candidate|subpixel_lt_10m|service,478625.7812203192,5480437.820488628,EPSG:32632,640,1739,service,5.0,,,,,,0.22223567962646484,0.028992241248488426,,
road,DE02,Heidelberg,train,likely_ignore_candidate|subpixel_lt_10m|service,463950.2190408281,5486703.5795063,EPSG:32632,13,271,service,5.0,,,,,,0.3571355938911438,0.03340083360671997,,
road,DE02,Heidelberg,train,manual_review_candidate|one_to_two_pixels_10_20m|tertiary,477329.97727420233,5473414.692060424,EPSG:32632,1342,1609,tertiary,10.0,,,,,,0.24237152934074402,0.06183813884854317,,
road,DE02,Heidelberg,train,manual_review_candidate|one_to_two_pixels_10_20m|tertiary,477516.6840963687,5473450.0478613265,EPSG:32632,1339,1628,tertiary,10.0,,,,,,0.2439119964838028,0.05849280208349228,,
road,DE02,Heidelberg,train,manual_review_candidate|subpixel_lt_10m|tertiary,477641.13385848986,5471975.688974066,EPSG:32632,1486,1641,tertiary,6.4,,,,,,0.553024172782898,0.03736891970038414,,
road,DE02,Heidelberg,train,manual_review_candidate|subpixel_lt_10m|tertiary,482675.8030729969,5481601.735105314,EPSG:32632,523,2144,tertiary,6.4,,,,,,0.2360050231218338,0.019784221425652504,,
road,DE02,Heidelberg,train,manual_review_candidate|one_to_two_pixels_10_20m|tertiary_link,470826.5012046102,5479712.94618278,EPSG:32632,712,959,tertiary_link,12.0,,,,,,0.08582131564617157,0.0142748998478055,,
road,DE02,Heidelberg,train,manual_review_candidate|one_to_two_pixels_10_20m|tertiary_link,470822.8674711989,5479702.748419748,EPSG:32632,713,959,tertiary_link,12.0,,,,,,0.07745542377233505,0.014596452005207539,,
road,DE02,Heidelberg,train,manual_review_candidate|subpixel_lt_10m|tertiary_link,484380.4562427235,5457637.233662381,EPSG:32632,2920,2315,tertiary_link,3.2,,,,,,0.05996124446392059,0.00994891207665205,,
road,DE02,Heidelberg,train,manual_review_candidate|subpixel_lt_10m|tertiary_link,461756.4690661319,5483052.763233248,EPSG:32632,378,52,tertiary_link,3.2,,,,,,0.2777251601219177,0.09734801948070526,,
road,DE02,Heidelberg,train,retain_major_candidate|one_to_two_pixels_10_20m|trunk,464677.84504458157,5478728.606267421,EPSG:32632,811,344,trunk,11.0,,,,,,0.19061264395713806,0.03701304271817207,,
road,DE02,Heidelberg,train,retain_major_candidate|one_to_two_pixels_10_20m|trunk,466661.05217510636,5473859.524251099,EPSG:32632,1298,543,trunk,10.5,,,,,,0.05528710037469864,0.02004939317703247,,
road,DE02,Heidelberg,train,retain_major_candidate|subpixel_lt_10m|trunk,467193.9640395546,5466150.598387102,EPSG:32632,2069,596,trunk,6.4,,,,,,0.044380635023117065,0.007833505980670452,,
road,DE02,Heidelberg,train,retain_major_candidate|subpixel_lt_10m|trunk,464459.9041896163,5479910.583519148,EPSG:32632,693,322,trunk,6.4,,,,,,0.09432297945022583,0.016971785575151443,,
road,DE02,Heidelberg,train,retain_major_candidate|one_to_two_pixels_10_20m|trunk_link,464837.9470334847,5478821.502374486,EPSG:32632,802,360,trunk_link,10.5,,,,,,0.0768168717622757,0.014816074632108212,,
road,DE02,Heidelberg,train,retain_major_candidate|one_to_two_pixels_10_20m|trunk_link,464902.7741149943,5478920.378731351,EPSG:32632,792,367,trunk_link,10.5,,,,,,0.20729956030845642,0.02603817917406559,,
road,DE02,Heidelberg,train,retain_major_candidate|subpixel_lt_10m|trunk_link,469598.9508595384,5471218.185214794,EPSG:32632,1562,836,trunk_link,3.2,,,,,,0.0702451691031456,0.011421209201216698,,
road,DE02,Heidelberg,train,retain_major_candidate|subpixel_lt_10m|trunk_link,465438.11671207665,5476386.463851242,EPSG:32632,1045,420,trunk_link,9.0,,,,,,0.11489210277795792,0.01575278677046299,,
road,DE02,Heidelberg,train,manual_review_candidate|one_to_two_pixels_10_20m|unclassified,463749.38959512615,5478807.2151184175,EPSG:32632,803,251,unclassified,10.0,,,,,,0.2768396735191345,0.04322575777769089,,
road,DE02,Heidelberg,train,manual_review_candidate|one_to_two_pixels_10_20m|unclassified,467134.8429585955,5473448.572606022,EPSG:32632,1339,590,unclassified,12.8,,,,,,0.09332948923110962,0.008032148703932762,,
road,DE02,Heidelberg,train,manual_review_candidate|subpixel_lt_10m|unclassified,478919.8732315658,5478034.431756304,EPSG:32632,880,1768,unclassified,6.0,,,,,,0.08410711586475372,0.028415117412805557,,
road,DE02,Heidelberg,train,manual_review_candidate|subpixel_lt_10m|unclassified,471406.6613553916,5478036.733495761,EPSG:32632,880,1017,unclassified,5.5,,,,,,0.12084230780601501,0.018609924241900444,,
road,DE02,Heidelberg,train,manual_review_candidate|two_plus_pixels_ge_20m|unclassified,465656.91302379663,5483514.046786889,EPSG:32632,332,442,unclassified,40.0,,,,,,0.14529258012771606,0.019755922257900238,,
road,DE02,Heidelberg,train,manual_review_candidate|two_plus_pixels_ge_20m|unclassified,465646.24322294665,5483509.30548485,EPSG:32632,333,441,unclassified,40.0,,,,,,0.19950492680072784,0.01705731824040413,,
bare_land,DE02,Heidelberg,train,current_v3,489495.41702031455,5466236.618231593,EPSG:32632,2060,2826,,,current_v3,1,0,1,13100,0.1938096135854721,0.01976124569773674,,
bare_land,DE02,Heidelberg,train,current_v3,476865.41702031455,5460786.618231593,EPSG:32632,2605,1563,,,current_v3,1,0,1,13100,0.0935773029923439,0.012099841609597206,,
bare_land,DE02,Heidelberg,train,single_source_osm,467345.41702031455,5484996.618231593,EPSG:32632,184,611,,,single_source_osm,1,0,0,0,0.04402420297265053,0.012590507976710796,,
bare_land,DE02,Heidelberg,train,single_source_osm,463115.41702031455,5479956.618231593,EPSG:32632,688,188,,,single_source_osm,1,0,0,0,0.16935044527053833,0.02057979814708233,,
bare_land,DE02,Heidelberg,train,single_source_ua,470645.41702031455,5460526.618231593,EPSG:32632,2631,941,,,single_source_ua,0,0,1,13100,0.0842786580324173,0.024927113205194473,,
bare_land,DE02,Heidelberg,train,single_source_ua,476025.41702031455,5471466.618231593,EPSG:32632,1537,1479,,,single_source_ua,0,0,1,13300,0.05952242389321327,0.014680974185466766,,
road,DE03,Karlsruhe,train,likely_ignore_candidate|one_to_two_pixels_10_20m|living_street,461351.0206620797,5427455.248501994,EPSG:32632,1593,1995,living_street,10.0,,,,,,0.47788700461387634,0.03744041547179222,,
road,DE03,Karlsruhe,train,likely_ignore_candidate|one_to_two_pixels_10_20m|living_street,455532.9167237041,5428389.131510033,EPSG:32632,1500,1414,living_street,10.0,,,,,,0.37628045678138733,0.19800838828086853,,
road,DE03,Karlsruhe,train,likely_ignore_candidate|subpixel_lt_10m|living_street,456987.8134269115,5441283.570482751,EPSG:32632,211,1559,living_street,6.0,,,,,,1.6377451419830322,0.03138813376426697,,
road,DE03,Karlsruhe,train,likely_ignore_candidate|subpixel_lt_10m|living_street,465275.2406364141,5433130.202200513,EPSG:32632,1026,2388,living_street,6.0,,,,,,0.30546560883522034,0.029448645189404488,,
road,DE03,Karlsruhe,train,retain_major_candidate|one_to_two_pixels_10_20m|motorway,464232.36914633226,5435610.09938646,EPSG:32632,778,2284,motorway,11.5,,,,,,0.05106636881828308,0.00724396388977766,,
road,DE03,Karlsruhe,train,retain_major_candidate|one_to_two_pixels_10_20m|motorway,465654.65802609746,5420598.578628578,EPSG:32632,2279,2426,motorway,11.5,,,,,,0.03378189355134964,0.008006938733160496,,
road,DE03,Karlsruhe,train,retain_major_candidate|subpixel_lt_10m|motorway,442091.08138509607,5436187.262955137,EPSG:32632,720,69,motorway,6.4,,,,,,0.08609509468078613,0.019023293629288673,,
road,DE03,Karlsruhe,train,retain_major_candidate|subpixel_lt_10m|motorway,446205.1521934016,5432205.812532283,EPSG:32632,1118,481,motorway,6.4,,,,,,0.05873826891183853,0.02496078982949257,,
road,DE03,Karlsruhe,train,retain_major_candidate|subpixel_lt_10m|motorway_link,456493.5074291819,5423369.372484654,EPSG:32632,2002,1510,motorway_link,3.2,,,,,,0.08302630484104156,0.012458658777177334,,
road,DE03,Karlsruhe,train,retain_major_candidate|subpixel_lt_10m|motorway_link,463289.35055965604,5421485.428443914,EPSG:32632,2190,2189,motorway_link,3.2,,,,,,0.0619288869202137,0.013631531037390232,,
road,DE03,Karlsruhe,train,likely_ignore_candidate|subpixel_lt_10m|pedestrian,459345.88351338916,5431157.279710656,EPSG:32632,1223,1795,pedestrian,5.0,,,,,,0.22123880684375763,0.026912454515695572,,
road,DE03,Karlsruhe,train,likely_ignore_candidate|subpixel_lt_10m|pedestrian,455047.7369451111,5431114.274762429,EPSG:32632,1227,1365,pedestrian,5.0,,,,,,0.1018853411078453,0.004517355002462864,,
road,DE03,Karlsruhe,train,retain_major_candidate|one_to_two_pixels_10_20m|primary,455165.5118291052,5428167.864404015,EPSG:32632,1522,1377,primary,12.8,,,,,,0.1879403442144394,0.022987641394138336,,
road,DE03,Karlsruhe,train,retain_major_candidate|one_to_two_pixels_10_20m|primary,466578.282932607,5425991.347416796,EPSG:32632,1740,2518,primary,14.0,,,,,,0.12804420292377472,0.08083561807870865,,
road,DE03,Karlsruhe,train,retain_major_candidate|subpixel_lt_10m|primary,464548.04562414973,5428144.672274438,EPSG:32632,1524,2315,primary,6.4,,,,,,0.10598184913396835,0.019203297793865204,,
road,DE03,Karlsruhe,train,retain_major_candidate|subpixel_lt_10m|primary,453371.49798807397,5431856.795692429,EPSG:32632,1153,1198,primary,6.4,,,,,,0.07479219138622284,0.024748681113123894,,
road,DE03,Karlsruhe,train,retain_major_candidate|subpixel_lt_10m|primary_link,470546.6806081818,5440264.237906953,EPSG:32632,312,2915,primary_link,8.0,,,,,,0.09276411682367325,0.01738923043012619,,
road,DE03,Karlsruhe,train,retain_major_candidate|subpixel_lt_10m|primary_link,459921.0600849398,5432299.044977441,EPSG:32632,1109,1852,primary_link,3.2,,,,,,0.08905080705881119,0.011690323241055012,,
road,DE03,Karlsruhe,train,manual_review_candidate|one_to_two_pixels_10_20m|residential,455197.6090989336,5428120.724175502,EPSG:32632,1527,1380,residential,12.8,,,,,,0.27975666522979736,0.03649526834487915,,
road,DE03,Karlsruhe,train,manual_review_candidate|one_to_two_pixels_10_20m|residential,454040.6449532762,5426655.958609113,EPSG:32632,1673,1264,residential,12.8,,,,,,0.07898524403572083,0.011783624067902565,,
road,DE03,Karlsruhe,train,manual_review_candidate|subpixel_lt_10m|residential,468713.9906570002,5431543.5188818425,EPSG:32632,1185,2732,residential,8.0,,,,,,0.15739372372627258,0.02663278952240944,,
road,DE03,Karlsruhe,train,manual_review_candidate|subpixel_lt_10m|residential,470639.0696419431,5416428.199416585,EPSG:32632,2696,2924,residential,8.0,,,,,,0.18382999300956726,0.03563627228140831,,
road,DE03,Karlsruhe,train,retain_major_candidate|one_to_two_pixels_10_20m|secondary,453641.8362336999,5430097.578688476,EPSG:32632,1329,1225,secondary,12.0,,,,,,1.2099840641021729,0.019827693700790405,,
road,DE03,Karlsruhe,train,retain_major_candidate|one_to_two_pixels_10_20m|secondary,463361.2481620494,5418391.628027521,EPSG:32632,2500,2197,secondary,12.0,,,,,,0.13181637227535248,0.024492133408784866,,
road,DE03,Karlsruhe,train,retain_major_candidate|subpixel_lt_10m|secondary,459623.32726123894,5428243.139760759,EPSG:32632,1515,1823,secondary,3.2,,,,,,0.23823155462741852,0.011966642923653126,,
road,DE03,Karlsruhe,train,retain_major_candidate|subpixel_lt_10m|secondary,449197.0120900534,5424217.856866403,EPSG:32632,1917,780,secondary,3.2,,,,,,0.1328767091035843,0.0680609866976738,,
road,DE03,Karlsruhe,train,retain_major_candidate|one_to_two_pixels_10_20m|secondary_link,457876.0542194705,5428462.63968057,EPSG:32632,1493,1648,secondary_link,12.8,,,,,,0.11688168346881866,0.012493281625211239,,
road,DE03,Karlsruhe,train,retain_major_candidate|one_to_two_pixels_10_20m|secondary_link,457875.27217020665,5428468.487652531,EPSG:32632,1492,1648,secondary_link,12.8,,,,,,0.1310887485742569,0.012430830858647823,,
road,DE03,Karlsruhe,train,retain_major_candidate|subpixel_lt_10m|secondary_link,459263.22410350374,5428243.202466624,EPSG:32632,1515,1787,secondary_link,3.2,,,,,,0.4175838530063629,0.028947260230779648,,
road,DE03,Karlsruhe,train,retain_major_candidate|subpixel_lt_10m|secondary_link,454412.37212353933,5420005.859683635,EPSG:32632,2338,1302,secondary_link,3.2,,,,,,0.12165961414575577,0.01475112047046423,,
road,DE03,Karlsruhe,train,likely_ignore_candidate|one_to_two_pixels_10_20m|service,457269.845189157,5427225.814354102,EPSG:32632,1616,1587,service,10.0,,,,,,0.8953942060470581,0.4779132902622223,,
road,DE03,Karlsruhe,train,likely_ignore_candidate|one_to_two_pixels_10_20m|service,457256.87898673664,5427242.434144458,EPSG:32632,1615,1586,service,10.0,,,,,,0.28265276551246643,0.15741470456123352,,
road,DE03,Karlsruhe,train,likely_ignore_candidate|subpixel_lt_10m|service,455872.1185872782,5426919.445510352,EPSG:32632,1647,1448,service,5.0,,,,,,1.684720754623413,0.13530591130256653,,
road,DE03,Karlsruhe,train,likely_ignore_candidate|subpixel_lt_10m|service,455948.70291148586,5438648.21134176,EPSG:32632,474,1455,service,5.0,,,,,,0.34220537543296814,0.02648177184164524,,
road,DE03,Karlsruhe,train,likely_ignore_candidate|two_plus_pixels_ge_20m|service,450698.9592187875,5433028.766134823,EPSG:32632,1036,930,service,31.0,,,,,,0.05359470099210739,0.014171683229506016,,
road,DE03,Karlsruhe,train,likely_ignore_candidate|two_plus_pixels_ge_20m|service,450634.6820430949,5432928.909518877,EPSG:32632,1046,924,service,25.0,,,,,,0.06094810366630554,0.01618572510778904,,
road,DE03,Karlsruhe,train,manual_review_candidate|one_to_two_pixels_10_20m|tertiary,446309.54749856016,5419516.933137797,EPSG:32632,2387,491,tertiary,10.0,,,,,,0.2502395808696747,0.0607573464512825,,
road,DE03,Karlsruhe,train,manual_review_candidate|one_to_two_pixels_10_20m|tertiary,456171.686338483,5421595.70225346,EPSG:32632,2179,1478,tertiary,10.0,,,,,,0.15567760169506073,0.035915326327085495,,
road,DE03,Karlsruhe,train,manual_review_candidate|subpixel_lt_10m|tertiary,444995.2882182678,5421372.431962504,EPSG:32632,2202,360,tertiary,6.4,,,,,,0.08479861170053482,0.019158950075507164,,
road,DE03,Karlsruhe,train,manual_review_candidate|subpixel_lt_10m|tertiary,463459.93373923865,5438316.689120541,EPSG:32632,507,2206,tertiary,6.4,,,,,,0.0686522126197815,0.02173842117190361,,
road,DE03,Karlsruhe,train,manual_review_candidate|subpixel_lt_10m|tertiary_link,465620.3102087317,5439383.794517586,EPSG:32632,401,2422,tertiary_link,3.2,,,,,,0.06187351420521736,0.00632144371047616,,
road,DE03,Karlsruhe,train,manual_review_candidate|subpixel_lt_10m|tertiary_link,470913.8747531837,5442365.681981446,EPSG:32632,102,2952,tertiary_link,3.2,,,,,,0.08506840467453003,0.014403103850781918,,
road,DE03,Karlsruhe,train,retain_major_candidate|one_to_two_pixels_10_20m|trunk,448738.4962387298,5431872.942133214,EPSG:32632,1152,734,trunk,10.5,,,,,,0.7373935580253601,0.020907463505864143,,
road,DE03,Karlsruhe,train,retain_major_candidate|one_to_two_pixels_10_20m|trunk,450162.8845250589,5431856.0553922,EPSG:32632,1153,877,trunk,12.8,,,,,,0.3136541247367859,0.03619708865880966,,
road,DE03,Karlsruhe,train,retain_major_candidate|subpixel_lt_10m|trunk,451981.249718898,5427517.774723943,EPSG:32632,1587,1059,trunk,6.4,,,,,,0.1982576847076416,0.025537341833114624,,
road,DE03,Karlsruhe,train,retain_major_candidate|subpixel_lt_10m|trunk,451033.8364537287,5431447.059586689,EPSG:32632,1194,964,trunk,9.600000000000001,,,,,,0.08538361638784409,0.020333942025899887,,
road,DE03,Karlsruhe,train,retain_major_candidate|one_to_two_pixels_10_20m|trunk_link,455603.31420601514,5434170.397795761,EPSG:32632,922,1421,trunk_link,12.8,,,,,,0.11912529170513153,0.012998039834201336,,
road,DE03,Karlsruhe,train,retain_major_candidate|one_to_two_pixels_10_20m|trunk_link,453592.61432565807,5428175.197834231,EPSG:32632,1521,1220,trunk_link,12.8,,,,,,2.8701226711273193,0.03075757995247841,,
road,DE03,Karlsruhe,train,retain_major_candidate|subpixel_lt_10m|trunk_link,450273.2160961392,5431773.941257956,EPSG:32632,1162,888,trunk_link,6.4,,,,,,0.20111887156963348,0.02362995781004429,,
road,DE03,Karlsruhe,train,retain_major_candidate|subpixel_lt_10m|trunk_link,452482.9754527764,5429384.587134922,EPSG:32632,1400,1109,trunk_link,3.2,,,,,,0.08620811253786087,0.027380723506212234,,
road,DE03,Karlsruhe,train,manual_review_candidate|one_to_two_pixels_10_20m|unclassified,458222.8139797172,5437685.150781756,EPSG:32632,570,1683,unclassified,10.0,,,,,,0.07811688631772995,0.011117987334728241,,
road,DE03,Karlsruhe,train,manual_review_candidate|one_to_two_pixels_10_20m|unclassified,458242.24544335814,5437683.55890509,EPSG:32632,571,1685,unclassified,10.0,,,,,,0.0680355653166771,0.010841792449355125,,
road,DE03,Karlsruhe,train,manual_review_candidate|subpixel_lt_10m|unclassified,457119.0089332961,5428635.737660863,EPSG:32632,1475,1572,unclassified,5.4,,,,,,0.8730875849723816,0.04290485754609108,,
road,DE03,Karlsruhe,train,manual_review_candidate|subpixel_lt_10m|unclassified,468323.397445871,5418863.943786612,EPSG:32632,2453,2693,unclassified,6.0,,,,,,0.07692200690507889,0.019462618976831436,,
bare_land,DE03,Karlsruhe,train,current_v3,464906.24642737134,5413889.106587356,EPSG:32632,2950,2351,,,current_v3,1,0,1,13100,0.1548430472612381,0.023502666503190994,,
bare_land,DE03,Karlsruhe,train,current_v3,466406.24642737134,5429079.106587356,EPSG:32632,1431,2501,,,current_v3,1,0,1,13100,0.1494872272014618,0.03168632090091705,,
bare_land,DE03,Karlsruhe,train,tier1_ua_dw_new,446666.24642737134,5415209.106587356,EPSG:32632,2818,527,,,tier1_ua_dw_new,0,1,1,13100,0.037709977477788925,0.004413089249283075,,
bare_land,DE03,Karlsruhe,train,single_source_osm,458526.24642737134,5427989.106587356,EPSG:32632,1540,1713,,,single_source_osm,1,0,0,12100,0.051498472690582275,0.012827431783080101,,
bare_land,DE03,Karlsruhe,train,single_source_osm,457786.24642737134,5427599.106587356,EPSG:32632,1579,1639,,,single_source_osm,1,0,0,12230,0.0480680949985981,0.008766674436628819,,
bare_land,DE03,Karlsruhe,train,single_source_ua,450146.24642737134,5417969.106587356,EPSG:32632,2542,875,,,single_source_ua,0,0,1,13100,1.0541630983352661,0.1256655901670456,,
bare_land,DE03,Karlsruhe,train,single_source_ua,455306.24642737134,5434479.106587356,EPSG:32632,891,1391,,,single_source_ua,0,0,1,13100,0.11272754520177841,0.015416734851896763,,
bare_land,DE03,Karlsruhe,train,proposed_osm_conflict,446666.24642737134,5415209.106587356,EPSG:32632,2818,527,,,proposed_osm_conflict,0,1,1,13100,0.037709977477788925,0.004413089249283075,,
road,DE04,Stuttgart,train,likely_ignore_candidate|one_to_two_pixels_10_20m|living_street,522384.18046051415,5398797.934256688,EPSG:32632,1875,2394,living_street,10.0,,,,,,0.12942494451999664,0.05098762735724449,,
road,DE04,Stuttgart,train,likely_ignore_candidate|one_to_two_pixels_10_20m|living_street,512873.67255771905,5402751.888805002,EPSG:32632,1479,1443,living_street,12.0,,,,,,1.9904940128326416,0.3718900680541992,,
road,DE04,Stuttgart,train,likely_ignore_candidate|subpixel_lt_10m|living_street,520799.3898980503,5396940.822720155,EPSG:32632,2060,2236,living_street,6.0,,,,,,0.15686973929405212,0.051367297768592834,,
road,DE04,Stuttgart,train,likely_ignore_candidate|subpixel_lt_10m|living_street,503519.5355454539,5409447.361708669,EPSG:32632,810,508,living_street,6.0,,,,,,0.3120117783546448,0.06843790411949158,,
road,DE04,Stuttgart,train,retain_major_candidate|one_to_two_pixels_10_20m|motorway,511148.307444702,5395035.781452299,EPSG:32632,2251,1271,motorway,11.8,,,,,,0.1682436764240265,0.014371649362146854,,
road,DE04,Stuttgart,train,retain_major_candidate|one_to_two_pixels_10_20m|motorway,503313.52138899843,5397866.501915734,EPSG:32632,1968,487,motorway,15.0,,,,,,0.056582849472761154,0.008547712117433548,,
road,DE04,Stuttgart,train,retain_major_candidate|subpixel_lt_10m|motorway,498507.14856587804,5392543.747501868,EPSG:32632,2500,6,motorway,6.4,,,,,,0.09108852595090866,0.029749104753136635,,
road,DE04,Stuttgart,train,retain_major_candidate|subpixel_lt_10m|motorway,521548.96789316233,5393488.033634555,EPSG:32632,2406,2311,motorway,9.600000000000001,,,,,,0.0580550879240036,0.005886849015951157,,
road,DE04,Stuttgart,train,retain_major_candidate|one_to_two_pixels_10_20m|motorway_link,499888.29819296114,5393058.228391735,EPSG:32632,2449,145,motorway_link,10.0,,,,,,0.0961167961359024,0.01077463198453188,,
road,DE04,Stuttgart,train,retain_major_candidate|one_to_two_pixels_10_20m|motorway_link,499898.2375410428,5393080.5100760255,EPSG:32632,2446,146,motorway_link,10.0,,,,,,0.05897877365350723,0.011314686387777328,,
road,DE04,Stuttgart,train,retain_major_candidate|subpixel_lt_10m|motorway_link,505004.90239742334,5397172.783517674,EPSG:32632,2037,656,motorway_link,6.4,,,,,,0.07825016230344772,0.005628535058349371,,
road,DE04,Stuttgart,train,retain_major_candidate|subpixel_lt_10m|motorway_link,511025.81472159777,5395080.814638009,EPSG:32632,2246,1258,motorway_link,7.0,,,,,,0.1081651821732521,0.021664071828126907,,
road,DE04,Stuttgart,train,likely_ignore_candidate|one_to_two_pixels_10_20m|pedestrian,527891.4546726113,5391046.074660644,EPSG:32632,2650,2945,pedestrian,10.0,,,,,,0.5954558849334717,0.061565086245536804,,
road,DE04,Stuttgart,train,likely_ignore_candidate|one_to_two_pixels_10_20m|pedestrian,513210.36340079125,5406367.472034285,EPSG:32632,1118,1477,pedestrian,15.0,,,,,,0.20323766767978668,0.009711509570479393,,
road,DE04,Stuttgart,train,likely_ignore_candidate|subpixel_lt_10m|pedestrian,522698.0056244391,5398620.6929902285,EPSG:32632,1892,2426,pedestrian,5.0,,,,,,0.567051112651825,0.28864866495132446,,
road,DE04,Stuttgart,train,likely_ignore_candidate|subpixel_lt_10m|pedestrian,513500.40785779885,5404061.582373598,EPSG:32632,1348,1506,pedestrian,5.0,,,,,,0.6569944024085999,0.13324813544750214,,
road,DE04,Stuttgart,train,likely_ignore_candidate|two_plus_pixels_ge_20m|pedestrian,513175.67519473063,5402964.904569607,EPSG:32632,1458,1473,pedestrian,25.0,,,,,,0.26144173741340637,0.12109990417957306,,
road,DE04,Stuttgart,train,likely_ignore_candidate|two_plus_pixels_ge_20m|pedestrian,513348.8525024563,5403259.870919045,EPSG:32632,1428,1491,pedestrian,25.0,,,,,,1.6795064210891724,0.2580454349517822,,
road,DE04,Stuttgart,train,retain_major_candidate|one_to_two_pixels_10_20m|primary,512173.18316410563,5399430.149771122,EPSG:32632,1811,1373,primary,12.8,,,,,,0.23845969140529633,0.047934602946043015,,
road,DE04,Stuttgart,train,retain_major_candidate|one_to_two_pixels_10_20m|primary,500700.1759992662,5394582.516347919,EPSG:32632,2296,226,primary,12.8,,,,,,0.07760780304670334,0.02376263588666916,,
road,DE04,Stuttgart,train,retain_major_candidate|subpixel_lt_10m|primary,512815.85398740834,5417004.832516228,EPSG:32632,54,1437,primary,6.4,,,,,,0.1295941025018692,0.020650900900363922,,
road,DE04,Stuttgart,train,retain_major_candidate|subpixel_lt_10m|primary,501136.06265460013,5417105.673212292,EPSG:32632,44,269,primary,3.2,,,,,,0.11469130218029022,0.03227559104561806,,
road,DE04,Stuttgart,train,retain_major_candidate|one_to_two_pixels_10_20m|primary_link,513452.4105766319,5402622.807549525,EPSG:32632,1492,1501,primary_link,12.8,,,,,,0.0767369493842125,0.016173280775547028,,
road,DE04,Stuttgart,train,retain_major_candidate|one_to_two_pixels_10_20m|primary_link,513463.7990878852,5402648.47433139,EPSG:32632,1490,1502,primary_link,12.8,,,,,,0.07204058766365051,0.013512827455997467,,
road,DE04,Stuttgart,train,retain_major_candidate|subpixel_lt_10m|primary_link,513814.5401516069,5403413.898547957,EPSG:32632,1413,1537,primary_link,6.4,,,,,,0.16614410281181335,0.014540238305926323,,
road,DE04,Stuttgart,train,retain_major_candidate|subpixel_lt_10m|primary_link,513824.6142037546,5403436.561499924,EPSG:32632,1411,1538,primary_link,3.2,,,,,,0.08433718979358673,0.011264413595199585,,
road,DE04,Stuttgart,train,manual_review_candidate|one_to_two_pixels_10_20m|residential,515953.7566710346,5405132.384559587,EPSG:32632,1241,1751,residential,10.5,,,,,,0.23482269048690796,0.07309389114379883,,
road,DE04,Stuttgart,train,manual_review_candidate|one_to_two_pixels_10_20m|residential,512537.48736686585,5401749.650687423,EPSG:32632,1579,1409,residential,11.0,,,,,,0.23005008697509766,0.04413234069943428,,
road,DE04,Stuttgart,train,manual_review_candidate|subpixel_lt_10m|residential,516844.86850319937,5415459.47569728,EPSG:32632,208,1840,residential,8.0,,,,,,0.29562830924987793,0.06633779406547546,,
road,DE04,Stuttgart,train,manual_review_candidate|subpixel_lt_10m|residential,506309.67769940256,5411022.131158529,EPSG:32632,652,787,residential,8.0,,,,,,0.2553006708621979,0.042454447597265244,,
road,DE04,Stuttgart,train,manual_review_candidate|two_plus_pixels_ge_20m|residential,503414.68267611647,5390628.177823069,EPSG:32632,2692,497,residential,20.3,,,,,,0.17019331455230713,0.03134852647781372,,
road,DE04,Stuttgart,train,manual_review_candidate|two_plus_pixels_ge_20m|residential,511670.300623183,5396853.300278781,EPSG:32632,2069,1323,residential,20.5,,,,,,0.1695432811975479,0.029863962903618813,,
road,DE04,Stuttgart,train,retain_major_candidate|one_to_two_pixels_10_20m|secondary,517911.6690887988,5400141.828731686,EPSG:32632,1740,1947,secondary,11.0,,,,,,0.173811137676239,0.03254317119717598,,
road,DE04,Stuttgart,train,retain_major_candidate|one_to_two_pixels_10_20m|secondary,524205.19552300253,5393573.287902666,EPSG:32632,2397,2576,secondary,12.0,,,,,,0.15645462274551392,0.026105636730790138,,
road,DE04,Stuttgart,train,retain_major_candidate|subpixel_lt_10m|secondary,523362.4791019041,5407887.254320297,EPSG:32632,966,2492,secondary,6.4,,,,,,0.19036707282066345,0.044391851872205734,,
road,DE04,Stuttgart,train,retain_major_candidate|subpixel_lt_10m|secondary,523735.1915474824,5408914.132430404,EPSG:32632,863,2529,secondary,3.2,,,,,,0.10425721853971481,0.02551667019724846,,
road,DE04,Stuttgart,train,retain_major_candidate|two_plus_pixels_ge_20m|secondary,522226.1570330933,5396463.334118903,EPSG:32632,2108,2378,secondary,22.400000000000002,,,,,,0.05726167559623718,0.011748356744647026,,
road,DE04,Stuttgart,train,retain_major_candidate|two_plus_pixels_ge_20m|secondary,522231.2019393403,5396457.951673629,EPSG:32632,2109,2379,secondary,22.400000000000002,,,,,,0.05304388329386711,0.012384246103465557,,
road,DE04,Stuttgart,train,retain_major_candidate|one_to_two_pixels_10_20m|secondary_link,512610.71017818653,5402472.5194469895,EPSG:32632,1507,1417,secondary_link,12.8,,,,,,0.28658729791641235,0.08346325904130936,,
road,DE04,Stuttgart,train,retain_major_candidate|one_to_two_pixels_10_20m|secondary_link,513393.5790324905,5404373.784625131,EPSG:32632,1317,1495,secondary_link,10.0,,,,,,1.3278194665908813,0.04746418818831444,,
road,DE04,Stuttgart,train,retain_major_candidate|subpixel_lt_10m|secondary_link,505482.4303594209,5407813.221715726,EPSG:32632,973,704,secondary_link,3.2,,,,,,0.13058064877986908,0.019978588446974754,,
road,DE04,Stuttgart,train,retain_major_candidate|subpixel_lt_10m|secondary_link,512277.08745115245,5393973.681037774,EPSG:32632,2357,1383,secondary_link,3.2,,,,,,0.18020428717136383,0.04222291707992554,,
road,DE04,Stuttgart,train,likely_ignore_candidate|one_to_two_pixels_10_20m|service,518172.13048134884,5411456.565928392,EPSG:32632,609,1973,service,10.0,,,,,,0.3796387016773224,0.051019538193941116,,
road,DE04,Stuttgart,train,likely_ignore_candidate|one_to_two_pixels_10_20m|service,518168.9620885503,5411448.524050222,EPSG:32632,610,1973,service,10.0,,,,,,0.5126797556877136,0.05091844126582146,,
road,DE04,Stuttgart,train,likely_ignore_candidate|subpixel_lt_10m|service,520688.7594225277,5407537.233191172,EPSG:32632,1001,2225,service,5.0,,,,,,0.15407928824424744,0.03887724131345749,,
road,DE04,Stuttgart,train,likely_ignore_candidate|subpixel_lt_10m|service,502073.8135715205,5393596.032296071,EPSG:32632,2395,363,service,5.0,,,,,,0.1179521232843399,0.038903869688510895,,
road,DE04,Stuttgart,train,likely_ignore_candidate|two_plus_pixels_ge_20m|service,511357.69874544,5415449.662545925,EPSG:32632,209,1291,service,23.0,,,,,,0.46802207827568054,0.02396506629884243,,
road,DE04,Stuttgart,train,likely_ignore_candidate|two_plus_pixels_ge_20m|service,511357.9177208482,5415435.728639144,EPSG:32632,211,1292,service,23.0,,,,,,0.28685325384140015,0.023282490670681,,
road,DE04,Stuttgart,train,manual_review_candidate|one_to_two_pixels_10_20m|tertiary,521829.7864612923,5415910.567600421,EPSG:32632,163,2339,tertiary,10.0,,,,,,0.1797383576631546,0.03557637333869934,,
road,DE04,Stuttgart,train,manual_review_candidate|one_to_two_pixels_10_20m|tertiary,512036.5861009517,5396138.524619978,EPSG:32632,2141,1359,tertiary,10.0,,,,,,0.0651974305510521,0.021788842976093292,,
road,DE04,Stuttgart,train,manual_review_candidate|subpixel_lt_10m|tertiary,526525.8098069857,5396890.801075323,EPSG:32632,2065,2808,tertiary,6.4,,,,,,0.7170567512512207,0.033405791968107224,,
road,DE04,Stuttgart,train,manual_review_candidate|subpixel_lt_10m|tertiary,520277.8101939738,5406281.936456008,EPSG:32632,1126,2184,tertiary,6.4,,,,,,0.21375781297683716,0.04215952381491661,,
road,DE04,Stuttgart,train,manual_review_candidate|one_to_two_pixels_10_20m|tertiary_link,513128.47390291706,5402214.753927134,EPSG:32632,1533,1469,tertiary_link,16.0,,,,,,0.5057717561721802,0.059116411954164505,,
road,DE04,Stuttgart,train,manual_review_candidate|one_to_two_pixels_10_20m|tertiary_link,513135.3911288187,5402224.335594065,EPSG:32632,1532,1469,tertiary_link,16.0,,,,,,0.4352474808692932,0.11287105828523636,,
road,DE04,Stuttgart,train,manual_review_candidate|subpixel_lt_10m|tertiary_link,516701.0242190632,5390033.90605131,EPSG:32632,2751,1826,tertiary_link,5.5,,,,,,0.04195979982614517,0.007675888482481241,,
road,DE04,Stuttgart,train,manual_review_candidate|subpixel_lt_10m|tertiary_link,523680.49079276214,5408789.685857758,EPSG:32632,875,2524,tertiary_link,6.0,,,,,,0.06925057619810104,0.014520619064569473,,
road,DE04,Stuttgart,train,retain_major_candidate|one_to_two_pixels_10_20m|trunk,512358.6922394023,5393946.409222057,EPSG:32632,2360,1392,trunk,12.8,,,,,,0.10350891947746277,0.03806334361433983,,
road,DE04,Stuttgart,train,retain_major_candidate|one_to_two_pixels_10_20m|trunk,526751.2577592909,5412193.761176472,EPSG:32632,535,2831,trunk,11.2,,,,,,0.027695290744304657,0.005169380456209183,,
road,DE04,Stuttgart,train,retain_major_candidate|subpixel_lt_10m|trunk,508921.8723482278,5410854.49369763,EPSG:32632,669,1048,trunk,6.4,,,,,,0.06400581449270248,0.00901885237544775,,
road,DE04,Stuttgart,train,retain_major_candidate|subpixel_lt_10m|trunk,527978.3712128374,5395934.895903472,EPSG:32632,2161,2954,trunk,6.4,,,,,,0.09538181126117706,0.012840974144637585,,
road,DE04,Stuttgart,train,retain_major_candidate|one_to_two_pixels_10_20m|trunk_link,521547.44129139883,5407355.263750404,EPSG:32632,1019,2310,trunk_link,15.0,,,,,,0.04607367888092995,0.012426789849996567,,
road,DE04,Stuttgart,train,retain_major_candidate|one_to_two_pixels_10_20m|trunk_link,521554.447955015,5407341.984534473,EPSG:32632,1020,2311,trunk_link,15.0,,,,,,0.05218711867928505,0.010293838568031788,,
road,DE04,Stuttgart,train,retain_major_candidate|subpixel_lt_10m|trunk_link,508417.5820218653,5398399.693286096,EPSG:32632,1914,997,trunk_link,6.4,,,,,,0.09529273957014084,0.027043171226978302,,
road,DE04,Stuttgart,train,retain_major_candidate|subpixel_lt_10m|trunk_link,512225.9327499262,5394301.179850624,EPSG:32632,2324,1378,trunk_link,5.0,,,,,,0.24729707837104797,0.010028259828686714,,
road,DE04,Stuttgart,train,manual_review_candidate|one_to_two_pixels_10_20m|unclassified,518333.61238294037,5407317.883853929,EPSG:32632,1023,1989,unclassified,10.0,,,,,,0.10719770193099976,0.042125120759010315,,
road,DE04,Stuttgart,train,manual_review_candidate|one_to_two_pixels_10_20m|unclassified,512842.0243651351,5406843.443688106,EPSG:32632,1070,1440,unclassified,10.5,,,,,,0.10728204250335693,0.024596337229013443,,
road,DE04,Stuttgart,train,manual_review_candidate|subpixel_lt_10m|unclassified,499010.18266805523,5395081.121720696,EPSG:32632,2246,57,unclassified,6.4,,,,,,0.09648992121219635,0.021741162985563278,,
road,DE04,Stuttgart,train,manual_review_candidate|subpixel_lt_10m|unclassified,511678.180551552,5407406.54482892,EPSG:32632,1014,1324,unclassified,5.0,,,,,,0.10173258185386658,0.017474643886089325,,
road,DE04,Stuttgart,train,manual_review_candidate|two_plus_pixels_ge_20m|unclassified,517145.2814335574,5403725.274064627,EPSG:32632,1382,1870,unclassified,22.400000000000002,,,,,,0.09479677677154541,0.017612945288419724,,
road,DE04,Stuttgart,train,manual_review_candidate|two_plus_pixels_ge_20m|unclassified,517151.9968079169,5403737.950447088,EPSG:32632,1381,1871,unclassified,22.400000000000002,,,,,,0.07223960757255554,0.01635814644396305,,
bare_land,DE04,Stuttgart,train,current_v3,504182.70616791205,5415014.149969402,EPSG:32632,253,574,,,current_v3,1,0,1,13100,0.06687459349632263,0.01285974495112896,,
bare_land,DE04,Stuttgart,train,current_v3,503052.70616791205,5416014.149969402,EPSG:32632,153,461,,,current_v3,1,0,1,13100,0.07108238339424133,0.008662713691592216,,
bare_land,DE04,Stuttgart,train,single_source_osm,505722.70616791205,5408904.149969402,EPSG:32632,864,728,,,single_source_osm,1,0,0,21000,0.0923474058508873,0.021630296483635902,,
bare_land,DE04,Stuttgart,train,single_source_osm,510102.70616791205,5388164.149969402,EPSG:32632,2938,1166,,,single_source_osm,1,0,0,14200,0.029536811634898186,0.009470086544752121,,
bare_land,DE04,Stuttgart,train,single_source_ua,503962.70616791205,5389924.149969402,EPSG:32632,2762,552,,,single_source_ua,0,0,1,13300,0.17279328405857086,0.07583240419626236,,
bare_land,DE04,Stuttgart,train,single_source_ua,512132.70616791205,5399454.149969402,EPSG:32632,1809,1369,,,single_source_ua,0,0,1,13300,6.145933151245117,0.8223971128463745,,
road,DE05,Munich,train,likely_ignore_candidate|one_to_two_pixels_10_20m|living_street,694662.4230396134,5337281.860800318,EPSG:32632,1225,1756,living_street,10.5,,,,,,0.15890152752399445,0.07437462359666824,,
road,DE05,Munich,train,likely_ignore_candidate|one_to_two_pixels_10_20m|living_street,694665.7319101812,5337287.547891989,EPSG:32632,1225,1757,living_street,10.5,,,,,,0.19202034175395966,0.09397034347057343,,
road,DE05,Munich,train,likely_ignore_candidate|subpixel_lt_10m|living_street,683351.1243784351,5329060.2311540395,EPSG:32632,2048,625,living_street,6.0,,,,,,0.5751276016235352,0.09247761964797974,,
road,DE05,Munich,train,likely_ignore_candidate|subpixel_lt_10m|living_street,681719.6776823505,5348405.549936685,EPSG:32632,113,462,living_street,6.0,,,,,,0.3244103193283081,0.1457807421684265,,
road,DE05,Munich,train,retain_major_candidate|one_to_two_pixels_10_20m|motorway,694636.3966709715,5331761.962311942,EPSG:32632,1777,1754,motorway,12.8,,,,,,0.05786461755633354,0.008827468380331993,,
road,DE05,Munich,train,retain_major_candidate|one_to_two_pixels_10_20m|motorway,699799.0642798519,5324231.524316605,EPSG:32632,2530,2270,motorway,12.8,,,,,,0.05633256956934929,0.02445126697421074,,
road,DE05,Munich,train,retain_major_candidate|subpixel_lt_10m|motorway,684119.9370742539,5325953.415374963,EPSG:32632,2358,702,motorway,9.600000000000001,,,,,,0.05492372438311577,0.013146476820111275,,
road,DE05,Munich,train,retain_major_candidate|subpixel_lt_10m|motorway,697178.5273005208,5335186.257481722,EPSG:32632,1435,2008,motorway,6.4,,,,,,0.06292814016342163,0.022292103618383408,,
road,DE05,Munich,train,retain_major_candidate|two_plus_pixels_ge_20m|motorway,703366.5517025876,5339112.319019327,EPSG:32632,1042,2627,motorway,22.400000000000002,,,,,,0.030994795262813568,0.00791094172745943,,
road,DE05,Munich,train,retain_major_candidate|two_plus_pixels_ge_20m|motorway,703151.0321535111,5339395.369318465,EPSG:32632,1014,2605,motorway,22.400000000000002,,,,,,0.0355757400393486,0.004367575980722904,,
road,DE05,Munich,train,retain_major_candidate|one_to_two_pixels_10_20m|motorway_link,684707.0488466305,5342662.719699792,EPSG:32632,687,761,motorway_link,12.8,,,,,,0.0926690474152565,0.011172840371727943,,
road,DE05,Munich,train,retain_major_candidate|one_to_two_pixels_10_20m|motorway_link,700263.7842420213,5335394.11075155,EPSG:32632,1414,2316,motorway_link,12.8,,,,,,0.15485945343971252,0.062312718480825424,,
road,DE05,Munich,train,retain_major_candidate|subpixel_lt_10m|motorway_link,699669.9568342555,5324359.58482633,EPSG:32632,2518,2257,motorway_link,3.2,,,,,,0.0822506919503212,0.012940769083797932,,
road,DE05,Munich,train,retain_major_candidate|subpixel_lt_10m|motorway_link,701603.6493569036,5335557.403527525,EPSG:32632,1398,2450,motorway_link,3.2,,,,,,0.08704815059900284,0.0207013338804245,,
road,DE05,Munich,train,likely_ignore_candidate|one_to_two_pixels_10_20m|pedestrian,689069.864085074,5334125.8295448115,EPSG:32632,1541,1197,pedestrian,12.0,,,,,,0.15881788730621338,0.04070539399981499,,
road,DE05,Munich,train,likely_ignore_candidate|one_to_two_pixels_10_20m|pedestrian,689130.7630219397,5334122.841836544,EPSG:32632,1541,1203,pedestrian,12.0,,,,,,0.200334370136261,0.0548117533326149,,
road,DE05,Munich,train,likely_ignore_candidate|subpixel_lt_10m|pedestrian,692678.6819615059,5340278.730025516,EPSG:32632,926,1558,pedestrian,5.0,,,,,,0.37228721380233765,0.052041128277778625,,
road,DE05,Munich,train,likely_ignore_candidate|subpixel_lt_10m|pedestrian,684716.0617879936,5329301.021340003,EPSG:32632,2023,762,pedestrian,5.0,,,,,,0.08364992588758469,0.01807359978556633,,
road,DE05,Munich,train,retain_major_candidate|one_to_two_pixels_10_20m|primary,701430.2008415004,5335810.891078264,EPSG:32632,1372,2433,primary,12.8,,,,,,0.10549374669790268,0.022319406270980835,,
road,DE05,Munich,train,retain_major_candidate|one_to_two_pixels_10_20m|primary,699749.9911875366,5332947.881691772,EPSG:32632,1659,2265,primary,12.8,,,,,,0.09078988432884216,0.04146009311079979,,
road,DE05,Munich,train,retain_major_candidate|subpixel_lt_10m|primary,705042.7843079683,5331319.9993898645,EPSG:32632,1822,2794,primary,6.4,,,,,,0.06956034898757935,0.018005043268203735,,
road,DE05,Munich,train,retain_major_candidate|subpixel_lt_10m|primary,687162.5922030992,5336186.4550145995,EPSG:32632,1335,1006,primary,6.4,,,,,,0.10561523586511612,0.013714800588786602,,
road,DE05,Munich,train,retain_major_candidate|one_to_two_pixels_10_20m|primary_link,688561.3194930936,5334914.593225708,EPSG:32632,1462,1146,primary_link,12.8,,,,,,3.5086135864257812,0.07136360555887222,,
road,DE05,Munich,train,retain_major_candidate|one_to_two_pixels_10_20m|primary_link,688560.2423707066,5334952.796936499,EPSG:32632,1458,1146,primary_link,12.8,,,,,,0.5509028434753418,0.03489517793059349,,
road,DE05,Munich,train,retain_major_candidate|subpixel_lt_10m|primary_link,703100.9348017224,5337816.665824617,EPSG:32632,1172,2600,primary_link,3.2,,,,,,0.1976906657218933,0.019638771191239357,,
road,DE05,Munich,train,retain_major_candidate|subpixel_lt_10m|primary_link,695258.7496883455,5347351.399112588,EPSG:32632,218,1816,primary_link,3.2,,,,,,0.1756061464548111,0.017837954685091972,,
road,DE05,Munich,train,manual_review_candidate|one_to_two_pixels_10_20m|residential,689416.4580397177,5334524.418805674,EPSG:32632,1501,1232,residential,12.0,,,,,,0.4773556888103485,0.125447079539299,,
road,DE05,Munich,train,manual_review_candidate|one_to_two_pixels_10_20m|residential,690730.349337373,5334382.959499506,EPSG:32632,1515,1363,residential,10.3,,,,,,0.7614666223526001,0.07551725953817368,,
road,DE05,Munich,train,manual_review_candidate|subpixel_lt_10m|residential,677208.600748264,5340570.353709439,EPSG:32632,897,11,residential,3.2,,,,,,0.09373115003108978,0.01864183321595192,,
road,DE05,Munich,train,manual_review_candidate|subpixel_lt_10m|residential,691198.4077082735,5340873.040964113,EPSG:32632,866,1410,residential,9.600000000000001,,,,,,0.41284698247909546,0.021497802808880806,,
road,DE05,Munich,train,retain_major_candidate|one_to_two_pixels_10_20m|secondary,693268.8785212233,5330941.610024112,EPSG:32632,1859,1617,secondary,12.8,,,,,,0.09187043458223343,0.02182355709373951,,
road,DE05,Munich,train,retain_major_candidate|one_to_two_pixels_10_20m|secondary,692682.9014450114,5341965.718839373,EPSG:32632,757,1558,secondary,12.8,,,,,,0.12179001420736313,0.020524578168988228,,
road,DE05,Munich,train,retain_major_candidate|subpixel_lt_10m|secondary,694180.8399707687,5334605.904132875,EPSG:32632,1493,1708,secondary,6.4,,,,,,0.420581579208374,0.07418350130319595,,
road,DE05,Munich,train,retain_major_candidate|subpixel_lt_10m|secondary,685836.1782591844,5328649.193234671,EPSG:32632,2089,874,secondary,6.4,,,,,,0.2570341229438782,0.08543824404478073,,
road,DE05,Munich,train,retain_major_candidate|two_plus_pixels_ge_20m|secondary,691858.6202812485,5335798.318810578,EPSG:32632,1374,1476,secondary,22.400000000000002,,,,,,0.3013879060745239,0.0717737078666687,,
road,DE05,Munich,train,retain_major_candidate|two_plus_pixels_ge_20m|secondary,691827.8106873166,5335683.853943894,EPSG:32632,1385,1473,secondary,22.400000000000002,,,,,,0.3120448589324951,0.08324731886386871,,
road,DE05,Munich,train,retain_major_candidate|one_to_two_pixels_10_20m|secondary_link,687891.6731508039,5330305.574192642,EPSG:32632,1923,1079,secondary_link,12.8,,,,,,0.2750140428543091,0.024317940697073936,,
road,DE05,Munich,train,retain_major_candidate|subpixel_lt_10m|secondary_link,698901.8003455984,5346155.501599542,EPSG:32632,338,2180,secondary_link,3.2,,,,,,0.07041352987289429,0.019491292536258698,,
road,DE05,Munich,train,retain_major_candidate|subpixel_lt_10m|secondary_link,689014.825600113,5331986.311202961,EPSG:32632,1755,1191,secondary_link,3.2,,,,,,0.08239374309778214,0.0214886162430048,,
road,DE05,Munich,train,likely_ignore_candidate|one_to_two_pixels_10_20m|service,688071.2863244065,5334392.917701604,EPSG:32632,1514,1097,service,10.0,,,,,,0.14750385284423828,0.03977837786078453,,
road,DE05,Munich,train,likely_ignore_candidate|one_to_two_pixels_10_20m|service,687926.4467462939,5330240.506689543,EPSG:32632,1930,1083,service,10.0,,,,,,0.22598892450332642,0.017884498462080956,,
road,DE05,Munich,train,likely_ignore_candidate|subpixel_lt_10m|service,689346.793657969,5347126.620567923,EPSG:32632,241,1225,service,5.0,,,,,,0.1434151828289032,0.019011622294783592,,
road,DE05,Munich,train,likely_ignore_candidate|subpixel_lt_10m|service,688360.5805092095,5323926.283695331,EPSG:32632,2561,1126,service,5.0,,,,,,0.1612713634967804,0.020535994321107864,,
road,DE05,Munich,train,likely_ignore_candidate|two_plus_pixels_ge_20m|service,687689.0641579062,5335933.578042047,EPSG:32632,1360,1059,service,25.0,,,,,,0.43476617336273193,0.16008105874061584,,
road,DE05,Munich,train,likely_ignore_candidate|two_plus_pixels_ge_20m|service,688048.9398752097,5334240.016965876,EPSG:32632,1530,1095,service,20.0,,,,,,0.4435858726501465,0.17732106149196625,,
road,DE05,Munich,train,manual_review_candidate|one_to_two_pixels_10_20m|tertiary,692961.6805966632,5339915.314248758,EPSG:32632,962,1586,tertiary,12.8,,,,,,0.3094503879547119,0.10845866799354553,,
road,DE05,Munich,train,manual_review_candidate|one_to_two_pixels_10_20m|tertiary,704787.83044241,5338552.47272842,EPSG:32632,1098,2769,tertiary,10.0,,,,,,0.07379832863807678,0.027717091143131256,,
road,DE05,Munich,train,manual_review_candidate|subpixel_lt_10m|tertiary,701564.6365670548,5324811.754557534,EPSG:32632,2472,2446,tertiary,6.4,,,,,,0.16410279273986816,0.01906771957874298,,
road,DE05,Munich,train,manual_review_candidate|subpixel_lt_10m|tertiary,701269.6069764835,5331499.840069726,EPSG:32632,1804,2417,tertiary,6.4,,,,,,0.08665069937705994,0.03215407207608223,,
road,DE05,Munich,train,manual_review_candidate|subpixel_lt_10m|tertiary_link,697176.0468132813,5339958.618125254,EPSG:32632,958,2008,tertiary_link,6.0,,,,,,0.053606003522872925,0.011368853971362114,,
road,DE05,Munich,train,manual_review_candidate|subpixel_lt_10m|tertiary_link,683128.6135946813,5328855.929811113,EPSG:32632,2068,603,tertiary_link,6.0,,,,,,0.04157870635390282,0.005513590760529041,,
road,DE05,Munich,train,retain_major_candidate|one_to_two_pixels_10_20m|trunk,692025.2227687674,5331486.199683815,EPSG:32632,1805,1493,trunk,12.0,,,,,,0.24117572605609894,0.02220052108168602,,
road,DE05,Munich,train,retain_major_candidate|one_to_two_pixels_10_20m|trunk,690433.8178483802,5331954.357356958,EPSG:32632,1758,1333,trunk,12.8,,,,,,0.06157287582755089,0.026349687948822975,,
road,DE05,Munich,train,retain_major_candidate|subpixel_lt_10m|trunk,700085.7148329164,5340909.785574431,EPSG:32632,863,2299,trunk,9.600000000000001,,,,,,0.05816810205578804,0.012066365219652653,,
road,DE05,Munich,train,retain_major_candidate|subpixel_lt_10m|trunk,688657.7845100776,5335763.795148425,EPSG:32632,1377,1156,trunk,9.600000000000001,,,,,,0.26221606135368347,0.024956610053777695,,
road,DE05,Munich,train,retain_major_candidate|one_to_two_pixels_10_20m|trunk_link,688138.0329077282,5333839.673596092,EPSG:32632,1570,1104,trunk_link,12.8,,,,,,0.06838702410459518,0.02684975042939186,,
road,DE05,Munich,train,retain_major_candidate|one_to_two_pixels_10_20m|trunk_link,688507.0527771309,5334987.419172108,EPSG:32632,1455,1141,trunk_link,16.0,,,,,,0.23082467913627625,0.0247561726719141,,
road,DE05,Munich,train,retain_major_candidate|subpixel_lt_10m|trunk_link,692453.9000334917,5339240.83573753,EPSG:32632,1029,1535,trunk_link,6.4,,,,,,0.2915264964103699,0.11581007391214371,,
road,DE05,Munich,train,retain_major_candidate|subpixel_lt_10m|trunk_link,697351.4291137361,5331327.354444073,EPSG:32632,1821,2025,trunk_link,3.2,,,,,,0.06061762571334839,0.004065502900630236,,
road,DE05,Munich,train,manual_review_candidate|one_to_two_pixels_10_20m|unclassified,698236.8383350867,5334550.051046573,EPSG:32632,1499,2114,unclassified,10.9,,,,,,0.12324342131614685,0.0641217976808548,,
road,DE05,Munich,train,manual_review_candidate|one_to_two_pixels_10_20m|unclassified,698384.6849744398,5334460.603650583,EPSG:32632,1508,2128,unclassified,10.9,,,,,,0.27269992232322693,0.04200509563088417,,
road,DE05,Munich,train,manual_review_candidate|subpixel_lt_10m|unclassified,696878.4711416609,5329268.317464848,EPSG:32632,2027,1978,unclassified,6.4,,,,,,0.3760332465171814,0.03904994949698448,,
road,DE05,Munich,train,manual_review_candidate|subpixel_lt_10m|unclassified,697499.9223866636,5325645.850858858,EPSG:32632,2389,2040,unclassified,6.4,,,,,,0.08120579272508621,0.006622216198593378,,
bare_land,DE05,Munich,train,current_v3,694470.145199985,5322265.636082032,EPSG:32632,2727,1737,,,current_v3,1,0,1,13100,0.05761156231164932,0.01641031727194786,,
bare_land,DE05,Munich,train,current_v3,699840.145199985,5337985.636082032,EPSG:32632,1155,2274,,,current_v3,1,0,1,13100,0.09465213865041733,0.012574752792716026,,
bare_land,DE05,Munich,train,tier2_osm_dw_new,681260.145199985,5329175.636082032,EPSG:32632,2036,416,,,tier2_osm_dw_new,1,1,0,12220,0.09011184424161911,0.009497207589447498,,
bare_land,DE05,Munich,train,tier2_osm_dw_new,681270.145199985,5329175.636082032,EPSG:32632,2036,417,,,tier2_osm_dw_new,1,1,0,12220,0.07491496950387955,0.008952759206295013,,
bare_land,DE05,Munich,train,single_source_osm,704120.145199985,5327865.636082032,EPSG:32632,2167,2702,,,single_source_osm,1,0,0,13400,0.044583484530448914,0.009595529176294804,,
bare_land,DE05,Munich,train,single_source_osm,699930.145199985,5322935.636082032,EPSG:32632,2660,2283,,,single_source_osm,1,0,0,21000,0.07977504283189774,0.013422028161585331,,
bare_land,DE05,Munich,train,single_source_ua,706550.145199985,5337125.636082032,EPSG:32632,1241,2945,,,single_source_ua,0,0,1,13300,0.4041250944137573,0.04235212877392769,,
bare_land,DE05,Munich,train,single_source_ua,703770.145199985,5337875.636082032,EPSG:32632,1166,2667,,,single_source_ua,0,0,1,13300,3.2687172889709473,0.06997616589069366,,
road,DE06,Nuremberg,train,likely_ignore_candidate|one_to_two_pixels_10_20m|living_street,650346.1856671721,5479933.362854107,EPSG:32632,1485,1483,living_street,10.0,,,,,,2.712944984436035,0.14774858951568604,,
road,DE06,Nuremberg,train,likely_ignore_candidate|subpixel_lt_10m|living_street,652137.656379834,5482056.864651787,EPSG:32632,1273,1662,living_street,5.0,,,,,,0.1973542720079422,0.03599316626787186,,
road,DE06,Nuremberg,train,likely_ignore_candidate|subpixel_lt_10m|living_street,652067.5853021792,5480845.318416152,EPSG:32632,1394,1655,living_street,6.8,,,,,,0.23311056196689606,0.06840971112251282,,
road,DE06,Nuremberg,train,retain_major_candidate|one_to_two_pixels_10_20m|motorway,661455.3293295612,5481524.044102209,EPSG:32632,1326,2594,motorway,12.8,,,,,,0.027807336300611496,0.0030821217224001884,,
road,DE06,Nuremberg,train,retain_major_candidate|one_to_two_pixels_10_20m|motorway,648610.2818185042,5465182.454984125,EPSG:32632,2960,1309,motorway,12.8,,,,,,0.08148331195116043,0.032756250351667404,,
road,DE06,Nuremberg,train,retain_major_candidate|subpixel_lt_10m|motorway,643745.2497318238,5493444.263283508,EPSG:32632,134,823,motorway,9.600000000000001,,,,,,0.15162725746631622,0.01896422542631626,,
road,DE06,Nuremberg,train,retain_major_candidate|subpixel_lt_10m|motorway,657497.3675486052,5470757.652596351,EPSG:32632,2403,2198,motorway,9.600000000000001,,,,,,0.08348751068115234,0.01647108420729637,,
road,DE06,Nuremberg,train,retain_major_candidate|one_to_two_pixels_10_20m|motorway_link,644274.2116640954,5486915.794427238,EPSG:32632,787,876,motorway_link,12.8,,,,,,0.05467654764652252,0.012822115793824196,,
road,DE06,Nuremberg,train,retain_major_candidate|one_to_two_pixels_10_20m|motorway_link,644309.1141554324,5486917.135636427,EPSG:32632,787,879,motorway_link,12.8,,,,,,0.04852072522044182,0.010610315017402172,,
road,DE06,Nuremberg,train,retain_major_candidate|subpixel_lt_10m|motorway_link,654902.8364034849,5471466.09480926,EPSG:32632,2332,1939,motorway_link,3.2,,,,,,0.028211472555994987,0.0057958331890404224,,
road,DE06,Nuremberg,train,retain_major_candidate|subpixel_lt_10m|motorway_link,651026.2315289073,5473529.853820855,EPSG:32632,2125,1551,motorway_link,3.2,,,,,,0.07913229614496231,0.009099838323891163,,
road,DE06,Nuremberg,train,likely_ignore_candidate|one_to_two_pixels_10_20m|pedestrian,650514.043447352,5479878.707614753,EPSG:32632,1490,1500,pedestrian,15.0,,,,,,0.4880664348602295,0.04501795023679733,,
road,DE06,Nuremberg,train,likely_ignore_candidate|subpixel_lt_10m|pedestrian,650792.7920480215,5479265.201372374,EPSG:32632,1552,1528,pedestrian,5.0,,,,,,0.3071720004081726,0.03069518692791462,,
road,DE06,Nuremberg,train,likely_ignore_candidate|subpixel_lt_10m|pedestrian,644285.3566062312,5482178.011536399,EPSG:32632,1261,877,pedestrian,5.0,,,,,,0.3937872648239136,0.11807823181152344,,
road,DE06,Nuremberg,train,likely_ignore_candidate|two_plus_pixels_ge_20m|pedestrian,650408.4293908891,5479668.778812442,EPSG:32632,1511,1489,pedestrian,20.0,,,,,,1.434383511543274,0.10328567028045654,,
road,DE06,Nuremberg,train,likely_ignore_candidate|two_plus_pixels_ge_20m|pedestrian,650468.4611871464,5479555.7863647565,EPSG:32632,1523,1495,pedestrian,20.0,,,,,,0.5815417170524597,0.05773415416479111,,
road,DE06,Nuremberg,train,retain_major_candidate|one_to_two_pixels_10_20m|primary,647632.3069918926,5474538.399484659,EPSG:32632,2025,1212,primary,12.8,,,,,,0.47901755571365356,0.043218519538640976,,
road,DE06,Nuremberg,train,retain_major_candidate|one_to_two_pixels_10_20m|primary,654707.831925899,5486731.269146949,EPSG:32632,805,1919,primary,12.8,,,,,,0.053859975188970566,0.014556929469108582,,
road,DE06,Nuremberg,train,retain_major_candidate|subpixel_lt_10m|primary,648735.6724336008,5477290.183028039,EPSG:32632,1749,1322,primary,6.4,,,,,,0.23175175487995148,0.02868889831006527,,
road,DE06,Nuremberg,train,retain_major_candidate|subpixel_lt_10m|primary,648836.5988917422,5481219.148483666,EPSG:32632,1356,1332,primary,6.4,,,,,,22.507421493530273,0.35157477855682373,,
road,DE06,Nuremberg,train,retain_major_candidate|one_to_two_pixels_10_20m|primary_link,652414.4698536705,5482368.826401966,EPSG:32632,1241,1690,primary_link,10.0,,,,,,2.570148468017578,0.03098282404243946,,
road,DE06,Nuremberg,train,retain_major_candidate|one_to_two_pixels_10_20m|primary_link,652307.0796493029,5477527.907287349,EPSG:32632,1726,1679,primary_link,14.5,,,,,,0.053991153836250305,0.00809448305517435,,
road,DE06,Nuremberg,train,retain_major_candidate|subpixel_lt_10m|primary_link,643847.8584450218,5477907.839778032,EPSG:32632,1688,833,primary_link,3.2,,,,,,0.19080838561058044,0.04278210923075676,,
road,DE06,Nuremberg,train,retain_major_candidate|subpixel_lt_10m|primary_link,652818.4619166609,5476115.953124015,EPSG:32632,1867,1730,primary_link,3.2,,,,,,0.06238052248954773,0.013973930850625038,,
road,DE06,Nuremberg,train,manual_review_candidate|one_to_two_pixels_10_20m|residential,651496.2726303694,5479970.813532513,EPSG:32632,1481,1598,residential,14.5,,,,,,0.7264968752861023,0.0268869549036026,,
road,DE06,Nuremberg,train,manual_review_candidate|one_to_two_pixels_10_20m|residential,652507.1232894203,5477278.803167834,EPSG:32632,1750,1699,residential,12.8,,,,,,0.062087900936603546,0.012655979953706264,,
road,DE06,Nuremberg,train,manual_review_candidate|subpixel_lt_10m|residential,658275.1590027721,5469354.162891066,EPSG:32632,2543,2276,residential,8.0,,,,,,0.263436883687973,0.016715627163648605,,
road,DE06,Nuremberg,train,manual_review_candidate|subpixel_lt_10m|residential,654977.9615841646,5481756.313555464,EPSG:32632,1303,1946,residential,8.0,,,,,,0.20887157320976257,0.03334633260965347,,
road,DE06,Nuremberg,train,manual_review_candidate|two_plus_pixels_ge_20m|residential,644658.0364091827,5479825.39380719,EPSG:32632,1496,914,residential,27.3,,,,,,0.1046295240521431,0.04244888946413994,,
road,DE06,Nuremberg,train,retain_major_candidate|one_to_two_pixels_10_20m|secondary,643937.1933559541,5468762.059250744,EPSG:32632,2602,842,secondary,12.0,,,,,,0.07658230513334274,0.021139714866876602,,
road,DE06,Nuremberg,train,retain_major_candidate|one_to_two_pixels_10_20m|secondary,662382.3589421102,5484748.136612119,EPSG:32632,1004,2687,secondary,12.0,,,,,,0.11281231790781021,0.024683678522706032,,
road,DE06,Nuremberg,train,retain_major_candidate|subpixel_lt_10m|secondary,646409.7379476993,5481904.154793322,EPSG:32632,1288,1089,secondary,9.600000000000001,,,,,,0.2787322402000427,0.06886588037014008,,
road,DE06,Nuremberg,train,retain_major_candidate|subpixel_lt_10m|secondary,652038.9752555324,5479231.621569503,EPSG:32632,1555,1652,secondary,6.4,,,,,,0.26510101556777954,0.0413496308028698,,
road,DE06,Nuremberg,train,retain_major_candidate|one_to_two_pixels_10_20m|secondary_link,654550.6796459614,5477218.685490094,EPSG:32632,1756,1904,secondary_link,15.0,,,,,,0.04258941859006882,0.01065896637737751,,
road,DE06,Nuremberg,train,retain_major_candidate|one_to_two_pixels_10_20m|secondary_link,653577.4277020717,5480317.276236463,EPSG:32632,1447,1806,secondary_link,12.0,,,,,,0.6566784381866455,0.20925486087799072,,
road,DE06,Nuremberg,train,retain_major_candidate|subpixel_lt_10m|secondary_link,642327.6685281133,5493148.182588814,EPSG:32632,164,681,secondary_link,3.2,,,,,,0.09157338738441467,0.01737254485487938,,
road,DE06,Nuremberg,train,retain_major_candidate|subpixel_lt_10m|secondary_link,642397.9010919903,5494463.452978497,EPSG:32632,32,688,secondary_link,3.2,,,,,,0.11820968240499496,0.029413243755698204,,
road,DE06,Nuremberg,train,likely_ignore_candidate|subpixel_lt_10m|service,648467.1655222448,5476357.101304554,EPSG:32632,1843,1295,service,5.0,,,,,,0.09025925397872925,0.018386948853731155,,
road,DE06,Nuremberg,train,likely_ignore_candidate|subpixel_lt_10m|service,656623.3504807759,5489129.687556328,EPSG:32632,565,2111,service,5.0,,,,,,0.14951971173286438,0.029921935871243477,,
road,DE06,Nuremberg,train,manual_review_candidate|one_to_two_pixels_10_20m|tertiary,640355.9771149852,5484979.829929038,EPSG:32632,980,484,tertiary,10.0,,,,,,0.0883798822760582,0.02374471351504326,,
road,DE06,Nuremberg,train,manual_review_candidate|one_to_two_pixels_10_20m|tertiary,644127.205386414,5474678.647816328,EPSG:32632,2010,861,tertiary,10.0,,,,,,0.056275274604558945,0.014643624424934387,,
road,DE06,Nuremberg,train,manual_review_candidate|subpixel_lt_10m|tertiary,651100.5261723595,5480314.075761031,EPSG:32632,1447,1559,tertiary,6.4,,,,,,0.3931581377983093,0.10064069926738739,,
road,DE06,Nuremberg,train,manual_review_candidate|subpixel_lt_10m|tertiary,650110.2420901326,5480936.138893351,EPSG:32632,1385,1459,tertiary,9.600000000000001,,,,,,1.0235583782196045,0.02493717521429062,,
road,DE06,Nuremberg,train,manual_review_candidate|subpixel_lt_10m|tertiary_link,642666.4546292912,5482860.287891535,EPSG:32632,1192,715,tertiary_link,3.2,,,,,,32.26938247680664,0.0684739425778389,,
road,DE06,Nuremberg,train,manual_review_candidate|subpixel_lt_10m|tertiary_link,644978.7603882097,5481414.379715122,EPSG:32632,1337,946,tertiary_link,3.2,,,,,,1.0987024307250977,0.15954217314720154,,
road,DE06,Nuremberg,train,retain_major_candidate|one_to_two_pixels_10_20m|trunk,645800.3217765228,5493447.471497974,EPSG:32632,134,1028,trunk,19.200000000000003,,,,,,0.3683411180973053,0.08123172074556351,,
road,DE06,Nuremberg,train,retain_major_candidate|one_to_two_pixels_10_20m|trunk,645795.1472162647,5493448.634354226,EPSG:32632,133,1028,trunk,19.200000000000003,,,,,,0.2871607542037964,0.045190028846263885,,
road,DE06,Nuremberg,train,retain_major_candidate|subpixel_lt_10m|trunk,651279.8267702871,5465566.248260724,EPSG:32632,2922,1576,trunk,6.4,,,,,,0.13213619589805603,0.017487525939941406,,
road,DE06,Nuremberg,train,retain_major_candidate|subpixel_lt_10m|trunk,644869.092944276,5479119.579660749,EPSG:32632,1566,935,trunk,6.4,,,,,,0.06717315316200256,0.02214876189827919,,
road,DE06,Nuremberg,train,retain_major_candidate|one_to_two_pixels_10_20m|trunk_link,648798.1327628174,5474800.600865174,EPSG:32632,1998,1328,trunk_link,12.8,,,,,,0.1262376606464386,0.010379422456026077,,
road,DE06,Nuremberg,train,retain_major_candidate|one_to_two_pixels_10_20m|trunk_link,648787.0220015425,5474794.758730289,EPSG:32632,1999,1327,trunk_link,12.8,,,,,,0.18101690709590912,0.01616963930428028,,
road,DE06,Nuremberg,train,retain_major_candidate|subpixel_lt_10m|trunk_link,643160.9404966111,5480044.780060755,EPSG:32632,1474,765,trunk_link,3.2,,,,,,0.14173321425914764,0.010681147687137127,,
road,DE06,Nuremberg,train,retain_major_candidate|subpixel_lt_10m|trunk_link,649595.7868515394,5475587.915687203,EPSG:32632,1920,1408,trunk_link,3.2,,,,,,0.04998220130801201,0.00981143582612276,,
road,DE06,Nuremberg,train,manual_review_candidate|one_to_two_pixels_10_20m|unclassified,653657.9577538323,5474337.008989641,EPSG:32632,2045,1814,unclassified,15.0,,,,,,0.09181959927082062,0.01872611790895462,,
road,DE06,Nuremberg,train,manual_review_candidate|one_to_two_pixels_10_20m|unclassified,650552.0674143163,5479250.141129798,EPSG:32632,1553,1504,unclassified,12.8,,,,,,0.4423128664493561,0.022373894229531288,,
road,DE06,Nuremberg,train,manual_review_candidate|subpixel_lt_10m|unclassified,641496.369161156,5487861.622066639,EPSG:32632,692,598,unclassified,4.0,,,,,,0.0658947005867958,0.022245636209845543,,
road,DE06,Nuremberg,train,manual_review_candidate|subpixel_lt_10m|unclassified,648620.4163912236,5468748.928070841,EPSG:32632,2603,1310,unclassified,6.4,,,,,,0.1870514452457428,0.05469353124499321,,
bare_land,DE06,Nuremberg,train,current_v3,647865.4733126876,5468483.6269730525,EPSG:32632,2630,1235,,,current_v3,1,0,1,13100,0.0491899810731411,0.006028950680047274,,
bare_land,DE06,Nuremberg,train,current_v3,647725.4733126876,5468573.6269730525,EPSG:32632,2621,1221,,,current_v3,1,0,1,13100,0.05229583755135536,0.005785517394542694,,
bare_land,DE06,Nuremberg,train,tier2_osm_dw_new,652105.4733126876,5476553.6269730525,EPSG:32632,1823,1659,,,tier2_osm_dw_new,1,1,0,13400,0.03900662064552307,0.005487572867423296,,
bare_land,DE06,Nuremberg,train,tier2_osm_dw_new,652115.4733126876,5476673.6269730525,EPSG:32632,1811,1660,,,tier2_osm_dw_new,1,1,0,12100,0.06801039725542068,0.013043801300227642,,
bare_land,DE06,Nuremberg,train,single_source_osm,654995.4733126876,5475003.6269730525,EPSG:32632,1978,1948,,,single_source_osm,1,0,0,12100,0.09336667507886887,0.02357928454875946,,
bare_land,DE06,Nuremberg,train,single_source_osm,644825.4733126876,5477933.6269730525,EPSG:32632,1685,931,,,single_source_osm,1,0,0,12100,0.12954027950763702,0.028638288378715515,,
bare_land,DE06,Nuremberg,train,single_source_ua,659305.4733126876,5474753.6269730525,EPSG:32632,2003,2379,,,single_source_ua,0,0,1,13300,0.32514455914497375,0.04906338080763817,,
bare_land,DE06,Nuremberg,train,single_source_ua,659415.4733126876,5474413.6269730525,EPSG:32632,2037,2390,,,single_source_ua,0,0,1,13300,0.058447521179914474,0.011966538615524769,,
road,DE07,Frankfurt,train,likely_ignore_candidate|one_to_two_pixels_10_20m|living_street,491394.1401818808,5564342.827112831,EPSG:32632,166,2912,living_street,13.8,,,,,,0.1176246926188469,0.030770113691687584,,
road,DE07,Frankfurt,train,likely_ignore_candidate|one_to_two_pixels_10_20m|living_street,487623.71263097174,5560193.215337893,EPSG:32632,581,2535,living_street,14.0,,,,,,0.1363854557275772,0.062421344220638275,,
road,DE07,Frankfurt,train,likely_ignore_candidate|subpixel_lt_10m|living_street,479510.3522927997,5554000.617486646,EPSG:32632,1200,1724,living_street,6.0,,,,,,0.11521794646978378,0.02170427329838276,,
road,DE07,Frankfurt,train,likely_ignore_candidate|subpixel_lt_10m|living_street,464867.9249876812,5558758.360029062,EPSG:32632,725,259,living_street,6.0,,,,,,0.2671274244785309,0.05488043278455734,,
road,DE07,Frankfurt,train,retain_major_candidate|one_to_two_pixels_10_20m|motorway,472685.8799427451,5547784.507087334,EPSG:32632,1822,1041,motorway,18.5,,,,,,0.1585504561662674,0.014262020587921143,,
road,DE07,Frankfurt,train,retain_major_candidate|one_to_two_pixels_10_20m|motorway,474507.7205442076,5560895.8612106135,EPSG:32632,511,1223,motorway,12.8,,,,,,0.03632426634430885,0.004911954049021006,,
road,DE07,Frankfurt,train,retain_major_candidate|subpixel_lt_10m|motorway,475113.9762664365,5557762.020142853,EPSG:32632,824,1284,motorway,6.4,,,,,,0.2040339708328247,0.07390902936458588,,
road,DE07,Frankfurt,train,retain_major_candidate|subpixel_lt_10m|motorway,469559.44955312484,5553103.061926506,EPSG:32632,1290,728,motorway,6.4,,,,,,0.060681357979774475,0.022236328572034836,,
road,DE07,Frankfurt,train,retain_major_candidate|two_plus_pixels_ge_20m|motorway,470828.77850573196,5541082.789676942,EPSG:32632,2492,855,motorway,22.0,,,,,,0.025091147050261497,0.005354189779609442,,
road,DE07,Frankfurt,train,retain_major_candidate|two_plus_pixels_ge_20m|motorway,470826.895062433,5541134.19649547,EPSG:32632,2487,855,motorway,22.0,,,,,,0.03561773523688316,0.005799960810691118,,
road,DE07,Frankfurt,train,retain_major_candidate|one_to_two_pixels_10_20m|motorway_link,472685.66066850617,5551397.88719544,EPSG:32632,1461,1041,motorway_link,10.0,,,,,,0.14007535576820374,0.028222333639860153,,
road,DE07,Frankfurt,train,retain_major_candidate|one_to_two_pixels_10_20m|motorway_link,470603.36599334783,5541747.241209937,EPSG:32632,2426,833,motorway_link,10.0,,,,,,0.04170845076441765,0.007104995660483837,,
road,DE07,Frankfurt,train,retain_major_candidate|subpixel_lt_10m|motorway_link,471780.37194543576,5544615.963653246,EPSG:32632,2139,951,motorway_link,3.2,,,,,,0.03637484461069107,0.012159248813986778,,
road,DE07,Frankfurt,train,retain_major_candidate|subpixel_lt_10m|motorway_link,479957.33275339764,5544217.452699183,EPSG:32632,2179,1768,motorway_link,3.2,,,,,,0.06573177129030228,0.009322166442871094,,
road,DE07,Frankfurt,train,likely_ignore_candidate|subpixel_lt_10m|pedestrian,477645.57384145854,5550934.847471649,EPSG:32632,1507,1537,pedestrian,5.0,,,,,,0.4055311977863312,0.10133445262908936,,
road,DE07,Frankfurt,train,likely_ignore_candidate|subpixel_lt_10m|pedestrian,476114.6621135651,5544587.247043708,EPSG:32632,2142,1384,pedestrian,5.0,,,,,,0.12206410616636276,0.01169454026967287,,
road,DE07,Frankfurt,train,likely_ignore_candidate|two_plus_pixels_ge_20m|pedestrian,483042.49453446665,5550439.413556053,EPSG:32632,1557,2077,pedestrian,20.0,,,,,,0.4464595317840576,0.04152236878871918,,
road,DE07,Frankfurt,train,likely_ignore_candidate|two_plus_pixels_ge_20m|pedestrian,483041.66937449307,5550425.022946209,EPSG:32632,1558,2077,pedestrian,20.0,,,,,,0.5065589547157288,0.04276349022984505,,
road,DE07,Frankfurt,train,retain_major_candidate|one_to_two_pixels_10_20m|primary,476384.10592643777,5549601.218990535,EPSG:32632,1640,1411,primary,12.8,,,,,,0.187335804104805,0.04066777974367142,,
road,DE07,Frankfurt,train,retain_major_candidate|one_to_two_pixels_10_20m|primary,476470.5710387985,5551933.522146404,EPSG:32632,1407,1420,primary,12.8,,,,,,0.2161780744791031,0.04479382559657097,,
road,DE07,Frankfurt,train,retain_major_candidate|subpixel_lt_10m|primary,476038.8778962702,5551049.007419566,EPSG:32632,1496,1376,primary,6.4,,,,,,0.9696325659751892,0.4837932586669922,,
road,DE07,Frankfurt,train,retain_major_candidate|subpixel_lt_10m|primary,477368.12913090637,5554597.671818799,EPSG:32632,1141,1509,primary,6.4,,,,,,0.382979154586792,0.07094935327768326,,
road,DE07,Frankfurt,train,retain_major_candidate|one_to_two_pixels_10_20m|primary_link,483493.8205058141,5548669.158621123,EPSG:32632,1734,2122,primary_link,16.0,,,,,,0.35775911808013916,0.07133332639932632,,
road,DE07,Frankfurt,train,retain_major_candidate|one_to_two_pixels_10_20m|primary_link,483494.1486531555,5548663.075667081,EPSG:32632,1734,2122,primary_link,16.0,,,,,,0.35775911808013916,0.07133332639932632,,
road,DE07,Frankfurt,train,retain_major_candidate|subpixel_lt_10m|primary_link,478779.0228844889,5552188.19562429,EPSG:32632,1382,1650,primary_link,3.2,,,,,,0.1463630050420761,0.08309243619441986,,
road,DE07,Frankfurt,train,retain_major_candidate|subpixel_lt_10m|primary_link,474869.2110892796,5538600.197637364,EPSG:32632,2740,1259,primary_link,6.4,,,,,,0.1835261434316635,0.015053242444992065,,
road,DE07,Frankfurt,train,manual_review_candidate|one_to_two_pixels_10_20m|residential,472515.9569980189,5563183.985135566,EPSG:32632,282,1024,residential,12.8,,,,,,0.9183703064918518,0.09181494265794754,,
road,DE07,Frankfurt,train,manual_review_candidate|one_to_two_pixels_10_20m|residential,476330.5192209842,5550649.579295248,EPSG:32632,1535,1406,residential,12.8,,,,,,0.6090066432952881,0.15478195250034332,,
road,DE07,Frankfurt,train,manual_review_candidate|subpixel_lt_10m|residential,469152.8156342228,5557559.370707277,EPSG:32632,845,688,residential,8.0,,,,,,0.16095656156539917,0.07611313462257385,,
road,DE07,Frankfurt,train,manual_review_candidate|subpixel_lt_10m|residential,466559.0511006403,5550834.488950035,EPSG:32632,1517,428,residential,5.0,,,,,,0.40461158752441406,0.12227439880371094,,
road,DE07,Frankfurt,train,retain_major_candidate|one_to_two_pixels_10_20m|secondary,489669.29144701984,5549449.819366809,EPSG:32632,1655,2739,secondary,12.0,,,,,,0.41162142157554626,0.13123978674411774,,
road,DE07,Frankfurt,train,retain_major_candidate|one_to_two_pixels_10_20m|secondary,464022.4299956821,5544474.45860391,EPSG:32632,2153,175,secondary,12.0,,,,,,0.24606004357337952,0.039579059928655624,,
road,DE07,Frankfurt,train,retain_major_candidate|subpixel_lt_10m|secondary,472506.4075283125,5555148.654534297,EPSG:32632,1086,1023,secondary,8.0,,,,,,0.28018027544021606,0.08414861559867859,,
road,DE07,Frankfurt,train,retain_major_candidate|subpixel_lt_10m|secondary,464997.46148744953,5559533.311681431,EPSG:32632,647,272,secondary,6.4,,,,,,0.09559320658445358,0.02948496863245964,,
road,DE07,Frankfurt,train,retain_major_candidate|two_plus_pixels_ge_20m|secondary,468856.49428461737,5553347.228527639,EPSG:32632,1266,658,secondary,25.6,,,,,,0.2655985951423645,0.02961946651339531,,
road,DE07,Frankfurt,train,retain_major_candidate|two_plus_pixels_ge_20m|secondary,468863.0663512838,5553297.026658893,EPSG:32632,1271,659,secondary,22.400000000000002,,,,,,0.15501627326011658,0.021161502227187157,,
road,DE07,Frankfurt,train,retain_major_candidate|one_to_two_pixels_10_20m|secondary_link,477007.1058993203,5538132.091064427,EPSG:32632,2787,1473,secondary_link,12.8,,,,,,0.05707421153783798,0.012712101452052593,,
road,DE07,Frankfurt,train,retain_major_candidate|one_to_two_pixels_10_20m|secondary_link,477000.8669982995,5538134.70290499,EPSG:32632,2787,1473,secondary_link,12.8,,,,,,0.05707421153783798,0.012712101452052593,,
road,DE07,Frankfurt,train,retain_major_candidate|subpixel_lt_10m|secondary_link,479277.7113772039,5552629.466344648,EPSG:32632,1338,1700,secondary_link,7.0,,,,,,0.9058962464332581,0.05561399087309837,,
road,DE07,Frankfurt,train,retain_major_candidate|subpixel_lt_10m|secondary_link,472750.47182460804,5553367.99904604,EPSG:32632,1264,1048,secondary_link,3.2,,,,,,0.12152588367462158,0.03050023689866066,,
road,DE07,Frankfurt,train,likely_ignore_candidate|one_to_two_pixels_10_20m|service,469591.19768808165,5543793.788426116,EPSG:32632,2221,732,service,10.0,,,,,,0.021242743358016014,0.004186619538813829,,
road,DE07,Frankfurt,train,likely_ignore_candidate|one_to_two_pixels_10_20m|service,469809.2257377124,5543775.859088445,EPSG:32632,2223,753,service,10.0,,,,,,0.08029166609048843,0.006815856788307428,,
road,DE07,Frankfurt,train,likely_ignore_candidate|subpixel_lt_10m|service,491031.428018511,5538074.09866971,EPSG:32632,2793,2876,service,5.0,,,,,,0.11073023080825806,0.014883543364703655,,
road,DE07,Frankfurt,train,likely_ignore_candidate|subpixel_lt_10m|service,489439.1951617735,5546785.032393159,EPSG:32632,1922,2716,service,5.0,,,,,,0.1536063253879547,0.04862283542752266,,
road,DE07,Frankfurt,train,likely_ignore_candidate|two_plus_pixels_ge_20m|service,466776.6267908776,5541503.568868124,EPSG:32632,2450,450,service,20.0,,,,,,0.026417411863803864,0.0033807174768298864,,
road,DE07,Frankfurt,train,manual_review_candidate|one_to_two_pixels_10_20m|tertiary,482658.2857409766,5554580.648262762,EPSG:32632,1142,2038,tertiary,10.0,,,,,,0.16877995431423187,0.04689987376332283,,
road,DE07,Frankfurt,train,manual_review_candidate|one_to_two_pixels_10_20m|tertiary,471776.16808946826,5549840.90344275,EPSG:32632,1616,950,tertiary,10.0,,,,,,0.3540155291557312,0.0411316379904747,,
road,DE07,Frankfurt,train,manual_review_candidate|subpixel_lt_10m|tertiary,468876.9741377338,5563861.602585366,EPSG:32632,214,660,tertiary,6.4,,,,,,0.8387371897697449,0.024132797494530678,,
road,DE07,Frankfurt,train,manual_review_candidate|subpixel_lt_10m|tertiary,477663.0709430907,5545133.831911733,EPSG:32632,2087,1539,tertiary,3.2,,,,,,0.2629518508911133,0.02756248600780964,,
road,DE07,Frankfurt,train,manual_review_candidate|subpixel_lt_10m|tertiary_link,477770.1326564266,5556279.70669074,EPSG:32632,972,1550,tertiary_link,3.2,,,,,,0.12954866886138916,0.03567418456077576,,
road,DE07,Frankfurt,train,manual_review_candidate|subpixel_lt_10m|tertiary_link,487827.41231342277,5554299.388456965,EPSG:32632,1171,2555,tertiary_link,3.2,,,,,,0.10475828498601913,0.015533164143562317,,
road,DE07,Frankfurt,train,retain_major_candidate|one_to_two_pixels_10_20m|trunk,466301.6984363386,5547281.392030552,EPSG:32632,1872,403,trunk,12.8,,,,,,0.05857260152697563,0.013618034310638905,,
road,DE07,Frankfurt,train,retain_major_candidate|one_to_two_pixels_10_20m|trunk,466427.29387883976,5547290.792335081,EPSG:32632,1871,415,trunk,12.8,,,,,,0.034044768661260605,0.007623485289514065,,
road,DE07,Frankfurt,train,retain_major_candidate|subpixel_lt_10m|trunk,480536.58414267725,5546496.676681864,EPSG:32632,1951,1826,trunk,6.4,,,,,,0.0903564840555191,0.021637126803398132,,
road,DE07,Frankfurt,train,retain_major_candidate|subpixel_lt_10m|trunk,470234.0474731988,5549802.91999894,EPSG:32632,1620,796,trunk,6.4,,,,,,0.21540571749210358,0.020200984552502632,,
road,DE07,Frankfurt,train,retain_major_candidate|one_to_two_pixels_10_20m|trunk_link,474615.55834246636,5544130.207958412,EPSG:32632,2187,1234,trunk_link,12.8,,,,,,0.21410901844501495,0.04157436639070511,,
road,DE07,Frankfurt,train,retain_major_candidate|one_to_two_pixels_10_20m|trunk_link,474677.2373023373,5544138.377121322,EPSG:32632,2187,1240,trunk_link,12.8,,,,,,0.06957132369279861,0.022308262065052986,,
road,DE07,Frankfurt,train,retain_major_candidate|subpixel_lt_10m|trunk_link,470067.3848251592,5554183.558195606,EPSG:32632,1182,779,trunk_link,6.4,,,,,,0.12939457595348358,0.02027692273259163,,
road,DE07,Frankfurt,train,retain_major_candidate|subpixel_lt_10m|trunk_link,467925.0246812205,5544422.142729204,EPSG:32632,2158,565,trunk_link,3.2,,,,,,0.06842696666717529,0.007306075654923916,,
road,DE07,Frankfurt,train,manual_review_candidate|one_to_two_pixels_10_20m|unclassified,474648.51707425294,5551298.976189818,EPSG:32632,1471,1237,unclassified,12.8,,,,,,0.21482478082180023,0.01837761327624321,,
road,DE07,Frankfurt,train,manual_review_candidate|one_to_two_pixels_10_20m|unclassified,473343.7310880809,5550936.739823739,EPSG:32632,1507,1107,unclassified,16.0,,,,,,0.07609742134809494,0.016116982325911522,,
road,DE07,Frankfurt,train,manual_review_candidate|subpixel_lt_10m|unclassified,485952.3448123315,5559854.790189015,EPSG:32632,615,2368,unclassified,3.2,,,,,,0.08759262412786484,0.024151097983121872,,
road,DE07,Frankfurt,train,manual_review_candidate|subpixel_lt_10m|unclassified,468931.6147259833,5564077.657429047,EPSG:32632,193,666,unclassified,6.0,,,,,,0.08409973978996277,0.016209591180086136,,
bare_land,DE07,Frankfurt,train,current_v3,475534.50839400734,5538634.574938818,EPSG:32632,2737,1326,,,current_v3,1,0,1,13300,0.07004085183143616,0.00723774079233408,,
bare_land,DE07,Frankfurt,train,current_v3,475834.50839400734,5538674.574938818,EPSG:32632,2733,1356,,,current_v3,1,0,1,13300,0.10946542024612427,0.01240763533860445,,
bare_land,DE07,Frankfurt,train,tier2_osm_dw_new,468944.50839400734,5542144.574938818,EPSG:32632,2386,667,,,tier2_osm_dw_new,1,1,0,12400,0.07459554076194763,0.013218874111771584,,
bare_land,DE07,Frankfurt,train,tier2_osm_dw_new,473144.50839400734,5540004.574938818,EPSG:32632,2600,1087,,,tier2_osm_dw_new,1,1,0,50000,0.09835304319858551,0.008238828741014004,,
bare_land,DE07,Frankfurt,train,single_source_osm,470404.50839400734,5560974.574938818,EPSG:32632,503,813,,,single_source_osm,1,0,0,11210,0.1446354240179062,0.10201340913772583,,
bare_land,DE07,Frankfurt,train,single_source_osm,473724.50839400734,5557954.574938818,EPSG:32632,805,1145,,,single_source_osm,1,0,0,12100,0.07538218051195145,0.016012612730264664,,
bare_land,DE07,Frankfurt,train,single_source_dw,468314.50839400734,5543514.574938818,EPSG:32632,2249,604,,,single_source_dw,0,1,0,12400,0.014821173623204231,0.0056041390635073185,,
bare_land,DE07,Frankfurt,train,single_source_dw,468344.50839400734,5543514.574938818,EPSG:32632,2249,607,,,single_source_dw,0,1,0,12400,0.019429225474596024,0.009008812718093395,,
bare_land,DE07,Frankfurt,train,single_source_ua,473734.50839400734,5540804.574938818,EPSG:32632,2520,1146,,,single_source_ua,0,0,1,13100,0.0582486093044281,0.023676734417676926,,
bare_land,DE07,Frankfurt,train,single_source_ua,462524.50839400734,5551754.574938818,EPSG:32632,1425,25,,,single_source_ua,0,0,1,13100,0.0700351819396019,0.01164046861231327,,
road,DE08,Cologne,train,likely_ignore_candidate|one_to_two_pixels_10_20m|living_street,367355.57168317435,5630473.8696494615,EPSG:32632,2938,2566,living_street,10.0,,,,,,0.23316293954849243,0.09711949527263641,,
road,DE08,Cologne,train,likely_ignore_candidate|one_to_two_pixels_10_20m|living_street,367349.00276341155,5630491.616139082,EPSG:32632,2936,2565,living_street,10.0,,,,,,0.2636154592037201,0.07383627444505692,,
road,DE08,Cologne,train,likely_ignore_candidate|subpixel_lt_10m|living_street,344539.8927189637,5647805.508569432,EPSG:32632,1205,285,living_street,5.5,,,,,,0.11678118258714676,0.03049141727387905,,
road,DE08,Cologne,train,likely_ignore_candidate|subpixel_lt_10m|living_street,346930.5224789425,5640385.739240607,EPSG:32632,1946,524,living_street,6.0,,,,,,0.132940873503685,0.029544571414589882,,
road,DE08,Cologne,train,likely_ignore_candidate|two_plus_pixels_ge_20m|living_street,344790.65745586145,5647786.589763543,EPSG:32632,1206,310,living_street,40.0,,,,,,0.19302813708782196,0.029863057658076286,,
road,DE08,Cologne,train,likely_ignore_candidate|two_plus_pixels_ge_20m|living_street,344767.0156238504,5647826.582437246,EPSG:32632,1202,307,living_street,40.0,,,,,,0.2507407069206238,0.049558088183403015,,
road,DE08,Cologne,train,retain_major_candidate|one_to_two_pixels_10_20m|motorway,360873.6094871466,5649704.282005586,EPSG:32632,1015,1918,motorway,16.0,,,,,,3.9998950958251953,0.02873934991657734,,
road,DE08,Cologne,train,retain_major_candidate|one_to_two_pixels_10_20m|motorway,360682.1658822948,5650023.910776304,EPSG:32632,983,1899,motorway,12.8,,,,,,0.03145639970898628,0.007038794923573732,,
road,DE08,Cologne,train,retain_major_candidate|subpixel_lt_10m|motorway,345355.27243707847,5638432.109653026,EPSG:32632,2142,366,motorway,6.4,,,,,,0.07789107412099838,0.043856579810380936,,
road,DE08,Cologne,train,retain_major_candidate|subpixel_lt_10m|motorway,361293.78298458667,5642565.639869075,EPSG:32632,1729,1960,motorway,6.4,,,,,,0.06228664517402649,0.019105175510048866,,
road,DE08,Cologne,train,retain_major_candidate|one_to_two_pixels_10_20m|motorway_link,352258.73446835205,5650974.676620559,EPSG:32632,888,1056,motorway_link,16.0,,,,,,0.07081703096628189,0.018314069136977196,,
road,DE08,Cologne,train,retain_major_candidate|one_to_two_pixels_10_20m|motorway_link,348673.5184533227,5645078.064105937,EPSG:32632,1477,698,motorway_link,12.8,,,,,,0.1379680335521698,0.026746133342385292,,
road,DE08,Cologne,train,retain_major_candidate|subpixel_lt_10m|motorway_link,348433.92408732563,5643810.933073784,EPSG:32632,1604,674,motorway_link,6.4,,,,,,0.04242545738816261,0.009222857654094696,,
road,DE08,Cologne,train,retain_major_candidate|subpixel_lt_10m|motorway_link,361446.7530641086,5642495.830368892,EPSG:32632,1735,1975,motorway_link,3.2,,,,,,0.050839491188526154,0.008389784954488277,,
road,DE08,Cologne,train,likely_ignore_candidate|one_to_two_pixels_10_20m|pedestrian,357972.44939767034,5632349.927713091,EPSG:32632,2750,1628,pedestrian,10.0,,,,,,0.2648639678955078,0.0915595144033432,,
road,DE08,Cologne,train,likely_ignore_candidate|one_to_two_pixels_10_20m|pedestrian,357990.67937676224,5632361.725428274,EPSG:32632,2749,1630,pedestrian,10.0,,,,,,0.2728019952774048,0.09084147214889526,,
road,DE08,Cologne,train,likely_ignore_candidate|subpixel_lt_10m|pedestrian,356622.1973581272,5645639.484259884,EPSG:32632,1421,1493,pedestrian,5.0,,,,,,6.130053997039795,0.3794510066509247,,
road,DE08,Cologne,train,likely_ignore_candidate|subpixel_lt_10m|pedestrian,368575.6043348034,5650477.80451862,EPSG:32632,937,2688,pedestrian,5.0,,,,,,0.6326025724411011,0.16663450002670288,,
road,DE08,Cologne,train,retain_major_candidate|one_to_two_pixels_10_20m|primary,354090.14784582006,5644442.85902546,EPSG:32632,1541,1240,primary,14.0,,,,,,0.4903111457824707,0.21901582181453705,,
road,DE08,Cologne,train,retain_major_candidate|one_to_two_pixels_10_20m|primary,349986.03930249397,5643333.088667013,EPSG:32632,1652,829,primary,14.0,,,,,,0.08637791872024536,0.020903028547763824,,
road,DE08,Cologne,train,retain_major_candidate|subpixel_lt_10m|primary,355336.20036888355,5645895.093605598,EPSG:32632,1396,1364,primary,6.4,,,,,,2.065138101577759,0.05561292916536331,,
road,DE08,Cologne,train,retain_major_candidate|subpixel_lt_10m|primary,343379.3798015332,5653841.56794734,EPSG:32632,601,169,primary,9.600000000000001,,,,,,0.04718485102057457,0.010597552172839642,,
road,DE08,Cologne,train,retain_major_candidate|two_plus_pixels_ge_20m|primary,362268.79300633573,5654531.352591567,EPSG:32632,532,2057,primary,22.400000000000002,,,,,,0.16728734970092773,0.019544022157788277,,
road,DE08,Cologne,train,retain_major_candidate|one_to_two_pixels_10_20m|primary_link,360051.21705632115,5648311.090521535,EPSG:32632,1154,1836,primary_link,12.8,,,,,,0.18873128294944763,0.038486234843730927,,
road,DE08,Cologne,train,retain_major_candidate|subpixel_lt_10m|primary_link,345518.34520192986,5650507.283761976,EPSG:32632,934,382,primary_link,3.2,,,,,,0.051747776567935944,0.018572505563497543,,
road,DE08,Cologne,train,retain_major_candidate|subpixel_lt_10m|primary_link,351371.65454947005,5645030.618252026,EPSG:32632,1482,968,primary_link,3.2,,,,,,1.5090688467025757,0.10312547534704208,,
road,DE08,Cologne,train,manual_review_candidate|one_to_two_pixels_10_20m|residential,350701.9127936212,5638517.814935244,EPSG:32632,2133,901,residential,12.8,,,,,,0.1809752732515335,0.016422417014837265,,
road,DE08,Cologne,train,manual_review_candidate|one_to_two_pixels_10_20m|residential,358088.03625309654,5645264.0710903695,EPSG:32632,1459,1639,residential,12.8,,,,,,2.933408498764038,0.19834502041339874,,
road,DE08,Cologne,train,manual_review_candidate|subpixel_lt_10m|residential,364754.4200745678,5637096.231770016,EPSG:32632,2275,2306,residential,4.0,,,,,,0.06469080597162247,0.009131048806011677,,
road,DE08,Cologne,train,manual_review_candidate|subpixel_lt_10m|residential,348853.32349441125,5635992.78858665,EPSG:32632,2386,716,residential,8.0,,,,,,0.6847032308578491,0.06965278834104538,,
road,DE08,Cologne,train,manual_review_candidate|two_plus_pixels_ge_20m|residential,344423.61395451915,5647565.440033517,EPSG:32632,1229,273,residential,40.0,,,,,,0.4319688379764557,0.11667563766241074,,
road,DE08,Cologne,train,manual_review_candidate|two_plus_pixels_ge_20m|residential,344815.67516347463,5647415.274731722,EPSG:32632,1244,312,residential,40.0,,,,,,0.11045705527067184,0.03373193368315697,,
road,DE08,Cologne,train,retain_major_candidate|one_to_two_pixels_10_20m|secondary,355441.8163240338,5634180.65672319,EPSG:32632,2567,1375,secondary,12.0,,,,,,0.14697204530239105,0.026341479271650314,,
road,DE08,Cologne,train,retain_major_candidate|one_to_two_pixels_10_20m|secondary,370566.6997096038,5658066.45895259,EPSG:32632,178,2887,secondary,12.0,,,,,,0.11981092393398285,0.025381051003932953,,
road,DE08,Cologne,train,retain_major_candidate|subpixel_lt_10m|secondary,359889.94082853745,5655224.462848182,EPSG:32632,463,1820,secondary,6.4,,,,,,0.20245599746704102,0.024558616802096367,,
road,DE08,Cologne,train,retain_major_candidate|subpixel_lt_10m|secondary,365117.27123559173,5645761.910956817,EPSG:32632,1409,2342,secondary,6.4,,,,,,0.18823719024658203,0.04319737106561661,,
road,DE08,Cologne,train,retain_major_candidate|two_plus_pixels_ge_20m|secondary,360381.05010208476,5655191.079971647,EPSG:32632,466,1869,secondary,22.400000000000002,,,,,,0.15824776887893677,0.03086559660732746,,
road,DE08,Cologne,train,retain_major_candidate|two_plus_pixels_ge_20m|secondary,365929.22859440383,5635840.400276758,EPSG:32632,2401,2424,secondary,22.400000000000002,,,,,,0.13537339866161346,0.014193547889590263,,
road,DE08,Cologne,train,retain_major_candidate|one_to_two_pixels_10_20m|secondary_link,359633.2551386334,5659823.58879214,EPSG:32632,3,1794,secondary_link,12.8,,,,,,0.13270790874958038,0.01724083721637726,,
road,DE08,Cologne,train,retain_major_candidate|subpixel_lt_10m|secondary_link,351691.2117126862,5632609.829464733,EPSG:32632,2724,1000,secondary_link,7.0,,,,,,0.4507685601711273,0.049491818994283676,,
road,DE08,Cologne,train,retain_major_candidate|subpixel_lt_10m|secondary_link,352373.61328468507,5654028.742202893,EPSG:32632,582,1068,secondary_link,3.2,,,,,,0.10705459117889404,0.03258470073342323,,
road,DE08,Cologne,train,likely_ignore_candidate|one_to_two_pixels_10_20m|service,364440.26226621866,5641675.039721062,EPSG:32632,1818,2275,service,13.0,,,,,,0.12005729973316193,0.0304914191365242,,
road,DE08,Cologne,train,likely_ignore_candidate|one_to_two_pixels_10_20m|service,364361.1012984165,5641814.955429113,EPSG:32632,1804,2267,service,13.0,,,,,,0.12986941635608673,0.016291659325361252,,
road,DE08,Cologne,train,likely_ignore_candidate|subpixel_lt_10m|service,361957.9431236049,5643308.066813532,EPSG:32632,1654,2026,service,5.0,,,,,,0.6463533639907837,0.021269386634230614,,
road,DE08,Cologne,train,likely_ignore_candidate|subpixel_lt_10m|service,367244.20481920463,5647443.535420332,EPSG:32632,1241,2555,service,5.0,,,,,,0.12076884508132935,0.05037010833621025,,
road,DE08,Cologne,train,likely_ignore_candidate|two_plus_pixels_ge_20m|service,363901.36569787306,5642296.593840919,EPSG:32632,1755,2221,service,20.0,,,,,,0.2179766446352005,0.04823363572359085,,
road,DE08,Cologne,train,likely_ignore_candidate|two_plus_pixels_ge_20m|service,363796.6064989738,5642282.642826516,EPSG:32632,1757,2210,service,20.0,,,,,,0.23112313449382782,0.019679373130202293,,
road,DE08,Cologne,train,manual_review_candidate|one_to_two_pixels_10_20m|tertiary,356540.6712666289,5652674.579566488,EPSG:32632,718,1485,tertiary,12.8,,,,,,0.15184222161769867,0.013560052029788494,,
road,DE08,Cologne,train,manual_review_candidate|one_to_two_pixels_10_20m|tertiary,370661.22412074613,5655710.136807498,EPSG:32632,414,2897,tertiary,10.0,,,,,,0.08924940973520279,0.030555788427591324,,
road,DE08,Cologne,train,manual_review_candidate|subpixel_lt_10m|tertiary,355507.18168068904,5641881.666297535,EPSG:32632,1797,1381,tertiary,6.4,,,,,,0.15657393634319305,0.048118434846401215,,
road,DE08,Cologne,train,manual_review_candidate|subpixel_lt_10m|tertiary,364841.67632323666,5648791.452780062,EPSG:32632,1106,2315,tertiary,6.4,,,,,,0.29269078373908997,0.04925760626792908,,
road,DE08,Cologne,train,manual_review_candidate|two_plus_pixels_ge_20m|tertiary,351468.7417364985,5650251.417777624,EPSG:32632,960,977,tertiary,23.0,,,,,,0.1474670171737671,0.05601399391889572,,
road,DE08,Cologne,train,manual_review_candidate|two_plus_pixels_ge_20m|tertiary,351392.4016702706,5650326.893160602,EPSG:32632,952,970,tertiary,23.0,,,,,,0.32344362139701843,0.053058505058288574,,
road,DE08,Cologne,train,manual_review_candidate|subpixel_lt_10m|tertiary_link,356167.8196806487,5645271.549699855,EPSG:32632,1458,1447,tertiary_link,3.2,,,,,,0.3038848042488098,0.05039990693330765,,
road,DE08,Cologne,train,manual_review_candidate|subpixel_lt_10m|tertiary_link,356160.8921192881,5645279.43101087,EPSG:32632,1457,1447,tertiary_link,3.2,,,,,,0.32583537697792053,0.05272466316819191,,
road,DE08,Cologne,train,retain_major_candidate|one_to_two_pixels_10_20m|trunk,367099.38659547904,5638384.087885948,EPSG:32632,2147,2541,trunk,12.8,,,,,,0.09551122039556503,0.011834120377898216,,
road,DE08,Cologne,train,retain_major_candidate|one_to_two_pixels_10_20m|trunk,353641.63989085326,5636758.295270294,EPSG:32632,2309,1195,trunk,12.8,,,,,,0.09263336658477783,0.01149743515998125,,
road,DE08,Cologne,train,retain_major_candidate|subpixel_lt_10m|trunk,353847.1083480636,5634349.947972917,EPSG:32632,2550,1215,trunk,6.4,,,,,,0.10279431194067001,0.008990665897727013,,
road,DE08,Cologne,train,retain_major_candidate|subpixel_lt_10m|trunk,355973.18721238273,5652149.577555893,EPSG:32632,770,1428,trunk,9.600000000000001,,,,,,0.10121835023164749,0.01457726489752531,,
road,DE08,Cologne,train,retain_major_candidate|one_to_two_pixels_10_20m|trunk_link,356209.9927810579,5652173.575962763,EPSG:32632,768,1452,trunk_link,12.8,,,,,,0.12169801443815231,0.018034059554338455,,
road,DE08,Cologne,train,retain_major_candidate|subpixel_lt_10m|trunk_link,354466.41403747216,5647322.401599612,EPSG:32632,1253,1277,trunk_link,3.2,,,,,,0.19241058826446533,0.033087100833654404,,
road,DE08,Cologne,train,retain_major_candidate|subpixel_lt_10m|trunk_link,355171.5228589962,5654747.818977739,EPSG:32632,510,1348,trunk_link,3.2,,,,,,0.05490611493587494,0.0175801869481802,,
road,DE08,Cologne,train,manual_review_candidate|one_to_two_pixels_10_20m|unclassified,348246.80313308723,5636716.439614247,EPSG:32632,2313,655,unclassified,12.8,,,,,,0.30180051922798157,0.023873787373304367,,
road,DE08,Cologne,train,manual_review_candidate|one_to_two_pixels_10_20m|unclassified,342212.94804131496,5637738.512646599,EPSG:32632,2211,52,unclassified,12.8,,,,,,0.3884912133216858,0.06008745729923248,,
road,DE08,Cologne,train,manual_review_candidate|subpixel_lt_10m|unclassified,360060.4058322903,5644131.673861194,EPSG:32632,1572,1837,unclassified,6.0,,,,,,0.2518029808998108,0.016314873471856117,,
road,DE08,Cologne,train,manual_review_candidate|subpixel_lt_10m|unclassified,347979.6541993518,5637064.471616153,EPSG:32632,2279,629,unclassified,6.0,,,,,,0.07895241677761078,0.026994813233613968,,
bare_land,DE08,Cologne,train,current_v3,357324.07368864154,5657060.7336777095,EPSG:32632,279,1563,,,current_v3,1,0,1,13100,0.15168264508247375,0.016293486580252647,,
bare_land,DE08,Cologne,train,current_v3,353904.07368864154,5638630.7336777095,EPSG:32632,2122,1221,,,current_v3,1,0,1,13100,0.09329342842102051,0.015739448368549347,,
bare_land,DE08,Cologne,train,tier2_osm_dw_new,355754.07368864154,5652830.7336777095,EPSG:32632,702,1406,,,tier2_osm_dw_new,1,1,0,12300,0.0310683511197567,0.005056815221905708,,
bare_land,DE08,Cologne,train,tier2_osm_dw_new,355764.07368864154,5652830.7336777095,EPSG:32632,702,1407,,,tier2_osm_dw_new,1,1,0,12300,0.03423652797937393,0.00838005542755127,,
bare_land,DE08,Cologne,train,single_source_osm,355734.07368864154,5652890.7336777095,EPSG:32632,696,1404,,,single_source_osm,1,0,0,12300,0.028205255046486855,0.006517423316836357,,
bare_land,DE08,Cologne,train,single_source_osm,344624.07368864154,5640400.7336777095,EPSG:32632,1945,293,,,single_source_osm,1,0,0,12100,0.515681266784668,0.13459433615207672,,
bare_land,DE08,Cologne,train,single_source_dw,347344.07368864154,5643190.7336777095,EPSG:32632,1666,565,,,single_source_dw,0,1,0,12100,0.0501987487077713,0.004664554260671139,,
bare_land,DE08,Cologne,train,single_source_dw,347324.07368864154,5643220.7336777095,EPSG:32632,1663,563,,,single_source_dw,0,1,0,12100,0.04848742112517357,0.0030685265082865953,,
bare_land,DE08,Cologne,train,single_source_ua,352834.07368864154,5635560.7336777095,EPSG:32632,2429,1114,,,single_source_ua,0,0,1,13100,0.8992055058479309,0.036213379353284836,,
bare_land,DE08,Cologne,train,single_source_ua,348104.07368864154,5649880.7336777095,EPSG:32632,997,641,,,single_source_ua,0,0,1,13100,0.08829116821289062,0.02413494884967804,,
road,DE09,Dusseldorf,train,likely_ignore_candidate|one_to_two_pixels_10_20m|living_street,340396.49866043386,5679062.918762559,EPSG:32632,1343,1085,living_street,10.5,,,,,,0.3902409076690674,0.13252629339694977,,
road,DE09,Dusseldorf,train,likely_ignore_candidate|one_to_two_pixels_10_20m|living_street,340010.1996592889,5679209.508512394,EPSG:32632,1329,1046,living_street,10.4,,,,,,0.8194527626037598,0.22032783925533295,,
road,DE09,Dusseldorf,train,likely_ignore_candidate|subpixel_lt_10m|living_street,356155.6903253967,5692022.971778814,EPSG:32632,47,2661,living_street,6.0,,,,,,0.16584570705890656,0.09382697939872742,,
road,DE09,Dusseldorf,train,likely_ignore_candidate|subpixel_lt_10m|living_street,359431.2494382216,5672781.794397965,EPSG:32632,1972,2988,living_street,6.0,,,,,,1.2550166845321655,0.032129328697919846,,
road,DE09,Dusseldorf,train,retain_major_candidate|one_to_two_pixels_10_20m|motorway,346272.5640123106,5682629.298487769,EPSG:32632,987,1673,motorway,12.8,,,,,,0.07841291278600693,0.006744231563061476,,
road,DE09,Dusseldorf,train,retain_major_candidate|one_to_two_pixels_10_20m|motorway,340163.25285698264,5671825.462400662,EPSG:32632,2067,1062,motorway,12.8,,,,,,0.06560239940881729,0.01639850065112114,,
road,DE09,Dusseldorf,train,retain_major_candidate|subpixel_lt_10m|motorway,340566.2319741798,5682887.782948585,EPSG:32632,961,1102,motorway,9.600000000000001,,,,,,0.05184952914714813,0.010699890553951263,,
road,DE09,Dusseldorf,train,retain_major_candidate|subpixel_lt_10m|motorway,349900.2185348284,5673167.414327623,EPSG:32632,1933,2035,motorway,9.600000000000001,,,,,,0.05175266042351723,0.014497639611363411,,
road,DE09,Dusseldorf,train,retain_major_candidate|one_to_two_pixels_10_20m|motorway_link,335118.6697521927,5686875.53402635,EPSG:32632,562,557,motorway_link,10.0,,,,,,0.03035801462829113,0.005495145916938782,,
road,DE09,Dusseldorf,train,retain_major_candidate|one_to_two_pixels_10_20m|motorway_link,335125.4335928372,5686890.692663268,EPSG:32632,561,558,motorway_link,10.0,,,,,,0.030527789145708084,0.005949775688350201,,
road,DE09,Dusseldorf,train,retain_major_candidate|subpixel_lt_10m|motorway_link,335408.1468978275,5676664.302239554,EPSG:32632,1583,586,motorway_link,3.2,,,,,,0.15156009793281555,0.021465059369802475,,
road,DE09,Dusseldorf,train,retain_major_candidate|subpixel_lt_10m|motorway_link,334919.78720685287,5676652.42966616,EPSG:32632,1584,537,motorway_link,3.2,,,,,,0.25066715478897095,0.01961999572813511,,
road,DE09,Dusseldorf,train,likely_ignore_candidate|one_to_two_pixels_10_20m|pedestrian,352393.08091910335,5668085.6134509975,EPSG:32632,2441,2285,pedestrian,11.0,,,,,,0.15324346721172333,0.033820655196905136,,
road,DE09,Dusseldorf,train,likely_ignore_candidate|one_to_two_pixels_10_20m|pedestrian,354177.92799721245,5676687.802205259,EPSG:32632,1581,2463,pedestrian,15.0,,,,,,0.3316969871520996,0.02794901840388775,,
road,DE09,Dusseldorf,train,likely_ignore_candidate|subpixel_lt_10m|pedestrian,344729.2415196132,5677129.282125216,EPSG:32632,1537,1518,pedestrian,5.0,,,,,,0.8655816316604614,0.12839266657829285,,
road,DE09,Dusseldorf,train,likely_ignore_candidate|subpixel_lt_10m|pedestrian,350712.1177883193,5678347.742619574,EPSG:32632,1415,2117,pedestrian,5.0,,,,,,0.29039207100868225,0.04837112873792648,,
road,DE09,Dusseldorf,train,retain_major_candidate|one_to_two_pixels_10_20m|primary,332049.147307184,5689716.38988509,EPSG:32632,278,250,primary,14.0,,,,,,0.09353680163621902,0.020298173651099205,,
road,DE09,Dusseldorf,train,retain_major_candidate|one_to_two_pixels_10_20m|primary,335412.97355352197,5670962.62902838,EPSG:32632,2153,587,primary,16.0,,,,,,0.06501855701208115,0.012755791656672955,,
road,DE09,Dusseldorf,train,retain_major_candidate|subpixel_lt_10m|primary,345139.79763148946,5669138.378708074,EPSG:32632,2336,1559,primary,6.4,,,,,,0.09106103330850601,0.019564073532819748,,
road,DE09,Dusseldorf,train,retain_major_candidate|subpixel_lt_10m|primary,332525.19134304085,5688489.240034249,EPSG:32632,401,298,primary,9.600000000000001,,,,,,0.10289716720581055,0.025924421846866608,,
road,DE09,Dusseldorf,train,retain_major_candidate|one_to_two_pixels_10_20m|primary_link,343162.29865556164,5674659.538108358,EPSG:32632,1784,1362,primary_link,19.200000000000003,,,,,,0.0580177903175354,0.020471656695008278,,
road,DE09,Dusseldorf,train,retain_major_candidate|one_to_two_pixels_10_20m|primary_link,344621.41824628145,5674426.437034484,EPSG:32632,1807,1507,primary_link,16.0,,,,,,0.09877743571996689,0.018657688051462173,,
road,DE09,Dusseldorf,train,retain_major_candidate|subpixel_lt_10m|primary_link,343677.10780190246,5682364.506959613,EPSG:32632,1013,1413,primary_link,3.2,,,,,,0.09422598779201508,0.01815767027437687,,
road,DE09,Dusseldorf,train,retain_major_candidate|subpixel_lt_10m|primary_link,355008.1638806665,5665167.305806179,EPSG:32632,2733,2546,primary_link,3.2,,,,,,0.07836497575044632,0.014700452797114849,,
road,DE09,Dusseldorf,train,manual_review_candidate|one_to_two_pixels_10_20m|residential,344429.5568380562,5683355.074178498,EPSG:32632,914,1488,residential,12.8,,,,,,0.3771715760231018,0.12568210065364838,,
road,DE09,Dusseldorf,train,manual_review_candidate|one_to_two_pixels_10_20m|residential,355109.5549647913,5674655.04330822,EPSG:32632,1784,2556,residential,11.0,,,,,,0.1292458027601242,0.030239801853895187,,
road,DE09,Dusseldorf,train,manual_review_candidate|subpixel_lt_10m|residential,336325.5592922374,5683968.4269580785,EPSG:32632,853,678,residential,8.0,,,,,,0.4734785258769989,0.08171314746141434,,
road,DE09,Dusseldorf,train,manual_review_candidate|subpixel_lt_10m|residential,341162.22883073817,5669447.148307173,EPSG:32632,2305,1162,residential,8.0,,,,,,0.22029109299182892,0.02692451886832714,,
road,DE09,Dusseldorf,train,retain_major_candidate|one_to_two_pixels_10_20m|secondary,349306.8960173118,5672972.933813885,EPSG:32632,1952,1976,secondary,12.8,,,,,,0.14495128393173218,0.017951859161257744,,
road,DE09,Dusseldorf,train,retain_major_candidate|one_to_two_pixels_10_20m|secondary,353827.52512257034,5682528.935349852,EPSG:32632,997,2428,secondary,12.0,,,,,,0.12252958118915558,0.015341302379965782,,
road,DE09,Dusseldorf,train,retain_major_candidate|subpixel_lt_10m|secondary,336757.3559014539,5690809.9091665065,EPSG:32632,169,721,secondary,3.2,,,,,,0.06932567805051804,0.022164463996887207,,
road,DE09,Dusseldorf,train,retain_major_candidate|subpixel_lt_10m|secondary,357375.612776679,5690461.705415107,EPSG:32632,204,2783,secondary,3.2,,,,,,0.1537507027387619,0.02535196952521801,,
road,DE09,Dusseldorf,train,retain_major_candidate|subpixel_lt_10m|secondary_link,346455.5655917813,5680034.266757404,EPSG:32632,1246,1691,secondary_link,6.4,,,,,,0.0775633156299591,0.017948081716895103,,
road,DE09,Dusseldorf,train,retain_major_candidate|subpixel_lt_10m|secondary_link,347657.4541104024,5681009.104541223,EPSG:32632,1149,1811,secondary_link,3.2,,,,,,0.06543886661529541,0.013008569367229939,,
road,DE09,Dusseldorf,train,likely_ignore_candidate|subpixel_lt_10m|service,340207.5275617762,5680117.600328738,EPSG:32632,1238,1066,service,5.0,,,,,,0.1343790739774704,0.027442678809165955,,
road,DE09,Dusseldorf,train,likely_ignore_candidate|subpixel_lt_10m|service,347922.20805704384,5689413.8093534205,EPSG:32632,308,1838,service,5.0,,,,,,0.04258595407009125,0.02049379236996174,,
road,DE09,Dusseldorf,train,manual_review_candidate|one_to_two_pixels_10_20m|tertiary,329779.089159935,5673675.576424232,EPSG:32632,1882,23,tertiary,10.0,,,,,,0.10843633860349655,0.037478066980838776,,
road,DE09,Dusseldorf,train,manual_review_candidate|one_to_two_pixels_10_20m|tertiary,345729.26849256095,5667726.141506717,EPSG:32632,2477,1618,tertiary,10.0,,,,,,0.07814981043338776,0.02294602058827877,,
road,DE09,Dusseldorf,train,manual_review_candidate|subpixel_lt_10m|tertiary,345036.90236158296,5674212.2581631355,EPSG:32632,1828,1549,tertiary,3.2,,,,,,0.2617741823196411,0.07037633657455444,,
road,DE09,Dusseldorf,train,manual_review_candidate|subpixel_lt_10m|tertiary,344946.1550684941,5674685.258923858,EPSG:32632,1781,1540,tertiary,3.2,,,,,,0.25588884949684143,0.03307027369737625,,
road,DE09,Dusseldorf,train,manual_review_candidate|two_plus_pixels_ge_20m|tertiary,340616.97970982257,5674875.509706583,EPSG:32632,1762,1107,tertiary,22.400000000000002,,,,,,0.05448412522673607,0.015271345153450966,,
road,DE09,Dusseldorf,train,manual_review_candidate|subpixel_lt_10m|tertiary_link,331990.26864779653,5677056.98255631,EPSG:32632,1544,244,tertiary_link,3.2,,,,,,0.043098580092191696,0.011418534442782402,,
road,DE09,Dusseldorf,train,manual_review_candidate|subpixel_lt_10m|tertiary_link,343361.0503683957,5675263.254855987,EPSG:32632,1723,1381,tertiary_link,3.2,,,,,,0.10588864982128143,0.015562236309051514,,
road,DE09,Dusseldorf,train,retain_major_candidate|one_to_two_pixels_10_20m|trunk,340132.403396505,5678298.338932833,EPSG:32632,1420,1059,trunk,12.8,,,,,,0.052489541471004486,0.014343412593007088,,
road,DE09,Dusseldorf,train,retain_major_candidate|one_to_two_pixels_10_20m|trunk,344592.08711971535,5676154.728368467,EPSG:32632,1634,1505,trunk,12.8,,,,,,0.1457287222146988,0.03804640471935272,,
road,DE09,Dusseldorf,train,retain_major_candidate|subpixel_lt_10m|trunk,344477.2750453071,5679882.190505702,EPSG:32632,1261,1493,trunk,3.2,,,,,,0.2480776011943817,0.03550034388899803,,
road,DE09,Dusseldorf,train,retain_major_candidate|subpixel_lt_10m|trunk,344508.20837025694,5685338.34180907,EPSG:32632,716,1496,trunk,6.4,,,,,,0.07232203334569931,0.013256173580884933,,
road,DE09,Dusseldorf,train,retain_major_candidate|one_to_two_pixels_10_20m|trunk_link,343016.501267616,5682513.479321498,EPSG:32632,998,1347,trunk_link,12.8,,,,,,0.16616536676883698,0.026503605768084526,,
road,DE09,Dusseldorf,train,retain_major_candidate|one_to_two_pixels_10_20m|trunk_link,343058.9750899081,5682398.801242595,EPSG:32632,1010,1351,trunk_link,12.8,,,,,,0.04728583246469498,0.011640527285635471,,
road,DE09,Dusseldorf,train,retain_major_candidate|subpixel_lt_10m|trunk_link,346467.44865912804,5672228.510139175,EPSG:32632,2027,1692,trunk_link,3.2,,,,,,0.07145731896162033,0.017392190173268318,,
road,DE09,Dusseldorf,train,retain_major_candidate|subpixel_lt_10m|trunk_link,344243.3577355974,5676353.882165937,EPSG:32632,1614,1470,trunk_link,6.4,,,,,,0.08307696878910065,0.06390077620744705,,
road,DE09,Dusseldorf,train,manual_review_candidate|one_to_two_pixels_10_20m|unclassified,344867.3613869927,5669181.490706954,EPSG:32632,2332,1532,unclassified,12.8,,,,,,0.0701059028506279,0.026254933327436447,,
road,DE09,Dusseldorf,train,manual_review_candidate|one_to_two_pixels_10_20m|unclassified,340151.54696890165,5675236.454487491,EPSG:32632,1726,1060,unclassified,12.8,,,,,,0.0796896442770958,0.015473758801817894,,
road,DE09,Dusseldorf,train,manual_review_candidate|subpixel_lt_10m|unclassified,356510.74582231266,5692244.42482369,EPSG:32632,25,2696,unclassified,6.4,,,,,,0.5430905222892761,0.05084478482604027,,
road,DE09,Dusseldorf,train,manual_review_candidate|subpixel_lt_10m|unclassified,348830.63787620387,5682379.869236039,EPSG:32632,1012,1928,unclassified,3.2,,,,,,0.0257334653288126,0.008927847258746624,,
bare_land,DE09,Dusseldorf,train,current_v3,335196.7297870738,5680206.947899519,EPSG:32632,1229,565,,,current_v3,1,0,1,13100,0.0679275318980217,0.016936281695961952,,
bare_land,DE09,Dusseldorf,train,current_v3,350406.7297870738,5676736.947899519,EPSG:32632,1576,2086,,,current_v3,1,0,1,13100,0.0633092075586319,0.015339279547333717,,
bare_land,DE09,Dusseldorf,train,tier2_osm_dw_new,334816.7297870738,5679666.947899519,EPSG:32632,1283,527,,,tier2_osm_dw_new,1,1,0,21000,0.035201676189899445,0.003424128983169794,,
bare_land,DE09,Dusseldorf,train,tier2_osm_dw_new,334846.7297870738,5679626.947899519,EPSG:32632,1287,530,,,tier2_osm_dw_new,1,1,0,21000,0.06638404726982117,0.011027215979993343,,
bare_land,DE09,Dusseldorf,train,single_source_osm,337906.7297870738,5667786.947899519,EPSG:32632,2471,836,,,single_source_osm,1,0,0,11210,0.10556207597255707,0.010824745520949364,,
bare_land,DE09,Dusseldorf,train,single_source_osm,334606.7297870738,5680856.947899519,EPSG:32632,1164,506,,,single_source_osm,1,0,0,21000,0.12338388711214066,0.014251593500375748,,
bare_land,DE09,Dusseldorf,train,single_source_dw,345096.7297870738,5684086.947899519,EPSG:32632,841,1555,,,single_source_dw,0,1,0,12400,0.04028056189417839,0.01475043036043644,,
bare_land,DE09,Dusseldorf,train,single_source_dw,335636.7297870738,5678476.947899519,EPSG:32632,1402,609,,,single_source_dw,0,1,0,23000,0.028753994032740593,0.004190550651401281,,
bare_land,DE09,Dusseldorf,train,single_source_ua,338786.7297870738,5678286.947899519,EPSG:32632,1421,924,,,single_source_ua,0,0,1,13300,0.04250301420688629,0.01088634505867958,,
bare_land,DE09,Dusseldorf,train,single_source_ua,346646.7297870738,5683576.947899519,EPSG:32632,892,1710,,,single_source_ua,0,0,1,13300,0.384599894285202,0.19988349080085754,,
road,DE10,Dortmund,train,likely_ignore_candidate|subpixel_lt_10m|living_street,385106.0817776271,5698006.64565552,EPSG:32632,2505,659,living_street,6.0,,,,,,0.19432753324508667,0.0631793960928917,,
road,DE10,Dortmund,train,likely_ignore_candidate|subpixel_lt_10m|living_street,407275.2580186422,5697233.288320199,EPSG:32632,2582,2876,living_street,6.0,,,,,,0.14178994297981262,0.03610088303685188,,
road,DE10,Dortmund,train,retain_major_candidate|one_to_two_pixels_10_20m|motorway,398629.6668723472,5700941.199285675,EPSG:32632,2211,2012,motorway,12.8,,,,,,0.0399000458419323,0.008178714662790298,,
road,DE10,Dortmund,train,retain_major_candidate|one_to_two_pixels_10_20m|motorway,385782.1620187033,5702062.523401839,EPSG:32632,2099,727,motorway,12.8,,,,,,0.062000591307878494,0.011123878881335258,,
road,DE10,Dortmund,train,retain_major_candidate|subpixel_lt_10m|motorway,384636.8058340404,5713673.690009561,EPSG:32632,938,612,motorway,6.4,,,,,,0.07807562500238419,0.015138336457312107,,
road,DE10,Dortmund,train,retain_major_candidate|subpixel_lt_10m|motorway,379757.47792174004,5698250.755484357,EPSG:32632,2480,125,motorway,6.4,,,,,,0.020453548058867455,0.005146486684679985,,
road,DE10,Dortmund,train,retain_major_candidate|subpixel_lt_10m|motorway_link,397886.73290581757,5699033.470601288,EPSG:32632,2402,1937,motorway_link,3.2,,,,,,0.040891386568546295,0.005864331498742104,,
road,DE10,Dortmund,train,retain_major_candidate|subpixel_lt_10m|motorway_link,387076.1576339827,5716230.575559661,EPSG:32632,682,856,motorway_link,6.4,,,,,,0.05001528561115265,0.008836566470563412,,
road,DE10,Dortmund,train,likely_ignore_candidate|one_to_two_pixels_10_20m|pedestrian,395917.7152030462,5705158.3978015445,EPSG:32632,1789,1741,pedestrian,14.0,,,,,,3.267308473587036,0.13269676268100739,,
road,DE10,Dortmund,train,likely_ignore_candidate|one_to_two_pixels_10_20m|pedestrian,395921.7770574622,5705179.196478769,EPSG:32632,1787,1741,pedestrian,14.0,,,,,,1.101669192314148,0.2376428097486496,,
road,DE10,Dortmund,train,likely_ignore_candidate|subpixel_lt_10m|pedestrian,393857.87563610415,5708141.001988664,EPSG:32632,1491,1535,pedestrian,5.9,,,,,,0.9715655446052551,0.1574462503194809,,
road,DE10,Dortmund,train,likely_ignore_candidate|subpixel_lt_10m|pedestrian,378796.56221457646,5701030.051618379,EPSG:32632,2202,28,pedestrian,5.0,,,,,,0.35527247190475464,0.1644909530878067,,
road,DE10,Dortmund,train,retain_major_candidate|one_to_two_pixels_10_20m|primary,401607.6680130466,5699225.777808505,EPSG:32632,2383,2310,primary,12.8,,,,,,0.1388019621372223,0.020675109699368477,,
road,DE10,Dortmund,train,retain_major_candidate|one_to_two_pixels_10_20m|primary,383808.48768516013,5706430.213831881,EPSG:32632,1662,530,primary,12.8,,,,,,0.10297852754592896,0.019147219136357307,,
road,DE10,Dortmund,train,retain_major_candidate|subpixel_lt_10m|primary,392296.6051154984,5709247.228275113,EPSG:32632,1381,1378,primary,6.4,,,,,,0.4408869445323944,0.035029709339141846,,
road,DE10,Dortmund,train,retain_major_candidate|subpixel_lt_10m|primary,383378.26454986376,5702870.484678699,EPSG:32632,2018,487,primary,6.4,,,,,,0.1817781627178192,0.037231601774692535,,
road,DE10,Dortmund,train,retain_major_candidate|two_plus_pixels_ge_20m|primary,392075.2301002378,5693700.760263974,EPSG:32632,2935,1356,primary,22.400000000000002,,,,,,0.07114895433187485,0.015031865797936916,,
road,DE10,Dortmund,train,retain_major_candidate|one_to_two_pixels_10_20m|primary_link,382904.0478893789,5712761.572148906,EPSG:32632,1029,439,primary_link,12.8,,,,,,0.08159390091896057,0.01097777672111988,,
road,DE10,Dortmund,train,retain_major_candidate|subpixel_lt_10m|primary_link,393808.6562661589,5706448.234918404,EPSG:32632,1660,1530,primary_link,3.2,,,,,,0.1961856484413147,0.02205626107752323,,
road,DE10,Dortmund,train,retain_major_candidate|subpixel_lt_10m|primary_link,397858.6411516147,5719620.121488744,EPSG:32632,343,1935,primary_link,3.2,,,,,,0.1620587259531021,0.021482175216078758,,
road,DE10,Dortmund,train,manual_review_candidate|one_to_two_pixels_10_20m|residential,393096.3687468513,5708214.828935575,EPSG:32632,1484,1458,residential,10.2,,,,,,0.6521809697151184,0.15766336023807526,,
road,DE10,Dortmund,train,manual_review_candidate|one_to_two_pixels_10_20m|residential,378784.9211311069,5701906.966982968,EPSG:32632,2115,27,residential,14.0,,,,,,0.09901972115039825,0.019458023831248283,,
road,DE10,Dortmund,train,manual_review_candidate|subpixel_lt_10m|residential,397688.2340014868,5716034.732696407,EPSG:32632,702,1918,residential,8.0,,,,,,0.155089870095253,0.05209450051188469,,
road,DE10,Dortmund,train,manual_review_candidate|subpixel_lt_10m|residential,385058.3172728431,5707213.587174561,EPSG:32632,1584,655,residential,8.0,,,,,,0.2862451374530792,0.030899250879883766,,
road,DE10,Dortmund,train,retain_major_candidate|one_to_two_pixels_10_20m|secondary,394697.93073139305,5706595.514052498,EPSG:32632,1646,1619,secondary,12.8,,,,,,0.07774457335472107,0.019964631646871567,,
road,DE10,Dortmund,train,retain_major_candidate|one_to_two_pixels_10_20m|secondary,386636.02777352516,5706103.011254443,EPSG:32632,1695,812,secondary,12.8,,,,,,0.061490897089242935,0.019150573760271072,,
road,DE10,Dortmund,train,retain_major_candidate|subpixel_lt_10m|secondary,401776.62449708703,5718279.447278544,EPSG:32632,477,2326,secondary,6.4,,,,,,0.1301344335079193,0.02678569033741951,,
road,DE10,Dortmund,train,retain_major_candidate|subpixel_lt_10m|secondary,393046.80213655625,5704260.520067038,EPSG:32632,1879,1453,secondary,9.600000000000001,,,,,,0.06435506790876389,0.012442432343959808,,
road,DE10,Dortmund,train,retain_major_candidate|subpixel_lt_10m|secondary_link,395498.54014890874,5705831.343297269,EPSG:32632,1722,1699,secondary_link,3.2,,,,,,0.15590032935142517,0.0402541384100914,,
road,DE10,Dortmund,train,retain_major_candidate|subpixel_lt_10m|secondary_link,392548.63274081616,5706581.6925582895,EPSG:32632,1647,1404,secondary_link,3.2,,,,,,0.11271607875823975,0.07698916643857956,,
road,DE10,Dortmund,train,likely_ignore_candidate|one_to_two_pixels_10_20m|service,388479.036860118,5701887.156331265,EPSG:32632,2117,997,service,12.0,,,,,,0.055504780262708664,0.005645505618304014,,
road,DE10,Dortmund,train,likely_ignore_candidate|one_to_two_pixels_10_20m|service,388500.0987688423,5701900.5628261445,EPSG:32632,2115,999,service,12.0,,,,,,0.06944950670003891,0.0049297804944217205,,
road,DE10,Dortmund,train,likely_ignore_candidate|subpixel_lt_10m|service,378639.26658294874,5703769.211118236,EPSG:32632,1928,13,service,5.0,,,,,,0.21957099437713623,0.04291805252432823,,
road,DE10,Dortmund,train,likely_ignore_candidate|subpixel_lt_10m|service,406450.1510566844,5713215.157238842,EPSG:32632,984,2794,service,5.0,,,,,,0.21296235918998718,0.041412707418203354,,
road,DE10,Dortmund,train,manual_review_candidate|one_to_two_pixels_10_20m|tertiary,393018.2427656804,5707043.252734001,EPSG:32632,1601,1451,tertiary,12.8,,,,,,0.48039916157722473,0.12121786922216415,,
road,DE10,Dortmund,train,manual_review_candidate|one_to_two_pixels_10_20m|tertiary,403507.0108244667,5706056.168679925,EPSG:32632,1700,2500,tertiary,10.0,,,,,,0.20115149021148682,0.10314135998487473,,
road,DE10,Dortmund,train,manual_review_candidate|subpixel_lt_10m|tertiary,393727.38823819265,5712072.841256623,EPSG:32632,1098,1522,tertiary,6.4,,,,,,0.3055344820022583,0.05481301248073578,,
road,DE10,Dortmund,train,manual_review_candidate|subpixel_lt_10m|tertiary,379459.4665211063,5699666.56015826,EPSG:32632,2339,95,tertiary,6.4,,,,,,0.10736456513404846,0.026806877925992012,,
road,DE10,Dortmund,train,manual_review_candidate|subpixel_lt_10m|tertiary_link,383219.9072928518,5711752.124930532,EPSG:32632,1130,471,tertiary_link,3.2,,,,,,0.30899596214294434,0.016508303582668304,,
road,DE10,Dortmund,train,manual_review_candidate|subpixel_lt_10m|tertiary_link,385410.8429696101,5711791.573738168,EPSG:32632,1126,690,tertiary_link,3.2,,,,,,0.08878219127655029,0.020269149914383888,,
road,DE10,Dortmund,train,retain_major_candidate|one_to_two_pixels_10_20m|trunk,393623.19572902203,5705703.559450373,EPSG:32632,1735,1511,trunk,12.8,,,,,,0.06888318806886673,0.028600402176380157,,
road,DE10,Dortmund,train,retain_major_candidate|one_to_two_pixels_10_20m|trunk,398339.6121127647,5707259.507813167,EPSG:32632,1579,1983,trunk,12.8,,,,,,0.04882606118917465,0.021953005343675613,,
road,DE10,Dortmund,train,retain_major_candidate|subpixel_lt_10m|trunk,397457.59498910257,5707029.555441161,EPSG:32632,1602,1895,trunk,9.600000000000001,,,,,,0.10542512685060501,0.014657732099294662,,
road,DE10,Dortmund,train,retain_major_candidate|subpixel_lt_10m|trunk,403479.13332164584,5707416.310371691,EPSG:32632,1564,2497,trunk,9.600000000000001,,,,,,0.04409356042742729,0.012560861185193062,,
road,DE10,Dortmund,train,retain_major_candidate|one_to_two_pixels_10_20m|trunk_link,393999.3035981165,5704766.935507384,EPSG:32632,1829,1549,trunk_link,12.8,,,,,,0.052567388862371445,0.00813724659383297,,
road,DE10,Dortmund,train,retain_major_candidate|subpixel_lt_10m|trunk_link,378591.46215219144,5701196.100514939,EPSG:32632,2186,8,trunk_link,6.4,,,,,,0.1007389947772026,0.014796634204685688,,
road,DE10,Dortmund,train,retain_major_candidate|subpixel_lt_10m|trunk_link,393603.8295821051,5706340.988913959,EPSG:32632,1671,1509,trunk_link,3.2,,,,,,0.15950050950050354,0.024648575112223625,,
road,DE10,Dortmund,train,manual_review_candidate|one_to_two_pixels_10_20m|unclassified,391865.2618163035,5709652.772585055,EPSG:32632,1340,1335,unclassified,15.0,,,,,,0.6286851763725281,0.08167285472154617,,
road,DE10,Dortmund,train,manual_review_candidate|one_to_two_pixels_10_20m|unclassified,381210.39487044176,5706194.507675643,EPSG:32632,1686,270,unclassified,12.8,,,,,,0.10646481812000275,0.014598367735743523,,
road,DE10,Dortmund,train,manual_review_candidate|subpixel_lt_10m|unclassified,407423.93068177195,5711931.928730145,EPSG:32632,1112,2891,unclassified,6.0,,,,,,0.09555647522211075,0.02754143811762333,,
road,DE10,Dortmund,train,manual_review_candidate|subpixel_lt_10m|unclassified,384777.1440507762,5714595.395752799,EPSG:32632,846,627,unclassified,6.0,,,,,,0.0874837189912796,0.035183653235435486,,
bare_land,DE10,Dortmund,train,current_v3,394881.8353732135,5710473.186498104,EPSG:32632,1258,1637,,,current_v3,1,0,1,13100,0.08155831694602966,0.005796897690743208,,
bare_land,DE10,Dortmund,train,current_v3,386041.8353732135,5714163.186498104,EPSG:32632,889,753,,,current_v3,1,0,1,13300,0.05447602644562721,0.007972623221576214,,
bare_land,DE10,Dortmund,train,tier2_osm_dw_new,394741.8353732135,5719143.186498104,EPSG:32632,391,1623,,,tier2_osm_dw_new,1,1,0,12100,0.011711761355400085,0.001874961773864925,,
bare_land,DE10,Dortmund,train,tier2_osm_dw_new,394881.8353732135,5719073.186498104,EPSG:32632,398,1637,,,tier2_osm_dw_new,1,1,0,12100,0.028651000931859016,0.004237432032823563,,
bare_land,DE10,Dortmund,train,single_source_osm,382311.8353732135,5706823.186498104,EPSG:32632,1623,380,,,single_source_osm,1,0,0,31000,0.03850243613123894,0.00608446542173624,,
bare_land,DE10,Dortmund,train,single_source_osm,386051.8353732135,5714733.186498104,EPSG:32632,832,754,,,single_source_osm,1,0,0,23000,0.092499740421772,0.024549700319767,,
bare_land,DE10,Dortmund,train,single_source_dw,395321.8353732135,5710673.186498104,EPSG:32632,1238,1681,,,single_source_dw,0,1,0,13400,0.10986753553152084,0.002139694057404995,,
bare_land,DE10,Dortmund,train,single_source_ua,401821.8353732135,5719863.186498104,EPSG:32632,319,2331,,,single_source_ua,0,0,1,13100,0.029218263924121857,0.00511394627392292,,
bare_land,DE10,Dortmund,train,single_source_ua,386161.8353732135,5715773.186498104,EPSG:32632,728,765,,,single_source_ua,0,0,1,13100,0.056429844349622726,0.013158404268324375,,
road,DE11,Hamburg,train,likely_ignore_candidate|one_to_two_pixels_10_20m|living_street,568287.6519241722,5948748.737627548,EPSG:32632,28,1745,living_street,15.0,,,,,,0.1768154799938202,0.023704901337623596,,
road,DE11,Hamburg,train,likely_ignore_candidate|subpixel_lt_10m|living_street,577915.0032204648,5936532.8625818305,EPSG:32632,1250,2708,living_street,6.0,,,,,,0.36349156498908997,0.026164643466472626,,
road,DE11,Hamburg,train,likely_ignore_candidate|subpixel_lt_10m|living_street,561168.925679781,5940050.453774298,EPSG:32632,898,1033,living_street,4.5,,,,,,0.15095992386341095,0.025400083512067795,,
road,DE11,Hamburg,train,retain_major_candidate|one_to_two_pixels_10_20m|motorway,561192.5039406326,5943610.97804399,EPSG:32632,542,1035,motorway,14.0,,,,,,0.809593141078949,0.010938623920083046,,
road,DE11,Hamburg,train,retain_major_candidate|one_to_two_pixels_10_20m|motorway,560638.0475815919,5937817.999869969,EPSG:32632,1121,980,motorway,12.8,,,,,,0.06476176530122757,0.011347996070981026,,
road,DE11,Hamburg,train,retain_major_candidate|subpixel_lt_10m|motorway,576279.7198700231,5934544.513959719,EPSG:32632,1449,2544,motorway,9.600000000000001,,,,,,0.0638943687081337,0.010108250193297863,,
road,DE11,Hamburg,train,retain_major_candidate|subpixel_lt_10m|motorway,574596.3779153323,5926823.689367613,EPSG:32632,2221,2376,motorway,6.4,,,,,,0.07943621277809143,0.016928447410464287,,
road,DE11,Hamburg,train,retain_major_candidate|two_plus_pixels_ge_20m|motorway,559539.271326441,5935135.575468325,EPSG:32632,1390,870,motorway,22.5,,,,,,0.2281665951013565,0.00988547969609499,,
road,DE11,Hamburg,train,retain_major_candidate|two_plus_pixels_ge_20m|motorway,561322.8163667297,5943928.382338693,EPSG:32632,510,1048,motorway,24.0,,,,,,0.05393765866756439,0.01117827370762825,,
road,DE11,Hamburg,train,retain_major_candidate|one_to_two_pixels_10_20m|motorway_link,574001.531021235,5927147.314414192,EPSG:32632,2189,2316,motorway_link,10.0,,,,,,0.09673736244440079,0.03448538854718208,,
road,DE11,Hamburg,train,retain_major_candidate|one_to_two_pixels_10_20m|motorway_link,573858.2216372325,5927125.668330366,EPSG:32632,2191,2302,motorway_link,10.0,,,,,,0.08125560730695724,0.00870906189084053,,
road,DE11,Hamburg,train,retain_major_candidate|subpixel_lt_10m|motorway_link,559934.5795621491,5941627.839514725,EPSG:32632,741,910,motorway_link,3.2,,,,,,0.13281477987766266,0.012461589649319649,,
road,DE11,Hamburg,train,retain_major_candidate|subpixel_lt_10m|motorway_link,560643.3052676073,5926170.4903283175,EPSG:32632,2286,980,motorway_link,6.4,,,,,,0.048845332115888596,0.014109918847680092,,
road,DE11,Hamburg,train,likely_ignore_candidate|subpixel_lt_10m|pedestrian,566504.5567667787,5933771.346200259,EPSG:32632,1526,1567,pedestrian,5.0,,,,,,0.7444503903388977,0.09485245496034622,,
road,DE11,Hamburg,train,likely_ignore_candidate|subpixel_lt_10m|pedestrian,571068.3093358411,5936828.957275076,EPSG:32632,1220,2023,pedestrian,5.0,,,,,,0.1739504486322403,0.03668319806456566,,
road,DE11,Hamburg,train,retain_major_candidate|one_to_two_pixels_10_20m|primary,556696.2247264031,5939150.800199072,EPSG:32632,988,586,primary,12.8,,,,,,0.09776997566223145,0.020487628877162933,,
road,DE11,Hamburg,train,retain_major_candidate|one_to_two_pixels_10_20m|primary,558814.8105791942,5935815.071162789,EPSG:32632,1322,798,primary,12.8,,,,,,0.15906892716884613,0.0127181988209486,,
road,DE11,Hamburg,train,retain_major_candidate|subpixel_lt_10m|primary,567537.8531297054,5931639.215862749,EPSG:32632,1739,1670,primary,3.2,,,,,,0.16397948563098907,0.024489618837833405,,
road,DE11,Hamburg,train,retain_major_candidate|subpixel_lt_10m|primary,568013.7703516912,5934114.388089848,EPSG:32632,1492,1717,primary,9.600000000000001,,,,,,0.16518864035606384,0.02799033559858799,,
road,DE11,Hamburg,train,retain_major_candidate|two_plus_pixels_ge_20m|primary,563690.9782156041,5939682.330383515,EPSG:32632,935,1285,primary,22.400000000000002,,,,,,0.07692933082580566,0.024747421965003014,,
road,DE11,Hamburg,train,retain_major_candidate|two_plus_pixels_ge_20m|primary,572360.6859831037,5945837.560678999,EPSG:32632,320,2152,primary,22.400000000000002,,,,,,0.12827306985855103,0.020547987893223763,,
road,DE11,Hamburg,train,retain_major_candidate|subpixel_lt_10m|primary_link,568449.8459238319,5932689.866386851,EPSG:32632,1634,1761,primary_link,9.600000000000001,,,,,,0.07693584263324738,0.0159363504499197,,
road,DE11,Hamburg,train,retain_major_candidate|subpixel_lt_10m|primary_link,568498.5192929832,5932560.464420275,EPSG:32632,1647,1766,primary_link,9.600000000000001,,,,,,0.0794445127248764,0.02794944867491722,,
road,DE11,Hamburg,train,manual_review_candidate|one_to_two_pixels_10_20m|residential,555866.0750676354,5935721.186982232,EPSG:32632,1331,503,residential,10.0,,,,,,0.14439527690410614,0.03354957327246666,,
road,DE11,Hamburg,train,manual_review_candidate|one_to_two_pixels_10_20m|residential,561566.2604291154,5935521.106289083,EPSG:32632,1351,1073,residential,10.0,,,,,,0.19127637147903442,0.05677657574415207,,
road,DE11,Hamburg,train,manual_review_candidate|subpixel_lt_10m|residential,564050.6787208724,5948117.689253997,EPSG:32632,92,1321,residential,8.0,,,,,,0.1640501469373703,0.03226273134350777,,
road,DE11,Hamburg,train,manual_review_candidate|subpixel_lt_10m|residential,569569.6452515007,5937520.820441398,EPSG:32632,1151,1873,residential,8.0,,,,,,0.37254875898361206,0.030486129224300385,,
road,DE11,Hamburg,train,manual_review_candidate|two_plus_pixels_ge_20m|residential,562640.8634114764,5933363.334839497,EPSG:32632,1567,1180,residential,21.0,,,,,,0.2277681827545166,0.04257586598396301,,
road,DE11,Hamburg,train,manual_review_candidate|two_plus_pixels_ge_20m|residential,558570.5083987266,5937289.81296902,EPSG:32632,1174,773,residential,24.0,,,,,,0.10823138058185577,0.025601791217923164,,
road,DE11,Hamburg,train,retain_major_candidate|one_to_two_pixels_10_20m|secondary,565827.0673027594,5922427.919634081,EPSG:32632,2661,1499,secondary,12.8,,,,,,0.7181817889213562,0.04919900372624397,,
road,DE11,Hamburg,train,retain_major_candidate|one_to_two_pixels_10_20m|secondary,562022.1688124985,5936410.264041124,EPSG:32632,1262,1118,secondary,12.8,,,,,,0.49400073289871216,0.04668814316391945,,
road,DE11,Hamburg,train,retain_major_candidate|subpixel_lt_10m|secondary,550968.526652011,5944255.342393772,EPSG:32632,478,13,secondary,3.2,,,,,,0.050990257412195206,0.010238279588520527,,
road,DE11,Hamburg,train,retain_major_candidate|subpixel_lt_10m|secondary,568700.045612751,5940485.409671001,EPSG:32632,855,1786,secondary,9.600000000000001,,,,,,0.3275645971298218,0.040934208780527115,,
road,DE11,Hamburg,train,retain_major_candidate|two_plus_pixels_ge_20m|secondary,559678.4347593709,5936037.438329622,EPSG:32632,1300,884,secondary,20.0,,,,,,0.29843392968177795,0.04981263354420662,,
road,DE11,Hamburg,train,retain_major_candidate|two_plus_pixels_ge_20m|secondary,562867.0321184151,5934888.318681651,EPSG:32632,1414,1203,secondary,22.400000000000002,,,,,,0.139450341463089,0.02349027432501316,,
road,DE11,Hamburg,train,retain_major_candidate|one_to_two_pixels_10_20m|secondary_link,560688.597434426,5929626.564406595,EPSG:32632,1941,985,secondary_link,12.8,,,,,,0.058734145015478134,0.0112489378079772,,
road,DE11,Hamburg,train,retain_major_candidate|one_to_two_pixels_10_20m|secondary_link,560650.8531578447,5929635.893430162,EPSG:32632,1940,981,secondary_link,12.8,,,,,,0.12880545854568481,0.021198824048042297,,
road,DE11,Hamburg,train,retain_major_candidate|subpixel_lt_10m|secondary_link,560774.6225799854,5934271.429653088,EPSG:32632,1476,994,secondary_link,6.4,,,,,,0.17557615041732788,0.015152035281062126,,
road,DE11,Hamburg,train,retain_major_candidate|subpixel_lt_10m|secondary_link,564757.4933216809,5927325.717509929,EPSG:32632,2171,1392,secondary_link,3.2,,,,,,0.06245848909020424,0.012855722568929195,,
road,DE11,Hamburg,train,likely_ignore_candidate|one_to_two_pixels_10_20m|service,579751.5905844138,5926817.048552432,EPSG:32632,2222,2891,service,10.0,,,,,,0.3072241246700287,0.17471295595169067,,
road,DE11,Hamburg,train,likely_ignore_candidate|one_to_two_pixels_10_20m|service,560539.6493911846,5929713.159947574,EPSG:32632,1932,970,service,12.0,,,,,,0.1781049370765686,0.032052405178546906,,
road,DE11,Hamburg,train,likely_ignore_candidate|subpixel_lt_10m|service,575677.885932818,5947821.558226555,EPSG:32632,121,2484,service,5.0,,,,,,0.10648369789123535,0.02030566707253456,,
road,DE11,Hamburg,train,likely_ignore_candidate|subpixel_lt_10m|service,579984.9683677529,5920702.007778282,EPSG:32632,2833,2915,service,5.0,,,,,,0.10995768755674362,0.0361262671649456,,
road,DE11,Hamburg,train,manual_review_candidate|one_to_two_pixels_10_20m|tertiary,574087.2536852735,5924567.288985277,EPSG:32632,2447,2325,tertiary,10.0,,,,,,0.16055810451507568,0.01628132537007332,,
road,DE11,Hamburg,train,manual_review_candidate|one_to_two_pixels_10_20m|tertiary,576541.4047902232,5923468.0670873085,EPSG:32632,2556,2570,tertiary,10.0,,,,,,0.10700707882642746,0.03150932863354683,,
road,DE11,Hamburg,train,manual_review_candidate|subpixel_lt_10m|tertiary,563405.8937575647,5937281.294816109,EPSG:32632,1175,1257,tertiary,6.4,,,,,,0.10965198278427124,0.03179226070642471,,
road,DE11,Hamburg,train,manual_review_candidate|subpixel_lt_10m|tertiary,565983.8525564382,5934220.617597165,EPSG:32632,1481,1514,tertiary,3.2,,,,,,0.09375541657209396,0.04211365431547165,,
road,DE11,Hamburg,train,manual_review_candidate|two_plus_pixels_ge_20m|tertiary,578675.6529209882,5927344.169575245,EPSG:32632,2169,2784,tertiary,38.400000000000006,,,,,,0.20691463351249695,0.015361931174993515,,
road,DE11,Hamburg,train,manual_review_candidate|two_plus_pixels_ge_20m|tertiary,578688.8693142573,5927341.173626469,EPSG:32632,2169,2785,tertiary,38.400000000000006,,,,,,0.18162840604782104,0.016653893515467644,,
road,DE11,Hamburg,train,manual_review_candidate|subpixel_lt_10m|tertiary_link,569467.4768829623,5938608.438409474,EPSG:32632,1042,1863,tertiary_link,3.2,,,,,,0.1538267284631729,0.02933691442012787,,
road,DE11,Hamburg,train,manual_review_candidate|subpixel_lt_10m|tertiary_link,566132.7302510713,5940894.016369607,EPSG:32632,814,1529,tertiary_link,6.0,,,,,,0.07818485051393509,0.020999716594815254,,
road,DE11,Hamburg,train,retain_major_candidate|one_to_two_pixels_10_20m|trunk,568230.9832684734,5932387.1596124405,EPSG:32632,1665,1739,trunk,12.8,,,,,,0.04955005273222923,0.011589676141738892,,
road,DE11,Hamburg,train,retain_major_candidate|one_to_two_pixels_10_20m|trunk,567837.292023476,5931545.718756431,EPSG:32632,1749,1700,trunk,12.8,,,,,,0.03675813972949982,0.01190904714167118,,
road,DE11,Hamburg,train,retain_major_candidate|subpixel_lt_10m|trunk,573766.4302210843,5932237.282912615,EPSG:32632,1680,2293,trunk,6.4,,,,,,0.09088078141212463,0.014927350915968418,,
road,DE11,Hamburg,train,retain_major_candidate|subpixel_lt_10m|trunk,566028.2494603486,5943841.299104361,EPSG:32632,519,1519,trunk,6.4,,,,,,0.05837363004684448,0.011756567284464836,,
road,DE11,Hamburg,train,retain_major_candidate|one_to_two_pixels_10_20m|trunk_link,567261.2817837608,5930397.6172971325,EPSG:32632,1864,1642,trunk_link,12.8,,,,,,0.07917720824480057,0.015827570110559464,,
road,DE11,Hamburg,train,retain_major_candidate|one_to_two_pixels_10_20m|trunk_link,566734.6507802645,5929033.056362848,EPSG:32632,2000,1590,trunk_link,12.8,,,,,,0.06969916820526123,0.006578655447810888,,
road,DE11,Hamburg,train,retain_major_candidate|subpixel_lt_10m|trunk_link,568112.6559316945,5930410.544321049,EPSG:32632,1862,1727,trunk_link,6.4,,,,,,0.13832047581672668,0.01445749867707491,,
road,DE11,Hamburg,train,retain_major_candidate|subpixel_lt_10m|trunk_link,566965.9663146031,5941922.653143859,EPSG:32632,711,1613,trunk_link,3.2,,,,,,0.15203070640563965,0.04276413470506668,,
road,DE11,Hamburg,train,manual_review_candidate|one_to_two_pixels_10_20m|unclassified,555464.1670781455,5939421.81078652,EPSG:32632,961,462,unclassified,10.0,,,,,,0.07182765752077103,0.01059067714959383,,
road,DE11,Hamburg,train,manual_review_candidate|one_to_two_pixels_10_20m|unclassified,559598.3809471829,5938116.105502607,EPSG:32632,1092,876,unclassified,12.8,,,,,,0.15894608199596405,0.00949463713914156,,
road,DE11,Hamburg,train,manual_review_candidate|subpixel_lt_10m|unclassified,564566.0189600966,5931029.287170865,EPSG:32632,1800,1373,unclassified,6.4,,,,,,0.3929801881313324,0.14540334045886993,,
road,DE11,Hamburg,train,manual_review_candidate|subpixel_lt_10m|unclassified,566575.590776115,5942880.374035067,EPSG:32632,615,1574,unclassified,6.0,,,,,,0.31618979573249817,0.037784919142723083,,
bare_land,DE11,Hamburg,train,current_v3,562639.3640108273,5926632.951124841,EPSG:32632,2240,1180,,,current_v3,1,0,1,13100,0.038967180997133255,0.009637966752052307,,
bare_land,DE11,Hamburg,train,current_v3,562809.3640108273,5919092.951124841,EPSG:32632,2994,1197,,,current_v3,1,0,1,13100,0.04268951714038849,0.01004803366959095,,
bare_land,DE11,Hamburg,train,tier2_osm_dw_new,567059.3640108273,5931942.951124841,EPSG:32632,1709,1622,,,tier2_osm_dw_new,1,1,0,12300,0.06526168435811996,0.006640708539634943,,
bare_land,DE11,Hamburg,train,tier2_osm_dw_new,567079.3640108273,5931952.951124841,EPSG:32632,1708,1624,,,tier2_osm_dw_new,1,1,0,12300,0.05314585566520691,0.00835397932678461,,
bare_land,DE11,Hamburg,train,single_source_osm,554099.3640108273,5934232.951124841,EPSG:32632,1480,326,,,single_source_osm,1,0,0,50000,0.16425380110740662,0.010430711321532726,,
bare_land,DE11,Hamburg,train,single_source_osm,553799.3640108273,5932862.951124841,EPSG:32632,1617,296,,,single_source_osm,1,0,0,50000,0.10301340371370316,0.023775601759552956,,
bare_land,DE11,Hamburg,train,single_source_dw,565639.3640108273,5942432.951124841,EPSG:32632,660,1480,,,single_source_dw,0,1,0,12400,0.012471080757677555,0.0033045955933630466,,
bare_land,DE11,Hamburg,train,single_source_dw,565639.3640108273,5942442.951124841,EPSG:32632,659,1480,,,single_source_dw,0,1,0,12400,0.011478777974843979,0.003042473690584302,,
bare_land,DE11,Hamburg,train,single_source_ua,557729.3640108273,5930162.951124841,EPSG:32632,1887,689,,,single_source_ua,0,0,1,13100,0.028044573962688446,0.01120857335627079,,
bare_land,DE11,Hamburg,train,single_source_ua,567669.3640108273,5932482.951124841,EPSG:32632,1655,1683,,,single_source_ua,0,0,1,13300,0.08948906511068344,0.013274150900542736,,
road,DE12,Bremen,train,likely_ignore_candidate|subpixel_lt_10m|living_street,490890.5294181662,5870507.473247886,EPSG:32632,2560,1917,living_street,6.0,,,,,,0.1198364868760109,0.026407575234770775,,
road,DE12,Bremen,train,likely_ignore_candidate|subpixel_lt_10m|living_street,493107.10936782754,5886461.063882545,EPSG:32632,964,2139,living_street,6.0,,,,,,0.1264171600341797,0.027057113125920296,,
road,DE12,Bremen,train,retain_major_candidate|one_to_two_pixels_10_20m|motorway,499615.6643969107,5877348.276843537,EPSG:32632,1876,2789,motorway,12.8,,,,,,0.04979914054274559,0.009578819386661053,,
road,DE12,Bremen,train,retain_major_candidate|one_to_two_pixels_10_20m|motorway,486855.0883428017,5874898.363468877,EPSG:32632,2121,1513,motorway,12.8,,,,,,0.03695601597428322,0.016860468313097954,,
road,DE12,Bremen,train,retain_major_candidate|subpixel_lt_10m|motorway,472698.5462451017,5892597.095171591,EPSG:32632,351,98,motorway,6.4,,,,,,0.06621068716049194,0.016989702358841896,,
road,DE12,Bremen,train,retain_major_candidate|subpixel_lt_10m|motorway,496843.528429543,5875412.988095822,EPSG:32632,2069,2512,motorway,9.600000000000001,,,,,,0.05255761370062828,0.014518599025905132,,
road,DE12,Bremen,train,retain_major_candidate|one_to_two_pixels_10_20m|motorway_link,478755.1990156332,5891554.47326521,EPSG:32632,455,703,motorway_link,10.0,,,,,,0.1652025729417801,0.02513819932937622,,
road,DE12,Bremen,train,retain_major_candidate|one_to_two_pixels_10_20m|motorway_link,478823.23227337695,5891555.345649272,EPSG:32632,455,710,motorway_link,10.0,,,,,,0.15936490893363953,0.0149235799908638,,
road,DE12,Bremen,train,retain_major_candidate|subpixel_lt_10m|motorway_link,486057.9253869584,5878559.3695436185,EPSG:32632,1755,1434,motorway_link,3.2,,,,,,0.18014661967754364,0.030567068606615067,,
road,DE12,Bremen,train,retain_major_candidate|subpixel_lt_10m|motorway_link,479736.4847177089,5873309.370935537,EPSG:32632,2280,802,motorway_link,6.4,,,,,,0.07696003466844559,0.0173561442643404,,
road,DE12,Bremen,train,likely_ignore_candidate|subpixel_lt_10m|pedestrian,487820.641600274,5881865.372751463,EPSG:32632,1424,1610,pedestrian,5.0,,,,,,0.057696305215358734,0.021421579644083977,,
road,DE12,Bremen,train,likely_ignore_candidate|subpixel_lt_10m|pedestrian,486780.333441957,5880801.607398622,EPSG:32632,1530,1506,pedestrian,5.0,,,,,,2.3991520404815674,0.3746347725391388,,
road,DE12,Bremen,train,retain_major_candidate|one_to_two_pixels_10_20m|primary,486589.1829624126,5878405.7263370445,EPSG:32632,1770,1487,primary,12.8,,,,,,0.06335075944662094,0.009005332365632057,,
road,DE12,Bremen,train,retain_major_candidate|one_to_two_pixels_10_20m|primary,484341.7189247105,5871810.882974148,EPSG:32632,2429,1262,primary,12.8,,,,,,0.07553280889987946,0.01772480085492134,,
road,DE12,Bremen,train,retain_major_candidate|subpixel_lt_10m|primary,491132.3456546988,5879206.76861511,EPSG:32632,1690,1941,primary,6.4,,,,,,0.10565616190433502,0.018253270536661148,,
road,DE12,Bremen,train,retain_major_candidate|subpixel_lt_10m|primary,483470.9210108053,5885525.356014456,EPSG:32632,1058,1175,primary,9.600000000000001,,,,,,0.2958735227584839,0.019183479249477386,,
road,DE12,Bremen,train,retain_major_candidate|subpixel_lt_10m|primary_link,486158.06060171337,5881637.907918031,EPSG:32632,1447,1444,primary_link,6.4,,,,,,0.5597932934761047,0.09490975737571716,,
road,DE12,Bremen,train,retain_major_candidate|subpixel_lt_10m|primary_link,492666.8393249913,5881564.508657902,EPSG:32632,1454,2095,primary_link,8.0,,,,,,0.09847130626440048,0.02912304550409317,,
road,DE12,Bremen,train,manual_review_candidate|one_to_two_pixels_10_20m|residential,485980.18056642485,5881718.152813714,EPSG:32632,1439,1426,residential,10.5,,,,,,0.717503547668457,0.06569786369800568,,
road,DE12,Bremen,train,manual_review_candidate|one_to_two_pixels_10_20m|residential,475032.81358344905,5877717.292647783,EPSG:32632,1839,331,residential,10.3,,,,,,0.11814344674348831,0.034324198961257935,,
road,DE12,Bremen,train,manual_review_candidate|subpixel_lt_10m|residential,474190.8974306988,5889491.296678668,EPSG:32632,661,247,residential,8.0,,,,,,0.11972836405038834,0.008955109864473343,,
road,DE12,Bremen,train,manual_review_candidate|subpixel_lt_10m|residential,471927.2825544018,5881211.1480585,EPSG:32632,1489,21,residential,8.0,,,,,,0.25224587321281433,0.046556390821933746,,
road,DE12,Bremen,train,manual_review_candidate|two_plus_pixels_ge_20m|residential,489034.8481607944,5878029.572469682,EPSG:32632,1808,1731,residential,20.0,,,,,,0.7428392171859741,0.050525739789009094,,
road,DE12,Bremen,train,manual_review_candidate|two_plus_pixels_ge_20m|residential,483512.1185309014,5887556.039641472,EPSG:32632,855,1179,residential,20.0,,,,,,0.14079739153385162,0.02643543854355812,,
road,DE12,Bremen,train,retain_major_candidate|one_to_two_pixels_10_20m|secondary,496353.4659127926,5889916.847622519,EPSG:32632,619,2463,secondary,12.0,,,,,,0.11309853196144104,0.01038899552077055,,
road,DE12,Bremen,train,retain_major_candidate|one_to_two_pixels_10_20m|secondary,476292.44879478833,5881415.576197232,EPSG:32632,1469,457,secondary,12.0,,,,,,0.13197973370552063,0.021545251831412315,,
road,DE12,Bremen,train,retain_major_candidate|subpixel_lt_10m|secondary,487120.75137914927,5883366.403561015,EPSG:32632,1274,1540,secondary,6.4,,,,,,0.07357431203126907,0.01186409406363964,,
road,DE12,Bremen,train,retain_major_candidate|subpixel_lt_10m|secondary,494665.8023703079,5882506.055914756,EPSG:32632,1360,2294,secondary,6.4,,,,,,0.11249634623527527,0.031086504459381104,,
road,DE12,Bremen,train,retain_major_candidate|subpixel_lt_10m|secondary_link,492609.50320967357,5879137.333936397,EPSG:32632,1697,2089,secondary_link,3.2,,,,,,0.10492892563343048,0.022647056728601456,,
road,DE12,Bremen,train,retain_major_candidate|subpixel_lt_10m|secondary_link,485726.23497507407,5883458.361136536,EPSG:32632,1265,1400,secondary_link,3.2,,,,,,0.33932751417160034,0.11282042413949966,,
road,DE12,Bremen,train,likely_ignore_candidate|one_to_two_pixels_10_20m|service,484544.59322235116,5882995.735719169,EPSG:32632,1311,1282,service,14.0,,,,,,0.25547555088996887,0.042612556368112564,,
road,DE12,Bremen,train,likely_ignore_candidate|one_to_two_pixels_10_20m|service,484270.3098978938,5883093.270834925,EPSG:32632,1301,1255,service,11.6,,,,,,5.256772994995117,0.07685187458992004,,
road,DE12,Bremen,train,likely_ignore_candidate|subpixel_lt_10m|service,488048.62306060176,5890307.51613147,EPSG:32632,580,1633,service,5.0,,,,,,0.09061916172504425,0.018817298114299774,,
road,DE12,Bremen,train,likely_ignore_candidate|subpixel_lt_10m|service,493069.24446746416,5882946.663452348,EPSG:32632,1316,2135,service,5.0,,,,,,0.14399278163909912,0.04830033332109451,,
road,DE12,Bremen,train,manual_review_candidate|one_to_two_pixels_10_20m|tertiary,474443.7871920032,5892013.552775132,EPSG:32632,409,272,tertiary,10.0,,,,,,0.27868038415908813,0.029715709388256073,,
road,DE12,Bremen,train,manual_review_candidate|one_to_two_pixels_10_20m|tertiary,493327.84854265675,5887535.839737767,EPSG:32632,857,2161,tertiary,10.0,,,,,,0.34581324458122253,0.05255778878927231,,
road,DE12,Bremen,train,manual_review_candidate|subpixel_lt_10m|tertiary,483786.33669457986,5878775.7198348595,EPSG:32632,1733,1206,tertiary,6.4,,,,,,0.11683974415063858,0.03471443057060242,,
road,DE12,Bremen,train,manual_review_candidate|subpixel_lt_10m|tertiary,490860.7242765286,5874835.460624513,EPSG:32632,2127,1914,tertiary,6.4,,,,,,0.053133267909288406,0.013781627640128136,,
road,DE12,Bremen,train,manual_review_candidate|one_to_two_pixels_10_20m|tertiary_link,483662.1115726094,5881110.029845964,EPSG:32632,1500,1194,tertiary_link,12.8,,,,,,0.0601055771112442,0.01139237079769373,,
road,DE12,Bremen,train,manual_review_candidate|one_to_two_pixels_10_20m|tertiary_link,483660.82437415596,5881122.521394437,EPSG:32632,1498,1194,tertiary_link,12.8,,,,,,0.046097926795482635,0.009829407557845116,,
road,DE12,Bremen,train,manual_review_candidate|subpixel_lt_10m|tertiary_link,483403.41368093854,5884782.322661919,EPSG:32632,1132,1168,tertiary_link,3.2,,,,,,0.08465883880853653,0.010639484040439129,,
road,DE12,Bremen,train,manual_review_candidate|subpixel_lt_10m|tertiary_link,482153.89509452146,5892571.697564762,EPSG:32632,353,1043,tertiary_link,3.2,,,,,,0.06103018298745155,0.0252300426363945,,
road,DE12,Bremen,train,retain_major_candidate|one_to_two_pixels_10_20m|trunk,485989.79538803536,5872256.226600904,EPSG:32632,2385,1427,trunk,12.8,,,,,,0.10508083552122116,0.028854893520474434,,
road,DE12,Bremen,train,retain_major_candidate|one_to_two_pixels_10_20m|trunk,490848.2613637694,5884197.519879673,EPSG:32632,1191,1913,trunk,16.0,,,,,,0.07066814601421356,0.03781185299158096,,
road,DE12,Bremen,train,retain_major_candidate|subpixel_lt_10m|trunk,483226.27979424765,5878353.747732334,EPSG:32632,1775,1150,trunk,6.4,,,,,,0.0722184032201767,0.01571711339056492,,
road,DE12,Bremen,train,retain_major_candidate|subpixel_lt_10m|trunk,491587.9983971874,5885232.988370967,EPSG:32632,1087,1987,trunk,3.2,,,,,,0.06014622375369072,0.007971817627549171,,
road,DE12,Bremen,train,retain_major_candidate|one_to_two_pixels_10_20m|trunk_link,486285.2200185976,5883193.960211666,EPSG:32632,1291,1456,trunk_link,10.5,,,,,,5.188018798828125,0.01564948633313179,,
road,DE12,Bremen,train,retain_major_candidate|one_to_two_pixels_10_20m|trunk_link,486290.9651521004,5883210.391263867,EPSG:32632,1290,1457,trunk_link,10.5,,,,,,5.153509616851807,0.015013276599347591,,
road,DE12,Bremen,train,retain_major_candidate|subpixel_lt_10m|trunk_link,489661.3410193832,5876556.383217381,EPSG:32632,1955,1794,trunk_link,6.4,,,,,,0.0619535967707634,0.016206519678235054,,
road,DE12,Bremen,train,retain_major_candidate|subpixel_lt_10m|trunk_link,481063.6384247895,5877902.067549994,EPSG:32632,1820,934,trunk_link,3.2,,,,,,0.060225632041692734,0.015801304951310158,,
road,DE12,Bremen,train,manual_review_candidate|one_to_two_pixels_10_20m|unclassified,486148.8017804035,5883100.055902587,EPSG:32632,1301,1443,unclassified,10.0,,,,,,0.22633036971092224,0.060989320278167725,,
road,DE12,Bremen,train,manual_review_candidate|one_to_two_pixels_10_20m|unclassified,486660.95313012355,5875409.201887915,EPSG:32632,2070,1494,unclassified,12.8,,,,,,0.06280861794948578,0.01434579212218523,,
road,DE12,Bremen,train,manual_review_candidate|subpixel_lt_10m|unclassified,497984.6151866486,5881530.801898518,EPSG:32632,1457,2626,unclassified,6.0,,,,,,0.11229348182678223,0.021820370107889175,,
road,DE12,Bremen,train,manual_review_candidate|subpixel_lt_10m|unclassified,500290.6026516146,5874526.767845162,EPSG:32632,2158,2857,unclassified,6.0,,,,,,0.18348591029644012,0.018895957618951797,,
bare_land,DE12,Bremen,train,current_v3,473061.4166748344,5868465.43553928,EPSG:32632,2764,134,,,current_v3,1,0,1,13100,0.08069822937250137,0.017239181324839592,,
bare_land,DE12,Bremen,train,current_v3,477411.4166748344,5867375.43553928,EPSG:32632,2873,569,,,current_v3,1,0,1,13100,0.05667717754840851,0.019216056913137436,,
bare_land,DE12,Bremen,train,single_source_osm,481421.4166748344,5884165.43553928,EPSG:32632,1194,970,,,single_source_osm,1,0,0,23000,0.04510560631752014,0.009827322326600552,,
bare_land,DE12,Bremen,train,single_source_osm,481201.4166748344,5883605.43553928,EPSG:32632,1250,948,,,single_source_osm,1,0,0,12100,0.02271326631307602,0.004059883765876293,,
bare_land,DE12,Bremen,train,single_source_ua,481671.4166748344,5883175.43553928,EPSG:32632,1293,995,,,single_source_ua,0,0,1,13300,0.08373881131410599,0.01787121407687664,,
bare_land,DE12,Bremen,train,single_source_ua,481061.4166748344,5883085.43553928,EPSG:32632,1302,934,,,single_source_ua,0,0,1,13300,0.07208917289972305,0.009342605248093605,,
road,DE13,Hanover,train,likely_ignore_candidate|one_to_two_pixels_10_20m|living_street,551014.4580914609,5804190.457167473,EPSG:32632,1390,1618,living_street,10.0,,,,,,0.3147410750389099,0.055437032133340836,,
road,DE13,Hanover,train,likely_ignore_candidate|one_to_two_pixels_10_20m|living_street,551033.7896171461,5804202.827168673,EPSG:32632,1389,1620,living_street,10.0,,,,,,0.2322026789188385,0.04375576600432396,,
road,DE13,Hanover,train,likely_ignore_candidate|subpixel_lt_10m|living_street,554996.3180945441,5802344.4166190885,EPSG:32632,1575,2016,living_street,6.0,,,,,,0.08414986729621887,0.02463584393262863,,
road,DE13,Hanover,train,likely_ignore_candidate|subpixel_lt_10m|living_street,556097.8449439729,5793389.414743708,EPSG:32632,2471,2126,living_street,5.0,,,,,,0.26420289278030396,0.05178255960345268,,
road,DE13,Hanover,train,retain_major_candidate|one_to_two_pixels_10_20m|motorway,560521.5115186188,5808435.729328901,EPSG:32632,966,2569,motorway,12.8,,,,,,0.05029721558094025,0.009001594968140125,,
road,DE13,Hanover,train,retain_major_candidate|one_to_two_pixels_10_20m|motorway,555664.2681085544,5808932.592862373,EPSG:32632,916,2083,motorway,12.8,,,,,,0.06217075139284134,0.009358610026538372,,
road,DE13,Hanover,train,retain_major_candidate|subpixel_lt_10m|motorway,549120.4837921838,5811994.912781091,EPSG:32632,610,1429,motorway,6.4,,,,,,0.23915456235408783,0.01260410901159048,,
road,DE13,Hanover,train,retain_major_candidate|subpixel_lt_10m|motorway,559229.4146101696,5808572.12256694,EPSG:32632,952,2439,motorway,3.2,,,,,,0.05808655545115471,0.03339662775397301,,
road,DE13,Hanover,train,retain_major_candidate|one_to_two_pixels_10_20m|motorway_link,535045.2967563879,5806932.982747471,EPSG:32632,1116,21,motorway_link,10.0,,,,,,0.14114582538604736,0.0166797898709774,,
road,DE13,Hanover,train,retain_major_candidate|one_to_two_pixels_10_20m|motorway_link,535038.147124113,5806948.332313758,EPSG:32632,1115,20,motorway_link,10.0,,,,,,0.15342186391353607,0.016853027045726776,,
road,DE13,Hanover,train,retain_major_candidate|subpixel_lt_10m|motorway_link,546040.8782311273,5810245.518734019,EPSG:32632,785,1121,motorway_link,3.2,,,,,,0.10863193869590759,0.0373869426548481,,
road,DE13,Hanover,train,retain_major_candidate|subpixel_lt_10m|motorway_link,555960.9232650492,5806853.9622462345,EPSG:32632,1124,2113,motorway_link,3.2,,,,,,0.08106181770563126,0.030098840594291687,,
road,DE13,Hanover,train,likely_ignore_candidate|one_to_two_pixels_10_20m|pedestrian,548578.6912229493,5802585.159623307,EPSG:32632,1551,1374,pedestrian,18.0,,,,,,0.15181376039981842,0.035319533199071884,,
road,DE13,Hanover,train,likely_ignore_candidate|one_to_two_pixels_10_20m|pedestrian,553481.1748144643,5806150.22144836,EPSG:32632,1195,1865,pedestrian,12.0,,,,,,0.09540878236293793,0.04478400945663452,,
road,DE13,Hanover,train,likely_ignore_candidate|subpixel_lt_10m|pedestrian,553816.6756507164,5802877.460173443,EPSG:32632,1522,1898,pedestrian,5.0,,,,,,0.27533626556396484,0.03756842017173767,,
road,DE13,Hanover,train,likely_ignore_candidate|subpixel_lt_10m|pedestrian,554058.10115746,5796674.131577296,EPSG:32632,2142,1922,pedestrian,5.0,,,,,,0.23940297961235046,0.16044507920742035,,
road,DE13,Hanover,train,likely_ignore_candidate|two_plus_pixels_ge_20m|pedestrian,555867.8285949769,5797145.307838185,EPSG:32632,2095,2103,pedestrian,30.0,,,,,,0.21670497953891754,0.11184809356927872,,
road,DE13,Hanover,train,likely_ignore_candidate|two_plus_pixels_ge_20m|pedestrian,550801.3501231053,5803966.541583935,EPSG:32632,1413,1597,pedestrian,20.0,,,,,,0.3088191747665405,0.09010055661201477,,
road,DE13,Hanover,train,retain_major_candidate|one_to_two_pixels_10_20m|primary,558274.7335120892,5795475.94852221,EPSG:32632,2262,2344,primary,12.8,,,,,,0.09928243607282639,0.016713866963982582,,
road,DE13,Hanover,train,retain_major_candidate|one_to_two_pixels_10_20m|primary,557824.9505755247,5795208.464636475,EPSG:32632,2289,2299,primary,12.8,,,,,,0.1471463143825531,0.03085743635892868,,
road,DE13,Hanover,train,retain_major_candidate|subpixel_lt_10m|primary,542278.7745298576,5808665.087646962,EPSG:32632,943,744,primary,6.4,,,,,,0.10026386380195618,0.02987520582973957,,
road,DE13,Hanover,train,retain_major_candidate|subpixel_lt_10m|primary,540546.3298336816,5804460.264229762,EPSG:32632,1364,571,primary,6.4,,,,,,0.11559950560331345,0.023536277934908867,,
road,DE13,Hanover,train,retain_major_candidate|subpixel_lt_10m|primary_link,556343.869438227,5794620.777089482,EPSG:32632,2347,2151,primary_link,3.2,,,,,,0.2770865559577942,0.021761273965239525,,
road,DE13,Hanover,train,retain_major_candidate|subpixel_lt_10m|primary_link,555795.8987372176,5794122.257276144,EPSG:32632,2397,2096,primary_link,6.4,,,,,,0.08283764868974686,0.015177027322351933,,
road,DE13,Hanover,train,manual_review_candidate|one_to_two_pixels_10_20m|residential,553313.3277298337,5805990.326230225,EPSG:32632,1211,1848,residential,15.0,,,,,,0.364797443151474,0.04049231484532356,,
road,DE13,Hanover,train,manual_review_candidate|one_to_two_pixels_10_20m|residential,545318.8559713722,5800805.968913756,EPSG:32632,1729,1048,residential,10.5,,,,,,0.2957298755645752,0.044710129499435425,,
road,DE13,Hanover,train,manual_review_candidate|subpixel_lt_10m|residential,539697.8632328601,5804717.900462756,EPSG:32632,1338,486,residential,8.0,,,,,,0.06445246189832687,0.016791654750704765,,
road,DE13,Hanover,train,manual_review_candidate|subpixel_lt_10m|residential,554084.8431430246,5806566.389339107,EPSG:32632,1153,1925,residential,5.5,,,,,,0.4710294306278229,0.02546369843184948,,
road,DE13,Hanover,train,manual_review_candidate|two_plus_pixels_ge_20m|residential,557387.4825840311,5805185.760849792,EPSG:32632,1291,2255,residential,24.0,,,,,,0.16010311245918274,0.04093116894364357,,
road,DE13,Hanover,train,manual_review_candidate|two_plus_pixels_ge_20m|residential,552167.1046527396,5805997.560915768,EPSG:32632,1210,1733,residential,24.0,,,,,,0.2011387050151825,0.03656138852238655,,
road,DE13,Hanover,train,retain_major_candidate|one_to_two_pixels_10_20m|secondary,543471.779313331,5788137.424536044,EPSG:32632,2996,864,secondary,12.0,,,,,,0.14128164947032928,0.027802687138319016,,
road,DE13,Hanover,train,retain_major_candidate|one_to_two_pixels_10_20m|secondary,545971.6553068615,5803190.362888847,EPSG:32632,1490,1114,secondary,12.0,,,,,,0.14767976105213165,0.01912190020084381,,
road,DE13,Hanover,train,retain_major_candidate|subpixel_lt_10m|secondary,548389.6057311005,5806426.526045479,EPSG:32632,1167,1355,secondary,6.4,,,,,,0.07487659901380539,0.021513622254133224,,
road,DE13,Hanover,train,retain_major_candidate|subpixel_lt_10m|secondary,541591.5635515146,5793489.558619978,EPSG:32632,2461,676,secondary,6.4,,,,,,0.11323516815900803,0.04195789247751236,,
road,DE13,Hanover,train,retain_major_candidate|subpixel_lt_10m|secondary_link,557107.0123068304,5816015.52839193,EPSG:32632,208,2227,secondary_link,3.2,,,,,,0.1258487105369568,0.010343429632484913,,
road,DE13,Hanover,train,retain_major_candidate|subpixel_lt_10m|secondary_link,549160.2556176393,5810273.85180705,EPSG:32632,782,1433,secondary_link,3.2,,,,,,0.07419479638338089,0.014368804171681404,,
road,DE13,Hanover,train,likely_ignore_candidate|one_to_two_pixels_10_20m|service,552459.1777768367,5806019.015855588,EPSG:32632,1208,1762,service,15.35,,,,,,0.15024413168430328,0.02752738632261753,,
road,DE13,Hanover,train,likely_ignore_candidate|one_to_two_pixels_10_20m|service,558413.198571794,5805562.9565064125,EPSG:32632,1253,2358,service,13.4,,,,,,0.24836856126785278,0.033094413578510284,,
road,DE13,Hanover,train,likely_ignore_candidate|subpixel_lt_10m|service,557465.3464170038,5794763.074233558,EPSG:32632,2333,2263,service,5.0,,,,,,0.23657412827014923,0.032775361090898514,,
road,DE13,Hanover,train,likely_ignore_candidate|subpixel_lt_10m|service,548193.3368347678,5806229.341281973,EPSG:32632,1187,1336,service,5.0,,,,,,0.2407320737838745,0.08843888342380524,,
road,DE13,Hanover,train,likely_ignore_candidate|two_plus_pixels_ge_20m|service,553035.6790700897,5805931.081873711,EPSG:32632,1216,1820,service,22.0,,,,,,0.2906917333602905,0.0414959155023098,,
road,DE13,Hanover,train,likely_ignore_candidate|two_plus_pixels_ge_20m|service,553105.2480045197,5805925.4359951,EPSG:32632,1217,1827,service,22.0,,,,,,0.39934107661247253,0.030451422557234764,,
road,DE13,Hanover,train,manual_review_candidate|one_to_two_pixels_10_20m|tertiary,562163.9479361767,5799166.048124043,EPSG:32632,1893,2733,tertiary,10.0,,,,,,0.20840543508529663,0.02150486782193184,,
road,DE13,Hanover,train,manual_review_candidate|one_to_two_pixels_10_20m|tertiary,554730.0696902856,5805103.515786977,EPSG:32632,1299,1990,tertiary,10.0,,,,,,0.2708228528499603,0.06887228786945343,,
road,DE13,Hanover,train,manual_review_candidate|subpixel_lt_10m|tertiary,546169.8592427343,5801332.852454964,EPSG:32632,1676,1134,tertiary,3.2,,,,,,0.254024863243103,0.038452744483947754,,
road,DE13,Hanover,train,manual_review_candidate|subpixel_lt_10m|tertiary,557018.4183033562,5788880.116543298,EPSG:32632,2922,2218,tertiary,6.4,,,,,,0.6152865290641785,0.024878740310668945,,
road,DE13,Hanover,train,manual_review_candidate|subpixel_lt_10m|tertiary_link,562944.1996656056,5802181.171128358,EPSG:32632,1591,2811,tertiary_link,6.0,,,,,,0.0439087338745594,0.011225097812712193,,
road,DE13,Hanover,train,manual_review_candidate|subpixel_lt_10m|tertiary_link,536384.9806698702,5806052.433408805,EPSG:32632,1204,155,tertiary_link,3.2,,,,,,0.05656547471880913,0.01594069041311741,,
road,DE13,Hanover,train,retain_major_candidate|one_to_two_pixels_10_20m|trunk,552811.6423750492,5791535.559785408,EPSG:32632,2656,1798,trunk,12.8,,,,,,0.06997476518154144,0.020992793142795563,,
road,DE13,Hanover,train,retain_major_candidate|one_to_two_pixels_10_20m|trunk,543039.1401856137,5794847.293983523,EPSG:32632,2325,820,trunk,12.8,,,,,,0.11772657930850983,0.011968987993896008,,
road,DE13,Hanover,train,retain_major_candidate|subpixel_lt_10m|trunk,542990.9932306994,5793410.511102449,EPSG:32632,2468,816,trunk,9.600000000000001,,,,,,0.05330214276909828,0.01273842342197895,,
road,DE13,Hanover,train,retain_major_candidate|subpixel_lt_10m|trunk,542755.0665044981,5791167.7105630655,EPSG:32632,2693,792,trunk,9.600000000000001,,,,,,0.070261649787426,0.019561778753995895,,
road,DE13,Hanover,train,retain_major_candidate|one_to_two_pixels_10_20m|trunk_link,547844.8065010286,5802358.18540892,EPSG:32632,1574,1301,trunk_link,12.8,,,,,,0.19487889111042023,0.030271591618657112,,
road,DE13,Hanover,train,retain_major_candidate|one_to_two_pixels_10_20m|trunk_link,555972.1323395637,5806572.291409299,EPSG:32632,1152,2114,trunk_link,12.8,,,,,,0.10784632712602615,0.014684281311929226,,
road,DE13,Hanover,train,retain_major_candidate|subpixel_lt_10m|trunk_link,551399.1191995046,5793292.992750888,EPSG:32632,2480,1656,trunk_link,3.2,,,,,,0.054689422249794006,0.009869150817394257,,
road,DE13,Hanover,train,retain_major_candidate|subpixel_lt_10m|trunk_link,549096.1654289841,5810106.695696894,EPSG:32632,799,1426,trunk_link,3.2,,,,,,0.10346224159002304,0.02590879239141941,,
road,DE13,Hanover,train,manual_review_candidate|one_to_two_pixels_10_20m|unclassified,558638.6752391282,5803726.0717532495,EPSG:32632,1437,2380,unclassified,10.0,,,,,,0.4714384377002716,0.035495247691869736,,
road,DE13,Hanover,train,manual_review_candidate|one_to_two_pixels_10_20m|unclassified,554825.7898140778,5798111.367658684,EPSG:32632,1998,1999,unclassified,12.8,,,,,,0.16378986835479736,0.01881810463964939,,
road,DE13,Hanover,train,manual_review_candidate|subpixel_lt_10m|unclassified,545929.4862239842,5812479.147862883,EPSG:32632,562,1109,unclassified,6.0,,,,,,0.09135621041059494,0.02503078430891037,,
road,DE13,Hanover,train,manual_review_candidate|subpixel_lt_10m|unclassified,543435.3558444284,5794691.118604922,EPSG:32632,2340,860,unclassified,5.8,,,,,,0.0857195034623146,0.017348412424325943,,
bare_land,DE13,Hanover,train,current_v3,561024.8579044101,5799545.337683735,EPSG:32632,1855,2619,,,current_v3,1,0,1,13100,0.1840527355670929,0.029360497370362282,,
bare_land,DE13,Hanover,train,current_v3,561164.8579044101,5799545.337683735,EPSG:32632,1855,2633,,,current_v3,1,0,1,13100,0.25060585141181946,0.01915382780134678,,
bare_land,DE13,Hanover,train,single_source_osm,551544.8579044101,5804725.337683735,EPSG:32632,1337,1671,,,single_source_osm,1,0,0,14110,0.15730862319469452,0.021081969141960144,,
bare_land,DE13,Hanover,train,single_source_osm,555204.8579044101,5799245.337683735,EPSG:32632,1885,2037,,,single_source_osm,1,0,0,14200,0.024988939985632896,0.007400246802717447,,
bare_land,DE13,Hanover,train,single_source_ua,559444.8579044101,5807515.337683735,EPSG:32632,1058,2461,,,single_source_ua,0,0,1,13100,0.0638870969414711,0.026954038068652153,,
bare_land,DE13,Hanover,train,single_source_ua,564734.8579044101,5795785.337683735,EPSG:32632,2231,2990,,,single_source_ua,0,0,1,13100,0.0,0.0,,
road,DE14,Berlin,train,likely_ignore_candidate|one_to_two_pixels_10_20m|living_street,387271.2135396258,5820290.092180027,EPSG:32633,1478,1049,living_street,11.0,,,,,,0.16107773780822754,0.0324440635740757,,
road,DE14,Berlin,train,likely_ignore_candidate|one_to_two_pixels_10_20m|living_street,391254.3368777864,5820005.726272242,EPSG:32633,1506,1447,living_street,15.0,,,,,,0.10654446482658386,0.05208154022693634,,
road,DE14,Berlin,train,likely_ignore_candidate|subpixel_lt_10m|living_street,400317.11813527544,5815109.759738851,EPSG:32633,1996,2353,living_street,3.0,,,,,,0.288305401802063,0.09554199129343033,,
road,DE14,Berlin,train,likely_ignore_candidate|subpixel_lt_10m|living_street,390714.905786703,5806016.55906417,EPSG:32633,2905,1393,living_street,6.0,,,,,,0.2624492943286896,0.07580988109111786,,
road,DE14,Berlin,train,retain_major_candidate|one_to_two_pixels_10_20m|motorway,399288.1781918297,5809602.237219835,EPSG:32633,2546,2250,motorway,12.8,,,,,,0.09959928691387177,0.041830070316791534,,
road,DE14,Berlin,train,retain_major_candidate|one_to_two_pixels_10_20m|motorway,387310.7699215902,5815568.673698818,EPSG:32633,1950,1053,motorway,12.8,,,,,,0.0549590066075325,0.00957427266985178,,
road,DE14,Berlin,train,retain_major_candidate|subpixel_lt_10m|motorway,383254.25060703565,5818087.131089117,EPSG:32633,1698,647,motorway,3.2,,,,,,0.11865193396806717,0.009959405288100243,,
road,DE14,Berlin,train,retain_major_candidate|subpixel_lt_10m|motorway,394888.41463471623,5813744.445924649,EPSG:32633,2132,1810,motorway,9.600000000000001,,,,,,0.1509275585412979,0.022821923717856407,,
road,DE14,Berlin,train,retain_major_candidate|one_to_two_pixels_10_20m|motorway_link,383393.1496270133,5819018.240924902,EPSG:32633,1605,661,motorway_link,10.0,,,,,,0.15700776875019073,0.016046026721596718,,
road,DE14,Berlin,train,retain_major_candidate|one_to_two_pixels_10_20m|motorway_link,385657.91602690856,5825188.091753359,EPSG:32633,988,887,motorway_link,12.8,,,,,,0.06612842530012131,0.03705310449004173,,
road,DE14,Berlin,train,retain_major_candidate|subpixel_lt_10m|motorway_link,383930.33630517113,5821830.465911509,EPSG:32633,1324,715,motorway_link,6.4,,,,,,0.1372208595275879,0.02140543796122074,,
road,DE14,Berlin,train,retain_major_candidate|subpixel_lt_10m|motorway_link,383160.1693537939,5818298.289652683,EPSG:32633,1677,638,motorway_link,3.2,,,,,,0.11478479206562042,0.023212257772684097,,
road,DE14,Berlin,train,likely_ignore_candidate|one_to_two_pixels_10_20m|pedestrian,395333.4485742849,5818801.665992701,EPSG:32633,1627,1855,pedestrian,11.0,,,,,,0.2064836472272873,0.07733139395713806,,
road,DE14,Berlin,train,likely_ignore_candidate|one_to_two_pixels_10_20m|pedestrian,395289.11662587256,5818814.486069659,EPSG:32633,1625,1850,pedestrian,10.5,,,,,,0.1775052845478058,0.09062329679727554,,
road,DE14,Berlin,train,likely_ignore_candidate|subpixel_lt_10m|pedestrian,391626.2835435037,5820245.727410415,EPSG:32633,1482,1484,pedestrian,5.0,,,,,,0.6071435809135437,0.10825617611408234,,
road,DE14,Berlin,train,likely_ignore_candidate|subpixel_lt_10m|pedestrian,399710.70312043675,5817424.856342658,EPSG:32633,1764,2293,pedestrian,5.0,,,,,,0.15704406797885895,0.019402751699090004,,
road,DE14,Berlin,train,retain_major_candidate|one_to_two_pixels_10_20m|primary,396664.0038310074,5821426.098682074,EPSG:32633,1364,1988,primary,12.5,,,,,,0.21141156554222107,0.019157039001584053,,
road,DE14,Berlin,train,retain_major_candidate|one_to_two_pixels_10_20m|primary,397561.37277272926,5819057.019122043,EPSG:32633,1601,2078,primary,16.0,,,,,,0.07936836034059525,0.02691914513707161,,
road,DE14,Berlin,train,retain_major_candidate|subpixel_lt_10m|primary,388237.4346762488,5823555.880709769,EPSG:32633,1151,1145,primary,9.600000000000001,,,,,,0.07393035292625427,0.01976250857114792,,
road,DE14,Berlin,train,retain_major_candidate|subpixel_lt_10m|primary,387847.0104783471,5818100.680085612,EPSG:32633,1697,1106,primary,6.4,,,,,,0.19659323990345,0.04372832924127579,,
road,DE14,Berlin,train,retain_major_candidate|two_plus_pixels_ge_20m|primary,381775.94357272657,5819023.307631662,EPSG:32633,1604,499,primary,22.400000000000002,,,,,,0.5697062611579895,0.05882967263460159,,
road,DE14,Berlin,train,retain_major_candidate|two_plus_pixels_ge_20m|primary,381802.4234743719,5819025.350660925,EPSG:32633,1604,502,primary,22.400000000000002,,,,,,0.1960558295249939,0.027238570153713226,,
road,DE14,Berlin,train,retain_major_candidate|one_to_two_pixels_10_20m|primary_link,400379.89836523484,5818718.035903209,EPSG:32633,1635,2360,primary_link,12.9,,,,,,0.11486393958330154,0.023067111149430275,,
road,DE14,Berlin,train,retain_major_candidate|one_to_two_pixels_10_20m|primary_link,393283.48813681805,5822096.578947239,EPSG:32633,1297,1650,primary_link,10.5,,,,,,0.15505437552928925,0.05630318820476532,,
road,DE14,Berlin,train,retain_major_candidate|subpixel_lt_10m|primary_link,386623.2155549696,5822253.669034397,EPSG:32633,1281,984,primary_link,6.4,,,,,,0.06596862524747849,0.024635136127471924,,
road,DE14,Berlin,train,retain_major_candidate|subpixel_lt_10m|primary_link,401110.04678602994,5818786.629407578,EPSG:32633,1628,2433,primary_link,3.2,,,,,,0.12166141718626022,0.02790960483253002,,
road,DE14,Berlin,train,manual_review_candidate|one_to_two_pixels_10_20m|residential,396936.72139759234,5813704.4463515,EPSG:32633,2136,2015,residential,10.0,,,,,,0.18751266598701477,0.10031483322381973,,
road,DE14,Berlin,train,manual_review_candidate|one_to_two_pixels_10_20m|residential,394074.5462710301,5822664.659312291,EPSG:32633,1240,1729,residential,14.0,,,,,,0.3057931661605835,0.04784565046429634,,
road,DE14,Berlin,train,manual_review_candidate|subpixel_lt_10m|residential,385381.0686657396,5832758.341359606,EPSG:32633,231,860,residential,3.1,,,,,,0.28282418847084045,0.0395040325820446,,
road,DE14,Berlin,train,manual_review_candidate|subpixel_lt_10m|residential,403774.53635628417,5814551.416747417,EPSG:32633,2052,2699,residential,5.0,,,,,,0.08236002922058105,0.027422817423939705,,
road,DE14,Berlin,train,manual_review_candidate|two_plus_pixels_ge_20m|residential,403587.22325728735,5818714.848209545,EPSG:32633,1635,2680,residential,35.0,,,,,,0.17210768163204193,0.03971971198916435,,
road,DE14,Berlin,train,manual_review_candidate|two_plus_pixels_ge_20m|residential,384302.0251043969,5833294.218645761,EPSG:32633,177,752,residential,20.7,,,,,,0.2776138484477997,0.03186895698308945,,
road,DE14,Berlin,train,retain_major_candidate|one_to_two_pixels_10_20m|secondary,386573.82826009364,5820653.261060065,EPSG:32633,1441,979,secondary,16.0,,,,,,2.4951846599578857,0.18337036669254303,,
road,DE14,Berlin,train,retain_major_candidate|one_to_two_pixels_10_20m|secondary,383224.56192687456,5815448.32839007,EPSG:32633,1962,644,secondary,11.0,,,,,,0.0954241007566452,0.01873660273849964,,
road,DE14,Berlin,train,retain_major_candidate|subpixel_lt_10m|secondary,382483.9035313326,5806961.418430908,EPSG:32633,2811,570,secondary,3.2,,,,,,0.09830955415964127,0.021701401099562645,,
road,DE14,Berlin,train,retain_major_candidate|subpixel_lt_10m|secondary,387628.23980971053,5821646.650549635,EPSG:32633,1342,1084,secondary,6.4,,,,,,0.47979071736335754,0.055873215198516846,,
road,DE14,Berlin,train,retain_major_candidate|two_plus_pixels_ge_20m|secondary,397163.4954655083,5813231.0234414,EPSG:32633,2184,2038,secondary,30.0,,,,,,0.5661047697067261,0.1195228099822998,,
road,DE14,Berlin,train,retain_major_candidate|two_plus_pixels_ge_20m|secondary,385781.09221981256,5812907.835296442,EPSG:32633,2216,900,secondary,20.0,,,,,,0.14028656482696533,0.02181670255959034,,
road,DE14,Berlin,train,retain_major_candidate|one_to_two_pixels_10_20m|secondary_link,400966.2621944257,5820533.4327715775,EPSG:32633,1453,2418,secondary_link,12.8,,,,,,0.10698532313108444,0.011729754507541656,,
road,DE14,Berlin,train,retain_major_candidate|one_to_two_pixels_10_20m|secondary_link,400966.3246317423,5820526.788752084,EPSG:32633,1454,2418,secondary_link,12.8,,,,,,0.09897786378860474,0.012079717591404915,,
road,DE14,Berlin,train,retain_major_candidate|subpixel_lt_10m|secondary_link,393059.4161784748,5816517.449348012,EPSG:32633,1855,1628,secondary_link,7.0,,,,,,0.35773342847824097,0.06789972633123398,,
road,DE14,Berlin,train,retain_major_candidate|subpixel_lt_10m|secondary_link,390544.5136651505,5820896.375267938,EPSG:32633,1417,1376,secondary_link,7.6,,,,,,0.34864819049835205,0.04109009727835655,,
road,DE14,Berlin,train,retain_major_candidate|two_plus_pixels_ge_20m|secondary_link,390735.6729484922,5816122.421103514,EPSG:32633,1894,1395,secondary_link,25.0,,,,,,0.05942545831203461,0.009646480903029442,,
road,DE14,Berlin,train,likely_ignore_candidate|one_to_two_pixels_10_20m|service,403178.77528892923,5825155.406457717,EPSG:32633,991,2639,service,18.6,,,,,,0.3291011154651642,0.07761184126138687,,
road,DE14,Berlin,train,likely_ignore_candidate|one_to_two_pixels_10_20m|service,387810.1562133917,5825065.157089736,EPSG:32633,1000,1103,service,12.0,,,,,,0.20094698667526245,0.030698539689183235,,
road,DE14,Berlin,train,likely_ignore_candidate|subpixel_lt_10m|service,404362.1918193743,5809650.036141885,EPSG:32633,2542,2758,service,5.0,,,,,,0.44064146280288696,0.049210209399461746,,
road,DE14,Berlin,train,likely_ignore_candidate|subpixel_lt_10m|service,392923.560861452,5819059.710060567,EPSG:32633,1601,1614,service,5.0,,,,,,1.0625029802322388,0.28977835178375244,,
road,DE14,Berlin,train,likely_ignore_candidate|two_plus_pixels_ge_20m|service,382781.41132472386,5824524.745219957,EPSG:32633,1054,600,service,40.0,,,,,,0.012618651613593102,0.004942989442497492,,
road,DE14,Berlin,train,likely_ignore_candidate|two_plus_pixels_ge_20m|service,385412.0485671172,5824675.206934735,EPSG:32633,1039,863,service,40.0,,,,,,0.11267449706792831,0.012189516797661781,,
road,DE14,Berlin,train,manual_review_candidate|one_to_two_pixels_10_20m|tertiary,383554.30898085015,5815843.635075778,EPSG:32633,1922,677,tertiary,10.0,,,,,,0.2019919455051422,0.04343429580330849,,
road,DE14,Berlin,train,manual_review_candidate|one_to_two_pixels_10_20m|tertiary,389295.8845492075,5809603.504434997,EPSG:32633,2546,1251,tertiary,10.0,,,,,,0.20286597311496735,0.046075109392404556,,
road,DE14,Berlin,train,manual_review_candidate|subpixel_lt_10m|tertiary,390214.9212358607,5808635.980862646,EPSG:32633,2643,1343,tertiary,6.4,,,,,,0.11387813091278076,0.024543397128582,,
road,DE14,Berlin,train,manual_review_candidate|subpixel_lt_10m|tertiary,390044.32444478176,5820393.45341133,EPSG:32633,1467,1326,tertiary,6.4,,,,,,1.0105136632919312,0.04878884181380272,,
road,DE14,Berlin,train,manual_review_candidate|two_plus_pixels_ge_20m|tertiary,388480.00752672914,5824831.614684045,EPSG:32633,1024,1170,tertiary,21.0,,,,,,0.221501424908638,0.05682896077632904,,
road,DE14,Berlin,train,manual_review_candidate|two_plus_pixels_ge_20m|tertiary,388430.0183403065,5824831.803543797,EPSG:32633,1024,1165,tertiary,21.0,,,,,,0.23914779722690582,0.026507211849093437,,
road,DE14,Berlin,train,manual_review_candidate|one_to_two_pixels_10_20m|tertiary_link,393443.0180073943,5815386.106207557,EPSG:32633,1968,1666,tertiary_link,13.0,,,,,,0.6540055871009827,0.027374984696507454,,
road,DE14,Berlin,train,manual_review_candidate|one_to_two_pixels_10_20m|tertiary_link,400496.3212939621,5810199.092662131,EPSG:32633,2487,2371,tertiary_link,12.0,,,,,,0.337698370218277,0.10946165770292282,,
road,DE14,Berlin,train,manual_review_candidate|subpixel_lt_10m|tertiary_link,379885.64486752526,5807591.279255453,EPSG:32633,2748,310,tertiary_link,3.2,,,,,,0.20940732955932617,0.03365062549710274,,
road,DE14,Berlin,train,manual_review_candidate|subpixel_lt_10m|tertiary_link,390626.1679727165,5828017.162555838,EPSG:32633,705,1384,tertiary_link,3.2,,,,,,0.09285777062177658,0.029612695798277855,,
road,DE14,Berlin,train,retain_major_candidate|one_to_two_pixels_10_20m|trunk,389280.8512355601,5820714.694812599,EPSG:32633,1435,1250,trunk,12.8,,,,,,1.640265703201294,0.15916259586811066,,
road,DE14,Berlin,train,retain_major_candidate|one_to_two_pixels_10_20m|trunk,402035.4612151946,5812704.855261803,EPSG:32633,2236,2525,trunk,12.8,,,,,,0.12033434212207794,0.009308263659477234,,
road,DE14,Berlin,train,retain_major_candidate|subpixel_lt_10m|trunk,389274.21240686683,5821008.618890069,EPSG:32633,1406,1249,trunk,6.4,,,,,,0.2784217298030853,0.03358826786279678,,
road,DE14,Berlin,train,retain_major_candidate|subpixel_lt_10m|trunk,402192.53384366736,5810793.748461831,EPSG:32633,2427,2541,trunk,6.4,,,,,,0.11772212386131287,0.017024628818035126,,
road,DE14,Berlin,train,retain_major_candidate|subpixel_lt_10m|trunk_link,402085.30285186076,5811704.3862964865,EPSG:32633,2336,2530,trunk_link,6.4,,,,,,0.22871427237987518,0.008848920464515686,,
road,DE14,Berlin,train,retain_major_candidate|subpixel_lt_10m|trunk_link,402087.4763512389,5811617.499449372,EPSG:32633,2345,2530,trunk_link,6.4,,,,,,1.1413336992263794,0.12078244984149933,,
road,DE14,Berlin,train,manual_review_candidate|one_to_two_pixels_10_20m|unclassified,388974.8204944741,5828351.304153221,EPSG:32633,672,1219,unclassified,10.0,,,,,,0.46458712220191956,0.034657739102840424,,
road,DE14,Berlin,train,manual_review_candidate|one_to_two_pixels_10_20m|unclassified,387883.90717407595,5826983.336965045,EPSG:32633,808,1110,unclassified,10.0,,,,,,0.30628588795661926,0.05188954249024391,,
road,DE14,Berlin,train,manual_review_candidate|subpixel_lt_10m|unclassified,393319.49766205304,5832452.227951185,EPSG:32633,261,1654,unclassified,6.0,,,,,,0.06375259160995483,0.026768870651721954,,
road,DE14,Berlin,train,manual_review_candidate|subpixel_lt_10m|unclassified,393996.96037424053,5832250.503108818,EPSG:32633,282,1721,unclassified,6.4,,,,,,0.06176532804965973,0.019199253991246223,,
bare_land,DE14,Berlin,train,current_v3,396814.25925275,5827067.1592110265,EPSG:32633,800,2003,,,current_v3,1,0,1,13100,0.13126395642757416,0.018445802852511406,,
bare_land,DE14,Berlin,train,current_v3,400644.25925275,5806037.1592110265,EPSG:32633,2903,2386,,,current_v3,1,0,1,13300,0.2069564312696457,0.11937392503023148,,
bare_land,DE14,Berlin,train,tier2_osm_dw_new,381044.25925275,5823927.1592110265,EPSG:32633,1114,426,,,tier2_osm_dw_new,1,1,0,12100,0.08318833261728287,0.009424766525626183,,
bare_land,DE14,Berlin,train,single_source_osm,385324.25925275,5825237.1592110265,EPSG:32633,983,854,,,single_source_osm,1,0,0,12400,0.06003385782241821,0.011703971773386002,,
bare_land,DE14,Berlin,train,single_source_osm,397914.25925275,5818077.1592110265,EPSG:32633,1699,2113,,,single_source_osm,1,0,0,11210,0.15511740744113922,0.03232550621032715,,
bare_land,DE14,Berlin,train,single_source_dw,383684.25925275,5824177.1592110265,EPSG:32633,1089,690,,,single_source_dw,0,1,0,12400,0.01746775209903717,0.0025000141467899084,,
bare_land,DE14,Berlin,train,single_source_dw,383694.25925275,5824177.1592110265,EPSG:32633,1089,691,,,single_source_dw,0,1,0,12400,0.02002665027976036,0.0021854492370039225,,
bare_land,DE14,Berlin,train,single_source_ua,379164.25925275,5827017.1592110265,EPSG:32633,805,238,,,single_source_ua,0,0,1,13300,0.1974969059228897,0.048094164580106735,,
bare_land,DE14,Berlin,train,single_source_ua,397434.25925275,5805797.1592110265,EPSG:32633,2927,2065,,,single_source_ua,0,0,1,13300,0.25987508893013,0.18283040821552277,,
road,DE15,Leipzig,val,likely_ignore_candidate|one_to_two_pixels_10_20m|living_street,324474.9694375504,5691367.0898233205,EPSG:32633,1451,2244,living_street,10.0,,,,,,0.23190918564796448,0.031764157116413116,,
road,DE15,Leipzig,val,likely_ignore_candidate|one_to_two_pixels_10_20m|living_street,324474.67396138527,5691333.44848948,EPSG:32633,1454,2243,living_street,10.0,,,,,,0.11363240331411362,0.015915397554636,,
road,DE15,Leipzig,val,likely_ignore_candidate|subpixel_lt_10m|living_street,307523.7787091603,5697232.771418727,EPSG:32633,864,548,living_street,6.0,,,,,,0.2659611403942108,0.059728220105171204,,
road,DE15,Leipzig,val,likely_ignore_candidate|subpixel_lt_10m|living_street,319697.04958012485,5691943.43996956,EPSG:32633,1393,1766,living_street,6.0,,,,,,0.22905448079109192,0.03265465050935745,,
road,DE15,Leipzig,val,retain_major_candidate|one_to_two_pixels_10_20m|motorway,325390.7257125873,5692458.537931871,EPSG:32633,1341,2335,motorway,11.5,,,,,,0.038549941033124924,0.012279612012207508,,
road,DE15,Leipzig,val,retain_major_candidate|one_to_two_pixels_10_20m|motorway,329075.82861932757,5686582.249551732,EPSG:32633,1929,2704,motorway,12.8,,,,,,0.03711125999689102,0.008618132211267948,,
road,DE15,Leipzig,val,retain_major_candidate|subpixel_lt_10m|motorway,318064.6238693008,5680079.112382627,EPSG:32633,2579,1602,motorway,6.4,,,,,,0.29351606965065,0.006522171664983034,,
road,DE15,Leipzig,val,retain_major_candidate|subpixel_lt_10m|motorway,304329.937239563,5694153.769640083,EPSG:32633,1172,229,motorway,9.600000000000001,,,,,,0.04428472742438316,0.007408431265503168,,
road,DE15,Leipzig,val,retain_major_candidate|one_to_two_pixels_10_20m|motorway_link,325425.0655851981,5692211.641589843,EPSG:32633,1366,2339,motorway_link,10.0,,,,,,0.042878955602645874,0.011762378737330437,,
road,DE15,Leipzig,val,retain_major_candidate|one_to_two_pixels_10_20m|motorway_link,325401.2644551176,5692235.531682469,EPSG:32633,1364,2336,motorway_link,14.3,,,,,,0.030503375455737114,0.0049094464629888535,,
road,DE15,Leipzig,val,retain_major_candidate|subpixel_lt_10m|motorway_link,318469.32427606464,5698020.474165744,EPSG:32633,785,1643,motorway_link,3.2,,,,,,0.07857734709978104,0.014916746877133846,,
road,DE15,Leipzig,val,retain_major_candidate|subpixel_lt_10m|motorway_link,309605.9992805098,5682735.804253245,EPSG:32633,2314,757,motorway_link,3.2,,,,,,0.04710856080055237,0.013046021573245525,,
road,DE15,Leipzig,val,likely_ignore_candidate|subpixel_lt_10m|pedestrian,312832.50558985624,5699192.018161017,EPSG:32633,668,1079,pedestrian,5.0,,,,,,0.08936940133571625,0.011030306108295918,,
road,DE15,Leipzig,val,likely_ignore_candidate|subpixel_lt_10m|pedestrian,317506.0949990554,5690418.839597433,EPSG:32633,1545,1547,pedestrian,5.0,,,,,,0.13586071133613586,0.039870936423540115,,
road,DE15,Leipzig,val,retain_major_candidate|one_to_two_pixels_10_20m|primary,319044.2814120088,5692143.731929275,EPSG:32633,1373,1700,primary,16.0,,,,,,0.13120871782302856,0.020096514374017715,,
road,DE15,Leipzig,val,retain_major_candidate|one_to_two_pixels_10_20m|primary,317923.2198176973,5694890.138364429,EPSG:32633,1098,1588,primary,13.0,,,,,,0.09155266731977463,0.020553430542349815,,
road,DE15,Leipzig,val,retain_major_candidate|subpixel_lt_10m|primary,321958.6014705811,5704103.936009908,EPSG:32633,177,1992,primary,6.4,,,,,,0.09608522802591324,0.0237946305423975,,
road,DE15,Leipzig,val,retain_major_candidate|subpixel_lt_10m|primary,318839.8369600682,5692864.712737523,EPSG:32633,1301,1680,primary,9.600000000000001,,,,,,0.05515233054757118,0.006071062758564949,,
road,DE15,Leipzig,val,retain_major_candidate|two_plus_pixels_ge_20m|primary,317412.56714754226,5691412.535125188,EPSG:32633,1446,1537,primary,20.0,,,,,,0.10885738581418991,0.009056305512785912,,
road,DE15,Leipzig,val,retain_major_candidate|two_plus_pixels_ge_20m|primary,316305.18634833506,5694888.200211694,EPSG:32633,1098,1427,primary,22.400000000000002,,,,,,0.17360596358776093,0.05859798192977905,,
road,DE15,Leipzig,val,retain_major_candidate|subpixel_lt_10m|primary_link,319597.36808304704,5688007.875024981,EPSG:32633,1787,1756,primary_link,3.2,,,,,,0.11519833654165268,0.01677980273962021,,
road,DE15,Leipzig,val,retain_major_candidate|subpixel_lt_10m|primary_link,316878.3658042193,5690522.530740544,EPSG:32633,1535,1484,primary_link,6.4,,,,,,0.0610126331448555,0.008031155914068222,,
road,DE15,Leipzig,val,manual_review_candidate|one_to_two_pixels_10_20m|residential,318023.16668114305,5690121.007789137,EPSG:32633,1575,1598,residential,11.9,,,,,,0.48597073554992676,0.03168028965592384,,
road,DE15,Leipzig,val,manual_review_candidate|one_to_two_pixels_10_20m|residential,319753.4982630321,5692415.476340471,EPSG:32633,1346,1771,residential,12.0,,,,,,0.23499180376529694,0.03544681891798973,,
road,DE15,Leipzig,val,manual_review_candidate|subpixel_lt_10m|residential,318192.417077509,5697208.96821036,EPSG:32633,866,1615,residential,5.0,,,,,,0.7787265777587891,0.15703849494457245,,
road,DE15,Leipzig,val,manual_review_candidate|subpixel_lt_10m|residential,304905.8079155203,5698438.300361927,EPSG:32633,743,287,residential,8.0,,,,,,0.06402204185724258,0.003206056309863925,,
road,DE15,Leipzig,val,manual_review_candidate|two_plus_pixels_ge_20m|residential,316113.1080552377,5693623.885818284,EPSG:32633,1225,1407,residential,20.0,,,,,,1.6278436183929443,0.03591975197196007,,
road,DE15,Leipzig,val,manual_review_candidate|two_plus_pixels_ge_20m|residential,316113.60733855725,5693626.233569453,EPSG:32633,1225,1407,residential,20.0,,,,,,1.6278436183929443,0.03591975197196007,,
road,DE15,Leipzig,val,retain_major_candidate|one_to_two_pixels_10_20m|secondary,316636.8439108448,5683417.7654494345,EPSG:32633,2246,1460,secondary,12.0,,,,,,0.09462787210941315,0.022729020565748215,,
road,DE15,Leipzig,val,retain_major_candidate|one_to_two_pixels_10_20m|secondary,316400.34331757115,5694765.406985167,EPSG:32633,1111,1436,secondary,12.0,,,,,,0.48942798376083374,0.02986547164618969,,
road,DE15,Leipzig,val,retain_major_candidate|subpixel_lt_10m|secondary,318384.919901191,5683929.482994547,EPSG:32633,2194,1635,secondary,6.4,,,,,,0.0946585088968277,0.032645564526319504,,
road,DE15,Leipzig,val,retain_major_candidate|subpixel_lt_10m|secondary,316376.497315765,5690710.524649932,EPSG:32633,1516,1434,secondary,6.4,,,,,,0.38627225160598755,0.04969768971204758,,
road,DE15,Leipzig,val,retain_major_candidate|subpixel_lt_10m|secondary_link,316834.38554556837,5685096.372608582,EPSG:32633,2078,1479,secondary_link,3.2,,,,,,0.22288328409194946,0.03441696614027023,,
road,DE15,Leipzig,val,retain_major_candidate|subpixel_lt_10m|secondary_link,316829.86591249466,5685092.1926796995,EPSG:32633,2078,1479,secondary_link,3.2,,,,,,0.22288328409194946,0.03441696614027023,,
road,DE15,Leipzig,val,likely_ignore_candidate|one_to_two_pixels_10_20m|service,310235.3491407002,5690808.00400082,EPSG:32633,1507,820,service,10.0,,,,,,0.11291971057653427,0.02210325002670288,,
road,DE15,Leipzig,val,likely_ignore_candidate|one_to_two_pixels_10_20m|service,330787.3737661829,5689451.89624702,EPSG:32633,1642,2875,service,16.0,,,,,,0.24130620062351227,0.0076433890499174595,,
road,DE15,Leipzig,val,likely_ignore_candidate|subpixel_lt_10m|service,309301.9057347103,5680437.568031006,EPSG:32633,2544,726,service,5.0,,,,,,0.2914068400859833,0.03790954872965813,,
road,DE15,Leipzig,val,likely_ignore_candidate|subpixel_lt_10m|service,323273.1159116515,5691326.5644600205,EPSG:32633,1455,2123,service,5.0,,,,,,0.15958121418952942,0.020612595602869987,,
road,DE15,Leipzig,val,manual_review_candidate|one_to_two_pixels_10_20m|tertiary,324445.964948324,5691177.588090267,EPSG:32633,1470,2241,tertiary,12.8,,,,,,0.13423380255699158,0.02411055751144886,,
road,DE15,Leipzig,val,manual_review_candidate|one_to_two_pixels_10_20m|tertiary,302684.1475493283,5700205.223672835,EPSG:32633,567,64,tertiary,10.0,,,,,,0.06559416651725769,0.017472347244620323,,
road,DE15,Leipzig,val,manual_review_candidate|subpixel_lt_10m|tertiary,309067.3037397535,5700260.55650983,EPSG:32633,561,703,tertiary,6.4,,,,,,0.05574792996048927,0.01717793382704258,,
road,DE15,Leipzig,val,manual_review_candidate|subpixel_lt_10m|tertiary,326468.0611518054,5676776.478745181,EPSG:32633,2910,2443,tertiary,4.5,,,,,,0.041943322867155075,0.006417859811335802,,
road,DE15,Leipzig,val,manual_review_candidate|two_plus_pixels_ge_20m|tertiary,318744.43370199413,5696933.166378132,EPSG:32633,894,1670,tertiary,20.0,,,,,,0.07315608859062195,0.010353346355259418,,
road,DE15,Leipzig,val,manual_review_candidate|subpixel_lt_10m|tertiary_link,316655.8127057243,5690361.118408274,EPSG:32633,1551,1462,tertiary_link,3.2,,,,,,0.11734170466661453,0.023845519870519638,,
road,DE15,Leipzig,val,manual_review_candidate|subpixel_lt_10m|tertiary_link,326438.2884891719,5696086.411975378,EPSG:32633,979,2440,tertiary_link,3.2,,,,,,0.06995118409395218,0.007607175502926111,,
road,DE15,Leipzig,val,retain_major_candidate|one_to_two_pixels_10_20m|trunk,318451.1335641403,5697149.092043643,EPSG:32633,872,1641,trunk,12.8,,,,,,0.05562553554773331,0.0137818967923522,,
road,DE15,Leipzig,val,retain_major_candidate|one_to_two_pixels_10_20m|trunk,318748.02449923404,5698543.485069059,EPSG:32633,733,1671,trunk,11.0,,,,,,0.06562936305999756,0.01486855000257492,,
road,DE15,Leipzig,val,retain_major_candidate|subpixel_lt_10m|trunk,316015.06848228397,5688320.709147053,EPSG:32633,1755,1398,trunk,9.600000000000001,,,,,,0.10152279585599899,0.03134147450327873,,
road,DE15,Leipzig,val,retain_major_candidate|subpixel_lt_10m|trunk,317475.2776626031,5684494.482368031,EPSG:32633,2138,1544,trunk,3.2,,,,,,0.07385639101266861,0.036729492247104645,,
road,DE15,Leipzig,val,retain_major_candidate|subpixel_lt_10m|trunk_link,318401.1609103688,5694879.856570367,EPSG:32633,1099,1636,trunk_link,3.2,,,,,,0.10369092971086502,0.012556484900414944,,
road,DE15,Leipzig,val,retain_major_candidate|subpixel_lt_10m|trunk_link,316220.26821917074,5688032.530240484,EPSG:32633,1784,1418,trunk_link,3.2,,,,,,0.22860059142112732,0.019434519112110138,,
road,DE15,Leipzig,val,manual_review_candidate|one_to_two_pixels_10_20m|unclassified,324053.87698941806,5691758.0736631695,EPSG:32633,1412,2201,unclassified,10.0,,,,,,0.3792741894721985,0.01868497021496296,,
road,DE15,Leipzig,val,manual_review_candidate|one_to_two_pixels_10_20m|unclassified,324039.25230352185,5691450.41946146,EPSG:32633,1442,2200,unclassified,10.0,,,,,,0.13141599297523499,0.04202233999967575,,
road,DE15,Leipzig,val,manual_review_candidate|subpixel_lt_10m|unclassified,327736.94638324296,5691758.774228653,EPSG:32633,1411,2570,unclassified,6.0,,,,,,0.02606053836643696,0.010824953205883503,,
road,DE15,Leipzig,val,manual_review_candidate|subpixel_lt_10m|unclassified,329120.63207385445,5677887.923556364,EPSG:32633,2799,2708,unclassified,6.0,,,,,,0.07145669311285019,0.01670076884329319,,
bare_land,DE15,Leipzig,val,current_v3,321859.7504518318,5679793.11673681,EPSG:32633,2608,1982,,,current_v3,1,0,1,13100,0.08572689443826675,0.02362763322889805,,
bare_land,DE15,Leipzig,val,current_v3,305139.7504518318,5694083.11673681,EPSG:32633,1179,310,,,current_v3,1,0,1,13100,0.06353843212127686,0.009722949005663395,,
bare_land,DE15,Leipzig,val,tier1_ua_dw_new,312769.7504518318,5705133.11673681,EPSG:32633,74,1073,,,tier1_ua_dw_new,0,1,1,13100,0.032755572348833084,0.010569575242698193,,
bare_land,DE15,Leipzig,val,tier1_ua_dw_new,312769.7504518318,5705143.11673681,EPSG:32633,73,1073,,,tier1_ua_dw_new,0,1,1,13100,0.03172219917178154,0.008956748992204666,,
bare_land,DE15,Leipzig,val,single_source_osm,326259.7504518318,5696333.11673681,EPSG:32633,954,2422,,,single_source_osm,1,0,0,23000,0.07926157861948013,0.02983342856168747,,
bare_land,DE15,Leipzig,val,single_source_osm,327289.7504518318,5692933.11673681,EPSG:32633,1294,2525,,,single_source_osm,1,0,0,14110,0.13210786879062653,0.0299264807254076,,
bare_land,DE15,Leipzig,val,single_source_ua,310229.7504518318,5690743.11673681,EPSG:32633,1513,819,,,single_source_ua,0,0,1,13100,0.055901575833559036,0.017513267695903778,,
bare_land,DE15,Leipzig,val,single_source_ua,312859.7504518318,5705163.11673681,EPSG:32633,71,1082,,,single_source_ua,0,0,1,13100,0.19240149855613708,0.02555288001894951,,
road,DE16,Dresden,val,likely_ignore_candidate|one_to_two_pixels_10_20m|living_street,414804.29750806594,5655467.774275243,EPSG:32633,1572,1830,living_street,12.0,,,,,,0.09053827822208405,0.020126041024923325,,
road,DE16,Dresden,val,likely_ignore_candidate|one_to_two_pixels_10_20m|living_street,414790.9268383008,5655468.678928694,EPSG:32633,1571,1829,living_street,12.0,,,,,,0.10492970049381256,0.020554376766085625,,
road,DE16,Dresden,val,likely_ignore_candidate|subpixel_lt_10m|living_street,411639.5227901517,5652833.744284577,EPSG:32633,1835,1514,living_street,6.0,,,,,,0.08449700474739075,0.035129837691783905,,
road,DE16,Dresden,val,likely_ignore_candidate|subpixel_lt_10m|living_street,401291.0875897609,5663159.563866438,EPSG:32633,802,479,living_street,6.0,,,,,,0.18155351281166077,0.039584171026945114,,
road,DE16,Dresden,val,retain_major_candidate|one_to_two_pixels_10_20m|motorway,399183.653820105,5657675.239779452,EPSG:32633,1351,268,motorway,12.0,,,,,,0.05195042863488197,0.017268629744648933,,
road,DE16,Dresden,val,retain_major_candidate|one_to_two_pixels_10_20m|motorway,401766.0418714384,5657720.7691294495,EPSG:32633,1346,527,motorway,12.0,,,,,,0.048416636884212494,0.007811347022652626,,
road,DE16,Dresden,val,retain_major_candidate|subpixel_lt_10m|motorway,417075.94074080756,5669604.569255356,EPSG:32633,158,2058,motorway,6.4,,,,,,0.07723065465688705,0.01310107484459877,,
road,DE16,Dresden,val,retain_major_candidate|subpixel_lt_10m|motorway,403405.622148357,5658134.857772959,EPSG:32633,1305,691,motorway,9.600000000000001,,,,,,0.04509413614869118,0.019714640453457832,,
road,DE16,Dresden,val,retain_major_candidate|two_plus_pixels_ge_20m|motorway,401680.14944181236,5657702.187848453,EPSG:32633,1348,518,motorway,20.0,,,,,,0.03202260285615921,0.011873168870806694,,
road,DE16,Dresden,val,retain_major_candidate|two_plus_pixels_ge_20m|motorway,401388.70235926396,5657710.640140036,EPSG:32633,1347,489,motorway,20.0,,,,,,0.034801170229911804,0.008930845186114311,,
road,DE16,Dresden,val,retain_major_candidate|one_to_two_pixels_10_20m|motorway_link,408370.87512811995,5660029.234043212,EPSG:32633,1115,1187,motorway_link,12.8,,,,,,0.056194007396698,0.008028779178857803,,
road,DE16,Dresden,val,retain_major_candidate|one_to_two_pixels_10_20m|motorway_link,408338.8582912282,5660107.71165272,EPSG:32633,1108,1184,motorway_link,12.8,,,,,,0.1363532394170761,0.02883746661245823,,
road,DE16,Dresden,val,retain_major_candidate|subpixel_lt_10m|motorway_link,420784.9088081076,5644403.659490866,EPSG:32633,2678,2429,motorway_link,6.4,,,,,,0.04091807082295418,0.006842713337391615,,
road,DE16,Dresden,val,retain_major_candidate|subpixel_lt_10m|motorway_link,405597.8485918789,5658531.697958239,EPSG:32633,1265,910,motorway_link,3.2,,,,,,0.058638207614421844,0.015416622161865234,,
road,DE16,Dresden,val,likely_ignore_candidate|one_to_two_pixels_10_20m|pedestrian,415666.6021793728,5651125.759038102,EPSG:32633,2006,1917,pedestrian,11.0,,,,,,0.3561192452907562,0.37051156163215637,,
road,DE16,Dresden,val,likely_ignore_candidate|one_to_two_pixels_10_20m|pedestrian,412515.47176294366,5655250.253869491,EPSG:32633,1593,1602,pedestrian,10.0,,,,,,0.033343132585287094,0.013208521530032158,,
road,DE16,Dresden,val,likely_ignore_candidate|subpixel_lt_10m|pedestrian,411422.187077209,5656056.771025256,EPSG:32633,1513,1492,pedestrian,5.0,,,,,,0.8489601612091064,0.05237558111548424,,
road,DE16,Dresden,val,likely_ignore_candidate|subpixel_lt_10m|pedestrian,412494.9765025503,5657927.297658096,EPSG:32633,1326,1600,pedestrian,5.0,,,,,,0.2567967474460602,0.04806073382496834,,
road,DE16,Dresden,val,retain_major_candidate|one_to_two_pixels_10_20m|primary,407245.4329692326,5657921.441241106,EPSG:32633,1326,1075,primary,12.8,,,,,,0.13800323009490967,0.02692449279129505,,
road,DE16,Dresden,val,retain_major_candidate|one_to_two_pixels_10_20m|primary,406951.6571407814,5656264.787982253,EPSG:32633,1492,1045,primary,12.8,,,,,,0.07253596186637878,0.016957497224211693,,
road,DE16,Dresden,val,retain_major_candidate|subpixel_lt_10m|primary,406642.5431724952,5656178.410295348,EPSG:32633,1500,1014,primary,6.4,,,,,,0.09115906059741974,0.01739586889743805,,
road,DE16,Dresden,val,retain_major_candidate|subpixel_lt_10m|primary,409457.36695881735,5647499.285531516,EPSG:32633,2368,1296,primary,9.600000000000001,,,,,,0.05905833840370178,0.01812910847365856,,
road,DE16,Dresden,val,retain_major_candidate|two_plus_pixels_ge_20m|primary,412191.05868883984,5657747.810211986,EPSG:32633,1344,1569,primary,22.400000000000002,,,,,,0.30216294527053833,0.07410562038421631,,
road,DE16,Dresden,val,retain_major_candidate|two_plus_pixels_ge_20m|primary,412186.44946009817,5657663.319227359,EPSG:32633,1352,1569,primary,22.400000000000002,,,,,,0.15345481038093567,0.019991038367152214,,
road,DE16,Dresden,val,retain_major_candidate|one_to_two_pixels_10_20m|primary_link,411534.3234826903,5657423.801227356,EPSG:32633,1376,1503,primary_link,12.8,,,,,,0.21287037432193756,0.020952405408024788,,
road,DE16,Dresden,val,retain_major_candidate|one_to_two_pixels_10_20m|primary_link,411491.7572008917,5657423.491015175,EPSG:32633,1376,1499,primary_link,12.8,,,,,,0.08205613493919373,0.03295847401022911,,
road,DE16,Dresden,val,retain_major_candidate|subpixel_lt_10m|primary_link,409385.85265243583,5655203.87213501,EPSG:32633,1598,1289,primary_link,3.2,,,,,,0.10444554686546326,0.009642006829380989,,
road,DE16,Dresden,val,retain_major_candidate|subpixel_lt_10m|primary_link,412155.2891710864,5656943.324709637,EPSG:32633,1424,1566,primary_link,3.2,,,,,,0.08061853796243668,0.012693050317466259,,
road,DE16,Dresden,val,manual_review_candidate|one_to_two_pixels_10_20m|residential,410723.84283303644,5655834.871585746,EPSG:32633,1535,1422,residential,12.0,,,,,,0.08305183053016663,0.02698170766234398,,
road,DE16,Dresden,val,manual_review_candidate|one_to_two_pixels_10_20m|residential,415792.4419957429,5655624.639794642,EPSG:32633,1556,1929,residential,10.0,,,,,,0.16683903336524963,0.04866350069642067,,
road,DE16,Dresden,val,manual_review_candidate|subpixel_lt_10m|residential,408576.6175970431,5655826.502537608,EPSG:32633,1536,1208,residential,7.0,,,,,,0.20173168182373047,0.108953095972538,,
road,DE16,Dresden,val,manual_review_candidate|subpixel_lt_10m|residential,421259.8813858257,5651242.0267812945,EPSG:32633,1994,2476,residential,8.0,,,,,,0.04828860983252525,0.00619545578956604,,
road,DE16,Dresden,val,retain_major_candidate|one_to_two_pixels_10_20m|secondary,413406.7748672501,5658756.943989096,EPSG:32633,1243,1691,secondary,12.8,,,,,,0.0738787055015564,0.016071200370788574,,
road,DE16,Dresden,val,retain_major_candidate|one_to_two_pixels_10_20m|secondary,406319.2504186295,5651105.46320114,EPSG:32633,2008,982,secondary,12.0,,,,,,0.07828783243894577,0.010251089930534363,,
road,DE16,Dresden,val,retain_major_candidate|subpixel_lt_10m|secondary,414137.5751540564,5667825.979187908,EPSG:32633,336,1764,secondary,5.0,,,,,,0.03249672055244446,0.006682457402348518,,
road,DE16,Dresden,val,retain_major_candidate|subpixel_lt_10m|secondary,419249.9449297584,5657236.725926476,EPSG:32633,1395,2275,secondary,6.4,,,,,,0.08715904504060745,0.02355448342859745,,
road,DE16,Dresden,val,retain_major_candidate|subpixel_lt_10m|secondary_link,409822.0700355676,5649422.957651954,EPSG:32633,2176,1332,secondary_link,3.2,,,,,,0.306465208530426,0.0454343818128109,,
road,DE16,Dresden,val,retain_major_candidate|subpixel_lt_10m|secondary_link,415737.08684124926,5650321.219409518,EPSG:32633,2086,1924,secondary_link,3.2,,,,,,0.0627593994140625,0.02637365274131298,,
road,DE16,Dresden,val,likely_ignore_candidate|one_to_two_pixels_10_20m|service,418551.1674912075,5651524.208488964,EPSG:32633,1966,2205,service,10.0,,,,,,0.07149066776037216,0.033629488199949265,,
road,DE16,Dresden,val,likely_ignore_candidate|one_to_two_pixels_10_20m|service,419993.7188056099,5648327.215788922,EPSG:32633,2286,2349,service,10.0,,,,,,0.11528444290161133,0.029094744473695755,,
road,DE16,Dresden,val,likely_ignore_candidate|subpixel_lt_10m|service,399800.638100175,5652609.221556734,EPSG:32633,1857,330,service,5.0,,,,,,0.4341147541999817,0.015391149558126926,,
road,DE16,Dresden,val,likely_ignore_candidate|subpixel_lt_10m|service,401197.0411679014,5663768.696792727,EPSG:32633,741,470,service,5.0,,,,,,0.7749015092849731,0.08659298717975616,,
road,DE16,Dresden,val,likely_ignore_candidate|two_plus_pixels_ge_20m|service,412939.0261124668,5654784.303348325,EPSG:32633,1640,1644,service,23.0,,,,,,0.06596928834915161,0.017138684168457985,,
road,DE16,Dresden,val,manual_review_candidate|one_to_two_pixels_10_20m|tertiary,399264.77423367766,5662453.679256067,EPSG:32633,873,277,tertiary,10.0,,,,,,0.03748762607574463,0.015859730541706085,,
road,DE16,Dresden,val,manual_review_candidate|one_to_two_pixels_10_20m|tertiary,402350.7374579656,5670853.342309009,EPSG:32633,33,585,tertiary,10.0,,,,,,0.18188324570655823,0.04443073645234108,,
road,DE16,Dresden,val,manual_review_candidate|subpixel_lt_10m|tertiary,410288.2687026411,5656087.927452034,EPSG:32633,1510,1379,tertiary,3.2,,,,,,0.10437404364347458,0.03179452195763588,,
road,DE16,Dresden,val,manual_review_candidate|subpixel_lt_10m|tertiary,408402.8168630949,5655691.664029887,EPSG:32633,1549,1190,tertiary,6.4,,,,,,0.14002014696598053,0.03198003023862839,,
road,DE16,Dresden,val,manual_review_candidate|two_plus_pixels_ge_20m|tertiary,401477.02818465023,5663277.561571768,EPSG:32633,791,498,tertiary,20.0,,,,,,0.11310175806283951,0.019997160881757736,,
road,DE16,Dresden,val,manual_review_candidate|two_plus_pixels_ge_20m|tertiary,420926.76619035227,5646686.042970203,EPSG:32633,2450,2443,tertiary,20.0,,,,,,0.23551024496555328,0.024995842948555946,,
road,DE16,Dresden,val,manual_review_candidate|subpixel_lt_10m|tertiary_link,414161.92039213516,5658291.943386319,EPSG:32633,1289,1766,tertiary_link,3.2,,,,,,0.1254049688577652,0.03568444401025772,,
road,DE16,Dresden,val,manual_review_candidate|subpixel_lt_10m|tertiary_link,411151.5923238413,5663697.809558414,EPSG:32633,749,1465,tertiary_link,3.2,,,,,,0.08359783887863159,0.020960945636034012,,
road,DE16,Dresden,val,retain_major_candidate|one_to_two_pixels_10_20m|trunk,405739.67317608313,5656042.8224474825,EPSG:32633,1514,924,trunk,12.8,,,,,,0.05832776427268982,0.00947527028620243,,
road,DE16,Dresden,val,retain_major_candidate|one_to_two_pixels_10_20m|trunk,425572.2342984378,5659364.31901855,EPSG:32633,1182,2907,trunk,16.0,,,,,,0.04054398462176323,0.011241558939218521,,
road,DE16,Dresden,val,retain_major_candidate|subpixel_lt_10m|trunk,405126.8956784746,5655214.84442037,EPSG:32633,1597,863,trunk,6.4,,,,,,0.054176077246665955,0.010305232368409634,,
road,DE16,Dresden,val,retain_major_candidate|subpixel_lt_10m|trunk,425737.42187449074,5650295.537220739,EPSG:32633,2089,2924,trunk,9.600000000000001,,,,,,0.05253910273313522,0.010378233157098293,,
road,DE16,Dresden,val,retain_major_candidate|subpixel_lt_10m|trunk_link,425707.64561844745,5661844.316478685,EPSG:32633,934,2921,trunk_link,6.4,,,,,,0.04638056457042694,0.010393674485385418,,
road,DE16,Dresden,val,retain_major_candidate|subpixel_lt_10m|trunk_link,424407.38943520887,5648854.073618235,EPSG:32633,2233,2791,trunk_link,3.2,,,,,,0.09903506934642792,0.01707005873322487,,
road,DE16,Dresden,val,manual_review_candidate|one_to_two_pixels_10_20m|unclassified,408292.46044051833,5656096.967245381,EPSG:32633,1509,1179,unclassified,10.0,,,,,,0.3454292416572571,0.024743523448705673,,
road,DE16,Dresden,val,manual_review_candidate|one_to_two_pixels_10_20m|unclassified,416473.0648300188,5653937.109865142,EPSG:32633,1725,1997,unclassified,12.0,,,,,,0.05357155203819275,0.023217106238007545,,
road,DE16,Dresden,val,manual_review_candidate|subpixel_lt_10m|unclassified,416379.48924180306,5651184.706910716,EPSG:32633,2000,1988,unclassified,9.600000000000001,,,,,,0.0912347212433815,0.014579900540411472,,
road,DE16,Dresden,val,manual_review_candidate|subpixel_lt_10m|unclassified,425028.4804521617,5646973.589005662,EPSG:32633,2421,2853,unclassified,6.4,,,,,,0.18171542882919312,0.052943114191293716,,
bare_land,DE16,Dresden,val,current_v3,425979.3682870129,5649783.093693569,EPSG:32633,2140,2948,,,current_v3,1,0,1,13100,0.06060259789228439,0.016418734565377235,,
bare_land,DE16,Dresden,val,current_v3,414519.3682870129,5660593.093693569,EPSG:32633,1059,1802,,,current_v3,1,0,1,13100,0.06706807762384415,0.005543598905205727,,
bare_land,DE16,Dresden,val,single_source_osm,416279.3682870129,5648363.093693569,EPSG:32633,2282,1978,,,single_source_osm,1,0,0,23000,0.08413980901241302,0.009769974276423454,,
bare_land,DE16,Dresden,val,single_source_osm,417859.3682870129,5670423.093693569,EPSG:32633,76,2136,,,single_source_osm,1,0,0,12100,0.07595095783472061,0.023892007768154144,,
bare_land,DE16,Dresden,val,single_source_ua,404499.3682870129,5659803.093693569,EPSG:32633,1138,800,,,single_source_ua,0,0,1,13100,0.07553782314062119,0.015988023951649666,,
bare_land,DE16,Dresden,val,single_source_ua,411649.3682870129,5661773.093693569,EPSG:32633,941,1515,,,single_source_ua,0,0,1,13100,0.06320734322071075,0.0125850485637784,,
road,DE17,Munster,val,likely_ignore_candidate|one_to_two_pixels_10_20m|living_street,404444.2132323722,5759408.778754016,EPSG:32632,1314,1384,living_street,12.0,,,,,,0.10580838471651077,0.02411433681845665,,
road,DE17,Munster,val,likely_ignore_candidate|one_to_two_pixels_10_20m|living_street,404442.3132485253,5759407.507856108,EPSG:32632,1315,1384,living_street,12.0,,,,,,0.09591581672430038,0.019323093816637993,,
road,DE17,Munster,val,likely_ignore_candidate|subpixel_lt_10m|living_street,390703.3530138419,5759355.70022488,EPSG:32632,1320,10,living_street,6.0,,,,,,0.17180968821048737,0.07312425971031189,,
road,DE17,Munster,val,likely_ignore_candidate|subpixel_lt_10m|living_street,394703.8476440456,5766456.082473498,EPSG:32632,610,410,living_street,6.0,,,,,,0.1788652539253235,0.03833560645580292,,
road,DE17,Munster,val,retain_major_candidate|one_to_two_pixels_10_20m|motorway,400671.92647922784,5753895.848390169,EPSG:32632,1866,1007,motorway,12.8,,,,,,0.09459187090396881,0.016237059608101845,,
road,DE17,Munster,val,retain_major_candidate|one_to_two_pixels_10_20m|motorway,400357.77676189016,5752551.724601274,EPSG:32632,2000,975,motorway,12.8,,,,,,0.028240105137228966,0.006666334345936775,,
road,DE17,Munster,val,retain_major_candidate|subpixel_lt_10m|motorway,398868.71159978537,5752196.229212401,EPSG:32632,2036,826,motorway,6.4,,,,,,0.04265309497714043,0.00805111788213253,,
road,DE17,Munster,val,retain_major_candidate|subpixel_lt_10m|motorway,404338.6542665001,5766045.757814172,EPSG:32632,651,1373,motorway,6.4,,,,,,0.047957949340343475,0.010452653281390667,,
road,DE17,Munster,val,retain_major_candidate|subpixel_lt_10m|motorway_link,401001.13763529994,5760909.134259518,EPSG:32632,1164,1040,motorway_link,3.2,,,,,,0.04911455512046814,0.00724771898239851,,
road,DE17,Munster,val,retain_major_candidate|subpixel_lt_10m|motorway_link,396393.5959805867,5751026.007289937,EPSG:32632,2153,579,motorway_link,3.2,,,,,,0.10083276778459549,0.012846263125538826,,
road,DE17,Munster,val,likely_ignore_candidate|subpixel_lt_10m|pedestrian,405301.9645963126,5757674.6836031405,EPSG:32632,1488,1470,pedestrian,5.0,,,,,,0.30426326394081116,0.04121113568544388,,
road,DE17,Munster,val,likely_ignore_candidate|subpixel_lt_10m|pedestrian,405697.2494010035,5757234.530654919,EPSG:32632,1532,1509,pedestrian,5.0,,,,,,0.4779830574989319,0.12253253161907196,,
road,DE17,Munster,val,retain_major_candidate|one_to_two_pixels_10_20m|primary,404392.89150072343,5755328.424962321,EPSG:32632,1723,1379,primary,12.8,,,,,,0.22161531448364258,0.033532775938510895,,
road,DE17,Munster,val,retain_major_candidate|one_to_two_pixels_10_20m|primary,403983.48566940887,5757046.251621068,EPSG:32632,1551,1338,primary,12.8,,,,,,0.054102711379528046,0.011704030446708202,,
road,DE17,Munster,val,retain_major_candidate|subpixel_lt_10m|primary,406647.9991017993,5750342.771865105,EPSG:32632,2221,1604,primary,9.600000000000001,,,,,,0.13879179954528809,0.024238623678684235,,
road,DE17,Munster,val,retain_major_candidate|subpixel_lt_10m|primary,412380.2764364587,5759522.448981745,EPSG:32632,1303,2177,primary,6.4,,,,,,0.06068689376115799,0.02187839150428772,,
road,DE17,Munster,val,retain_major_candidate|subpixel_lt_10m|primary_link,405665.71625062317,5753592.385514147,EPSG:32632,1896,1506,primary_link,3.2,,,,,,0.10188865661621094,0.01461242139339447,,
road,DE17,Munster,val,retain_major_candidate|subpixel_lt_10m|primary_link,406585.9944705176,5750417.131690132,EPSG:32632,2214,1598,primary_link,6.4,,,,,,0.08315958082675934,0.014092561788856983,,
road,DE17,Munster,val,manual_review_candidate|one_to_two_pixels_10_20m|residential,405517.8668584187,5754340.701437648,EPSG:32632,1821,1491,residential,12.8,,,,,,0.1396312564611435,0.02497192658483982,,
road,DE17,Munster,val,manual_review_candidate|one_to_two_pixels_10_20m|residential,409489.64251223375,5753932.668747508,EPSG:32632,1862,1888,residential,10.6,,,,,,0.22049660980701447,0.023022135719656944,,
road,DE17,Munster,val,manual_review_candidate|subpixel_lt_10m|residential,409452.00516905775,5744860.077109247,EPSG:32632,2769,1885,residential,8.0,,,,,,0.10063081234693527,0.030163681134581566,,
road,DE17,Munster,val,manual_review_candidate|subpixel_lt_10m|residential,395389.48998052615,5745917.714490112,EPSG:32632,2664,478,residential,8.0,,,,,,0.3109738528728485,0.05244283750653267,,
road,DE17,Munster,val,retain_major_candidate|one_to_two_pixels_10_20m|secondary,393877.1935413318,5751900.580874743,EPSG:32632,2065,327,secondary,12.0,,,,,,0.06172307953238487,0.013435948640108109,,
road,DE17,Munster,val,retain_major_candidate|one_to_two_pixels_10_20m|secondary,392162.73705317534,5751090.621446898,EPSG:32632,2146,156,secondary,12.0,,,,,,0.057925887405872345,0.016399679705500603,,
road,DE17,Munster,val,retain_major_candidate|subpixel_lt_10m|secondary,418448.94002725685,5745310.236588007,EPSG:32632,2724,2784,secondary,6.4,,,,,,0.06469641625881195,0.011227144859731197,,
road,DE17,Munster,val,retain_major_candidate|subpixel_lt_10m|secondary,402625.65353276243,5750067.817229881,EPSG:32632,2249,1202,secondary,3.2,,,,,,0.04148957133293152,0.009083661250770092,,
road,DE17,Munster,val,retain_major_candidate|subpixel_lt_10m|secondary_link,404379.4852339837,5772449.310844886,EPSG:32632,10,1377,secondary_link,7.0,,,,,,0.19457018375396729,0.021290680393576622,,
road,DE17,Munster,val,retain_major_candidate|subpixel_lt_10m|secondary_link,408764.6343233017,5753326.63978512,EPSG:32632,1923,1816,secondary_link,3.2,,,,,,0.07689215242862701,0.013171663507819176,,
road,DE17,Munster,val,likely_ignore_candidate|one_to_two_pixels_10_20m|service,405404.9046793509,5751079.930943297,EPSG:32632,2147,1480,service,10.0,,,,,,0.19111455976963043,0.05956638231873512,,
road,DE17,Munster,val,likely_ignore_candidate|one_to_two_pixels_10_20m|service,405408.9627416304,5751071.794008413,EPSG:32632,2148,1480,service,10.0,,,,,,0.15400375425815582,0.042571574449539185,,
road,DE17,Munster,val,likely_ignore_candidate|subpixel_lt_10m|service,420087.3334007256,5753066.1179880425,EPSG:32632,1949,2948,service,5.0,,,,,,0.08872980624437332,0.0164751298725605,,
road,DE17,Munster,val,likely_ignore_candidate|subpixel_lt_10m|service,405355.192933438,5757454.454230539,EPSG:32632,1510,1475,service,5.0,,,,,,0.17060047388076782,0.053322046995162964,,
road,DE17,Munster,val,manual_review_candidate|one_to_two_pixels_10_20m|tertiary,418184.34586032433,5752053.123905368,EPSG:32632,2050,2758,tertiary,10.0,,,,,,0.18585944175720215,0.062036290764808655,,
road,DE17,Munster,val,manual_review_candidate|one_to_two_pixels_10_20m|tertiary,395214.39203768503,5746182.461269792,EPSG:32632,2637,461,tertiary,10.0,,,,,,0.15218032896518707,0.02235393412411213,,
road,DE17,Munster,val,manual_review_candidate|subpixel_lt_10m|tertiary,407030.3961427555,5758327.927516602,EPSG:32632,1423,1642,tertiary,6.4,,,,,,0.20354995131492615,0.027107642963528633,,
road,DE17,Munster,val,manual_review_candidate|subpixel_lt_10m|tertiary,407898.1462467443,5754632.15003456,EPSG:32632,1792,1729,tertiary,6.4,,,,,,0.09725925326347351,0.011806036345660686,,
road,DE17,Munster,val,manual_review_candidate|subpixel_lt_10m|tertiary_link,405434.6021784629,5758163.537628221,EPSG:32632,1439,1483,tertiary_link,3.2,,,,,,0.24237452447414398,0.032978616654872894,,
road,DE17,Munster,val,manual_review_candidate|subpixel_lt_10m|tertiary_link,396311.67548929446,5767346.981686845,EPSG:32632,521,571,tertiary_link,3.2,,,,,,0.038113005459308624,0.009420565329492092,,
road,DE17,Munster,val,retain_major_candidate|one_to_two_pixels_10_20m|trunk,409611.03617102344,5758768.073264373,EPSG:32632,1379,1901,trunk,12.8,,,,,,0.14958585798740387,0.019329523667693138,,
road,DE17,Munster,val,retain_major_candidate|one_to_two_pixels_10_20m|trunk,409627.81179877976,5758769.961409185,EPSG:32632,1378,1902,trunk,12.8,,,,,,0.08239483833312988,0.017239460721611977,,
road,DE17,Munster,val,retain_major_candidate|subpixel_lt_10m|trunk,404437.4883174411,5754690.362832794,EPSG:32632,1786,1383,trunk,9.600000000000001,,,,,,0.2031475156545639,0.011143451556563377,,
road,DE17,Munster,val,retain_major_candidate|subpixel_lt_10m|trunk,402525.19316397625,5760666.036709296,EPSG:32632,1189,1192,trunk,6.4,,,,,,0.09387794137001038,0.01229665707796812,,
road,DE17,Munster,val,retain_major_candidate|one_to_two_pixels_10_20m|trunk_link,405482.5291133659,5754878.573908848,EPSG:32632,1768,1488,trunk_link,12.8,,,,,,0.04459776356816292,0.008002624846994877,,
road,DE17,Munster,val,retain_major_candidate|one_to_two_pixels_10_20m|trunk_link,405487.9684739575,5754884.389823804,EPSG:32632,1767,1488,trunk_link,12.8,,,,,,0.0629400834441185,0.011253448203206062,,
road,DE17,Munster,val,retain_major_candidate|subpixel_lt_10m|trunk_link,395054.0479929235,5766123.01637505,EPSG:32632,643,445,trunk_link,3.2,,,,,,0.03094504214823246,0.007305996026843786,,
road,DE17,Munster,val,retain_major_candidate|subpixel_lt_10m|trunk_link,408638.51035556296,5758496.926033644,EPSG:32632,1406,1803,trunk_link,3.2,,,,,,0.04677337408065796,0.009298904798924923,,
road,DE17,Munster,val,manual_review_candidate|one_to_two_pixels_10_20m|unclassified,407079.5023021858,5753871.776522527,EPSG:32632,1868,1647,unclassified,12.8,,,,,,0.3400365114212036,0.042534325271844864,,
road,DE17,Munster,val,manual_review_candidate|one_to_two_pixels_10_20m|unclassified,406124.4664492753,5755122.028013855,EPSG:32632,1743,1552,unclassified,12.8,,,,,,0.08921189606189728,0.024750644341111183,,
road,DE17,Munster,val,manual_review_candidate|subpixel_lt_10m|unclassified,397465.6836914362,5750407.931007313,EPSG:32632,2215,686,unclassified,5.0,,,,,,0.09019199758768082,0.022788524627685547,,
road,DE17,Munster,val,manual_review_candidate|subpixel_lt_10m|unclassified,417778.6418884511,5768029.637595415,EPSG:32632,452,2717,unclassified,6.0,,,,,,0.049989208579063416,0.008227451704442501,,
bare_land,DE17,Munster,val,current_v3,407685.6128986948,5762853.641319876,EPSG:32632,970,1708,,,current_v3,1,0,1,13100,0.10501419007778168,0.030719369649887085,,
bare_land,DE17,Munster,val,current_v3,406795.6128986948,5763123.641319876,EPSG:32632,943,1619,,,current_v3,1,0,1,13100,0.07223355025053024,0.019832124933600426,,
bare_land,DE17,Munster,val,single_source_osm,415155.6128986948,5754323.641319876,EPSG:32632,1823,2455,,,single_source_osm,1,0,0,21000,0.4175397753715515,0.020908407866954803,,
bare_land,DE17,Munster,val,single_source_osm,410115.6128986948,5751793.641319876,EPSG:32632,2076,1951,,,single_source_osm,1,0,0,21000,0.046095676720142365,0.009940462186932564,,
bare_land,DE17,Munster,val,single_source_ua,408225.6128986948,5753173.641319876,EPSG:32632,1938,1762,,,single_source_ua,0,0,1,13300,0.23160113394260406,0.02766677737236023,,
bare_land,DE17,Munster,val,single_source_ua,412645.6128986948,5753433.641319876,EPSG:32632,1912,2204,,,single_source_ua,0,0,1,13300,0.20074135065078735,0.02801879681646824,,
