city_id,city_name,split,highway,width_bin,policy_group,feature_count,total_length_m,median_width_m,min_width_m,max_width_m,rasterized_pixel_count,existing_osm_road_overlap_pixels,existing_osm_road_overlap_fraction,vv_road_median,vv_ring_median,vv_median_difference,vv_robust_effect,vh_road_median,vh_ring_median,vh_median_difference,vh_robust_effect
DE01,Mannheim,train,living_street,one_to_two_pixels_10_20m,likely_ignore_candidate,11,327.252301697501,12.0,10.5,12.5,43,42,0.9767441860465116,0.3092957139015198,0.2709158658981323,0.03837984800338745,0.17862803564144009,0.11267565935850143,0.10493971407413483,0.007735945284366608,0.10672320603068276
DE01,Mannheim,train,living_street,subpixel_lt_10m,likely_ignore_candidate,12251,278531.3130444679,6.0,2.0,9.0,16547,16412,0.9918414214056929,0.2497594803571701,0.2524372339248657,-0.0026777535676956177,-0.013179217289394052,0.05361652746796608,0.0571601465344429,-0.003543619066476822,-0.07014730348946392
DE01,Mannheim,train,motorway,one_to_two_pixels_10_20m,retain_major_candidate,639,69399.68740974169,11.5,10.5,18.5,8341,8337,0.9995204411941014,0.0525866337120533,0.06353922933340073,-0.010952595621347427,-0.2418239604904575,0.010522289201617241,0.012433384545147419,-0.001911095343530178,-0.2516237335417912
DE01,Mannheim,train,motorway,subpixel_lt_10m,retain_major_candidate,2416,252031.6898534629,7.5,3.2,9.600000000000001,18417,18410,0.999619916381604,0.053070176392793655,0.058881327509880066,-0.0058111511170864105,-0.1498514520351028,0.010456406511366367,0.01159911509603262,-0.0011427085846662521,-0.1460315820518503
DE01,Mannheim,train,motorway_link,one_to_two_pixels_10_20m,retain_major_candidate,4,41.03916549984423,10.0,10.0,10.0,4,4,1.0,0.05360901355743408,0.05694238096475601,-0.00333336740732193,-0.21661319083440211,0.012731233611702919,0.01250686589628458,0.00022436771541833878,0.11237897987409942
DE01,Mannheim,train,motorway_link,subpixel_lt_10m,retain_major_candidate,5593,116191.6004729929,3.2,3.0,9.600000000000001,5143,5142,0.9998055609566401,0.06281618773937225,0.06773684173822403,-0.004920653998851776,-0.09460475339326524,0.011828428134322166,0.013072637841105461,-0.0012442097067832947,-0.12511441850115557
DE01,Mannheim,train,pedestrian,subpixel_lt_10m,likely_ignore_candidate,5658,62536.942791388814,5.0,5.0,6.0,3040,2639,0.8680921052631579,0.30146655440330505,0.3086029589176178,-0.007136404514312744,-0.01793569416457399,0.0650755912065506,0.06532064825296402,-0.00024505704641342163,-0.002444401587586474
DE01,Mannheim,train,primary,one_to_two_pixels_10_20m,retain_major_candidate,607,16059.872957556008,12.8,10.0,19.200000000000003,2282,2276,0.9973707274320771,0.1167202740907669,0.13332760334014893,-0.01660732924938202,-0.11745928127291617,0.02075761929154396,0.02416018769145012,-0.0034025683999061584,-0.1267385495161048
DE01,Mannheim,train,primary,subpixel_lt_10m,retain_major_candidate,4133,119690.45043909783,6.4,3.2,9.600000000000001,8211,8208,0.999634636463281,0.11077019572257996,0.11528317630290985,-0.004512980580329895,-0.03567306449882195,0.021514976397156715,0.023205969482660294,-0.0016909930855035782,-0.0696976662342831
DE01,Mannheim,train,primary_link,one_to_two_pixels_10_20m,retain_major_candidate,2,15.398822030113227,13.65,12.8,14.5,5,5,1.0,0.03616749867796898,0.046090688556432724,-0.009923189878463745,-0.5619890646005473,0.0073427618481218815,0.008409451693296432,-0.001066689845174551,-0.7218337553774385
DE01,Mannheim,train,primary_link,subpixel_lt_10m,retain_major_candidate,1256,15329.161373826162,3.2,3.2,9.600000000000001,722,722,1.0,0.10686995089054108,0.10968654602766037,-0.002816595137119293,-0.030458999592308324,0.01940694823861122,0.020493492484092712,-0.001086544245481491,-0.06690414169042334
DE01,Mannheim,train,residential,one_to_two_pixels_10_20m,manual_review_candidate,169,4439.95759902749,11.5,10.0,16.0,522,522,1.0,0.29958420991897583,0.3044012188911438,-0.004817008972167969,-0.01388166982664059,0.033608775585889816,0.039153892546892166,-0.00554511696100235,-0.12475249698847764
DE01,Mannheim,train,residential,subpixel_lt_10m,manual_review_candidate,71592,2090587.5173887247,8.0,2.0,9.600000000000001,155095,154039,0.9931912698668558,0.2311190664768219,0.2392348051071167,-0.0081157386302948,-0.03894128841340837,0.04724593088030815,0.051078543066978455,-0.0038326121866703033,-0.07671087693753292
DE01,Mannheim,train,secondary,one_to_two_pixels_10_20m,retain_major_candidate,2963,74115.8320801909,12.0,10.0,19.200000000000003,9170,9053,0.9872410032715376,0.11517532914876938,0.12179429084062576,-0.006618961691856384,-0.04092668290437916,0.021933332085609436,0.023215508088469505,-0.0012821760028600693,-0.04131732027050014
DE01,Mannheim,train,secondary,subpixel_lt_10m,retain_major_candidate,13293,377244.2442450319,6.4,3.0,9.600000000000001,23965,23959,0.9997496348842061,0.08489136397838593,0.08739423751831055,-0.0025028735399246216,-0.029237648740543437,0.016709931194782257,0.01743621565401554,-0.000726284459233284,-0.040829197492411824
DE01,Mannheim,train,secondary_link,one_to_two_pixels_10_20m,retain_major_candidate,6,46.268432213379064,12.8,12.8,12.8,7,7,1.0,0.09463776648044586,0.10100121796131134,-0.0063634514808654785,-0.4175897676601737,0.016789192333817482,0.018223334103822708,-0.0014341417700052261,-0.21282378654074036
DE01,Mannheim,train,secondary_link,subpixel_lt_10m,retain_major_candidate,1771,20480.61680784269,3.2,3.2,9.600000000000001,907,907,1.0,0.0811016708612442,0.08536280691623688,-0.004261136054992676,-0.0658553352010308,0.014833354391157627,0.016268927603960037,-0.0014355732128024101,-0.12368807080760602
DE01,Mannheim,train,service,one_to_two_pixels_10_20m,likely_ignore_candidate,26,1044.6873595507536,10.5,10.0,10.5,109,109,1.0,0.08630069345235825,0.09549912065267563,-0.009198427200317383,-0.07362933360130942,0.02318604663014412,0.027932174503803253,-0.004746127873659134,-0.14860988762828684
DE01,Mannheim,train,service,subpixel_lt_10m,likely_ignore_candidate,97491,2261209.345395089,5.0,2.0,9.5,113797,111867,0.9830399746917757,0.17243191599845886,0.17863106727600098,-0.006199151277542114,-0.025777572227057375,0.03123580478131771,0.033591728657484055,-0.0023559238761663437,-0.054400805637743785
DE01,Mannheim,train,tertiary,one_to_two_pixels_10_20m,manual_review_candidate,4232,115379.27316862298,10.0,10.0,19.200000000000003,11900,11803,0.9918487394957983,0.15210473537445068,0.16190674901008606,-0.009802013635635376,-0.05392363328433932,0.030009493231773376,0.032517269253730774,-0.0025077760219573975,-0.05909871769119802
DE01,Mannheim,train,tertiary,subpixel_lt_10m,manual_review_candidate,11965,296599.48551251984,6.4,3.0,9.600000000000001,18183,18165,0.9990100643458175,0.11335186660289764,0.11645537614822388,-0.003103509545326233,-0.01996170842236438,0.02122529037296772,0.022467464208602905,-0.0012421738356351852,-0.04369642390642637
DE01,Mannheim,train,tertiary_link,one_to_two_pixels_10_20m,manual_review_candidate,3,16.26975863005146,12.0,12.0,12.0,2,2,1.0,0.07637989521026611,0.08947347104549408,-0.013093575835227966,-1.5329801079564684,0.012873109430074692,0.016077836975455284,-0.0032047275453805923,-4.01071606734082
DE01,Mannheim,train,tertiary_link,subpixel_lt_10m,manual_review_candidate,763,6952.901285670643,3.2,3.0,6.4,296,296,1.0,0.10629255324602127,0.11806375533342361,-0.011771202087402344,-0.11779598374793826,0.017954660579562187,0.020690133795142174,-0.0027354732155799866,-0.13866942331831944
DE01,Mannheim,train,trunk,one_to_two_pixels_10_20m,retain_major_candidate,353,20615.00110727372,11.0,10.0,16.0,2426,2421,0.9979389942291839,0.06318195164203644,0.07297749817371368,-0.009795546531677246,-0.1798621842211953,0.013151004910469055,0.014993700198829174,-0.0018426952883601189,-0.1646761498364124
DE01,Mannheim,train,trunk,subpixel_lt_10m,retain_major_candidate,2619,136210.91004383157,6.5,3.2,9.600000000000001,9877,9873,0.9995950187303837,0.0661812275648117,0.07267419993877411,-0.006492972373962402,-0.11269913001623424,0.013214328326284885,0.01449963916093111,-0.001285310834646225,-0.11055485786917474
DE01,Mannheim,train,trunk_link,one_to_two_pixels_10_20m,retain_major_candidate,32,578.1040232772723,10.5,10.0,13.5,73,73,1.0,0.0655893012881279,0.0701771080493927,-0.004587806761264801,-0.07483874057155109,0.011218057945370674,0.012321550399065018,-0.0011034924536943436,-0.10663303701295815
DE01,Mannheim,train,trunk_link,subpixel_lt_10m,retain_major_candidate,4223,63280.647441264045,3.2,3.2,9.600000000000001,2686,2686,1.0,0.08039209246635437,0.08549080044031143,-0.005098707973957062,-0.07748261575682258,0.016115397214889526,0.017465712502598763,-0.0013503152877092361,-0.10030724711195256
DE01,Mannheim,train,unclassified,one_to_two_pixels_10_20m,manual_review_candidate,75,1519.3721788101896,12.8,10.0,19.200000000000003,202,198,0.9801980198019802,0.1801294982433319,0.1906922459602356,-0.010562747716903687,-0.057481687825068524,0.03272749483585358,0.036541685461997986,-0.003814190626144409,-0.10207654664266619
DE01,Mannheim,train,unclassified,subpixel_lt_10m,manual_review_candidate,14088,427130.57324433967,6.0,2.3,9.600000000000001,24908,24868,0.9983940902521278,0.1644352376461029,0.16864383220672607,-0.004208594560623169,-0.01302055552538486,0.029945772141218185,0.03149431198835373,-0.0015485398471355438,-0.025277353836252237
DE01,Mannheim,train,unclassified,two_plus_pixels_ge_20m,manual_review_candidate,2,24.108184702550393,40.0,40.0,40.0,23,23,1.0,0.20008353888988495,0.20315733551979065,-0.0030737966299057007,-0.035993468518300084,0.020045271143317223,0.019558018073439598,0.0004872530698776245,0.06840033882213159
DE02,Heidelberg,train,living_street,one_to_two_pixels_10_20m,likely_ignore_candidate,11,327.2523016975009,12.0,10.5,12.5,42,42,1.0,0.2664862871170044,0.2662922143936157,0.00019407272338867188,0.0009235192863714605,0.10898804664611816,0.11171689629554749,-0.0027288496494293213,-0.040012445305982795
DE02,Heidelberg,train,living_street,subpixel_lt_10m,likely_ignore_candidate,10852,212002.65377730192,6.0,2.0,9.0,12568,12430,0.9890197326543603,0.26099199056625366,0.2639502286911011,-0.002958238124847412,-0.012726987388150677,0.051252786070108414,0.054154135286808014,-0.0029013492166996002,-0.05855138098411728
DE02,Heidelberg,train,motorway,one_to_two_pixels_10_20m,retain_major_candidate,723,58333.870472353505,11.5,10.0,18.5,7187,7185,0.9997217197718102,0.05218427628278732,0.063616544008255,-0.011432267725467682,-0.23895046444980111,0.0103217838332057,0.012253088876605034,-0.001931305043399334,-0.2576630197219303
DE02,Heidelberg,train,motorway,subpixel_lt_10m,retain_major_candidate,1673,132900.416000826,7.5,6.4,9.600000000000001,10510,10510,1.0,0.05758839473128319,0.06395158916711807,-0.006363194435834885,-0.14437409888059607,0.011281710118055344,0.012675059027969837,-0.0013933489099144936,-0.15969574808817835
DE02,Heidelberg,train,motorway_link,one_to_two_pixels_10_20m,retain_major_candidate,30,477.66364014537066,11.0,10.55,12.0,52,52,1.0,0.03286915272474289,0.03519675135612488,-0.0023275986313819885,-0.12956348607707308,0.004584325477480888,0.005391077138483524,-0.000806751661002636,-0.18847016686244514
DE02,Heidelberg,train,motorway_link,subpixel_lt_10m,retain_major_candidate,3390,70053.79821719222,4.5,3.2,9.600000000000001,3362,3362,1.0,0.06400778889656067,0.06744705140590668,-0.0034392625093460083,-0.07102226613663705,0.01249004527926445,0.013674162328243256,-0.0011841170489788055,-0.11591833504628807
DE02,Heidelberg,train,pedestrian,subpixel_lt_10m,likely_ignore_candidate,5705,63912.40410617158,5.0,2.0,8.0,3073,2632,0.856492027334852,0.30642369389533997,0.3135131597518921,-0.007089465856552124,-0.018629758886752026,0.06253007054328918,0.06406527012586594,-0.0015351995825767517,-0.017119947728952953
DE02,Heidelberg,train,primary,one_to_two_pixels_10_20m,retain_major_candidate,887,23696.894477761056,12.8,10.0,19.200000000000003,3287,3278,0.9972619409796166,0.12737977504730225,0.1383671909570694,-0.010987415909767151,-0.06962322032357127,0.02110222913324833,0.023427816107869148,-0.002325586974620819,-0.0810440291580389
DE02,Heidelberg,train,primary,subpixel_lt_10m,retain_major_candidate,5531,160385.55801207336,6.4,3.2,9.600000000000001,11101,11099,0.9998198360508063,0.10059230774641037,0.10354292392730713,-0.002950616180896759,-0.027081313760158956,0.019899003207683563,0.02104363404214382,-0.0011446308344602585,-0.05141810858834086
DE02,Heidelberg,train,primary,two_plus_pixels_ge_20m,retain_major_candidate,2,73.18215651524062,24.0,24.0,24.0,23,23,1.0,0.035001836717128754,0.051655374467372894,-0.01665353775024414,-0.9606611163903348,0.004881385248154402,0.008288951590657234,-0.0034075663425028324,-0.6690180189890967
DE02,Heidelberg,train,primary_link,one_to_two_pixels_10_20m,retain_major_candidate,1,4.8794490874120156,12.8,12.8,12.8,1,1,1.0,0.03396747633814812,0.0387703962624073,-0.004802919924259186,-0.8184396073594395,0.007712624501436949,0.008004388771951199,-0.0002917642705142498,-0.31089061650279254
DE02,Heidelberg,train,primary_link,subpixel_lt_10m,retain_major_candidate,1594,19249.1306661373,3.2,3.2,9.600000000000001,906,906,1.0,0.09088960289955139,0.09364792704582214,-0.002758324146270752,-0.03610443893766646,0.016223058104515076,0.017421206459403038,-0.0011981483548879623,-0.08611916517623508
DE02,Heidelberg,train,residential,one_to_two_pixels_10_20m,manual_review_candidate,246,5708.464586042885,10.0,10.0,16.0,661,660,0.9984871406959153,0.2143847495317459,0.21813952922821045,-0.0037547796964645386,-0.017942910300615792,0.04304783046245575,0.04797649756073952,-0.004928667098283768,-0.0970701097161675
DE02,Heidelberg,train,residential,subpixel_lt_10m,manual_review_candidate,83129,1947301.613916066,8.0,2.0,9.600000000000001,143256,142324,0.9934941642932932,0.22235316038131714,0.22708222270011902,-0.00472906231880188,-0.02216116813255837,0.042880065739154816,0.045520320534706116,-0.0026402547955513,-0.05915184952082226
DE02,Heidelberg,train,secondary,one_to_two_pixels_10_20m,retain_major_candidate,2646,55416.71702892882,12.0,10.0,19.5,6960,6897,0.990948275862069,0.12365131825208664,0.12702816724777222,-0.0033768489956855774,-0.02063228712371351,0.023124493658542633,0.024404827505350113,-0.0012803338468074799,-0.04507273548477121
DE02,Heidelberg,train,secondary,subpixel_lt_10m,retain_major_candidate,14632,356060.20341126085,6.4,3.0,9.600000000000001,23119,23108,0.9995242008737402,0.09007909148931503,0.09200292080640793,-0.0019238293170928955,-0.01995848179437427,0.017900656908750534,0.018441488966345787,-0.000540832057595253,-0.028348885872197107
DE02,Heidelberg,train,secondary,two_plus_pixels_ge_20m,retain_major_candidate,3,54.72598404445342,21.5,21.5,21.5,16,16,1.0,0.09870079904794693,0.10963542014360428,-0.010934621095657349,-0.5079656695201562,0.01598566398024559,0.01784535124897957,-0.0018596872687339783,-0.4611353566574
DE02,Heidelberg,train,secondary_link,one_to_two_pixels_10_20m,retain_major_candidate,9,64.4984191658965,12.8,12.0,12.8,10,10,1.0,0.08865770697593689,0.09621050953865051,-0.007552802562713623,-0.32948106699446195,0.015661826357245445,0.015979379415512085,-0.0003175530582666397,-0.02714275911555538
DE02,Heidelberg,train,secondary_link,subpixel_lt_10m,retain_major_candidate,1752,19005.39641448815,3.2,3.2,9.600000000000001,835,835,1.0,0.08296873420476913,0.0891752764582634,-0.006206542253494263,-0.0955085982939046,0.015085283666849136,0.01685541309416294,-0.0017701294273138046,-0.14139761996124675
DE02,Heidelberg,train,service,one_to_two_pixels_10_20m,likely_ignore_candidate,12,196.34398374726038,10.0,10.0,12.0,23,23,1.0,0.050259288400411606,0.05135786533355713,-0.001098576933145523,-0.04972603190153842,0.006945437286049128,0.006048405542969704,0.0008970317430794239,0.17380113225646146
DE02,Heidelberg,train,service,subpixel_lt_10m,likely_ignore_candidate,92733,1751739.2316686036,5.0,2.0,9.5,87616,85917,0.9806085646457268,0.1634114384651184,0.1697026491165161,-0.006291210651397705,-0.028660590093334482,0.029338061809539795,0.0314481183886528,-0.0021100565791130066,-0.054265587462199935
DE02,Heidelberg,train,tertiary,one_to_two_pixels_10_20m,manual_review_candidate,4825,107225.72254559513,10.0,10.0,16.0,10980,10889,0.991712204007286,0.14593030512332916,0.15181535482406616,-0.0058850497007369995,-0.03299711460414683,0.028615549206733704,0.03001464530825615,-0.0013990961015224457,-0.039563699202241044
DE02,Heidelberg,train,tertiary,subpixel_lt_10m,manual_review_candidate,15694,297310.2241617707,6.4,3.0,9.600000000000001,18030,18021,0.9995008319467554,0.11340563744306564,0.11637060344219208,-0.0029649659991264343,-0.02049014338790733,0.021785737946629524,0.022925660014152527,-0.0011399220675230026,-0.04121811004912301
DE02,Heidelberg,train,tertiary_link,one_to_two_pixels_10_20m,manual_review_candidate,3,16.26975863005146,12.0,12.0,12.0,3,3,1.0,0.07745542377233505,0.08977720886468887,-0.01232178509235382,-0.926463387990387,0.0142748998478055,0.016252916306257248,-0.001978016458451748,-0.4601385520581974
DE02,Heidelberg,train,tertiary_link,subpixel_lt_10m,manual_review_candidate,506,4082.4404693706483,3.2,3.2,6.4,158,158,1.0,0.0970325618982315,0.10898082703351974,-0.011948265135288239,-0.114798801493666,0.01833203434944153,0.019230570644140244,-0.0008985362946987152,-0.03894571321288046
DE02,Heidelberg,train,trunk,one_to_two_pixels_10_20m,retain_major_candidate,248,13831.52471599674,11.0,10.0,16.0,1619,1614,0.9969116738727609,0.06859980523586273,0.07680129259824753,-0.008201487362384796,-0.14522662549041698,0.014271490275859833,0.015858344733715057,-0.0015868544578552246,-0.14290912024944546
DE02,Heidelberg,train,trunk,subpixel_lt_10m,retain_major_candidate,1191,50760.83476798354,7.0,3.2,9.600000000000001,3827,3827,1.0,0.06508152931928635,0.072548046708107,-0.007466517388820648,-0.12846894969535802,0.01288008876144886,0.01388009823858738,-0.0010000094771385193,-0.10452486952302872
DE02,Heidelberg,train,trunk_link,one_to_two_pixels_10_20m,retain_major_candidate,16,187.59261699304017,10.5,10.5,12.8,23,23,1.0,0.07556506246328354,0.0894705206155777,-0.013905458152294159,-0.12608037733070412,0.016382288187742233,0.016015393659472466,0.00036689452826976776,0.028992111452167357
DE02,Heidelberg,train,trunk_link,subpixel_lt_10m,retain_major_candidate,1852,26438.66580114903,3.2,3.2,9.600000000000001,1120,1120,1.0,0.07406523823738098,0.07966621220111847,-0.005600973963737488,-0.09295560938414545,0.01454099453985691,0.015403367578983307,-0.0008623730391263962,-0.07966498867915503
DE02,Heidelberg,train,unclassified,one_to_two_pixels_10_20m,manual_review_candidate,53,1127.6573754011324,10.5,10.0,16.0,133,133,1.0,0.19671612977981567,0.2164168506860733,-0.01970072090625763,-0.10251951514006694,0.044677961617708206,0.048314664512872696,-0.0036367028951644897,-0.08973459803639498
DE02,Heidelberg,train,unclassified,subpixel_lt_10m,manual_review_candidate,9725,226738.59188949302,6.0,2.0,9.600000000000001,12937,12933,0.9996908093066399,0.11406876891851425,0.1114518791437149,0.002616889774799347,0.019716800829734364,0.0211871899664402,0.02136186696588993,-0.00017467699944972992,-0.0075470018736529245
DE02,Heidelberg,train,unclassified,two_plus_pixels_ge_20m,manual_review_candidate,2,24.108184702550393,40.0,40.0,40.0,23,23,1.0,0.19950492680072784,0.1834975630044937,0.01600736379623413,0.15735735225464495,0.019782058894634247,0.02017214521765709,-0.0003900863230228424,-0.06812981184322589
DE03,Karlsruhe,train,living_street,one_to_two_pixels_10_20m,likely_ignore_candidate,27,507.37576213478434,10.0,10.0,12.7,51,50,0.9803921568627451,0.5093326568603516,0.5162796378135681,-0.006946980953216553,-0.02561610264287558,0.08857598900794983,0.09380422532558441,-0.0052282363176345825,-0.037688486203503284
DE03,Karlsruhe,train,living_street,subpixel_lt_10m,likely_ignore_candidate,6146,128491.25148958986,6.0,2.0,9.5,7514,7461,0.9929464998669151,0.2416798621416092,0.24370867013931274,-0.0020288079977035522,-0.009899849020231173,0.0489576980471611,0.05118367075920105,-0.0022259727120399475,-0.04980883952064212
DE03,Karlsruhe,train,motorway,one_to_two_pixels_10_20m,retain_major_candidate,1386,72690.42759225793,11.5,11.5,19.5,9020,9019,0.9998891352549889,0.04889337718486786,0.06102859973907471,-0.012135222554206848,-0.30250501091331605,0.010888272896409035,0.013354150578379631,-0.0024658776819705963,-0.31017269381546775
DE03,Karlsruhe,train,motorway,subpixel_lt_10m,retain_major_candidate,763,55208.7242437479,9.600000000000001,6.4,9.600000000000001,4732,4732,1.0,0.04557892680168152,0.05504142493009567,-0.009462498128414154,-0.2867383553005737,0.010621863417327404,0.012674045749008656,-0.0020521823316812515,-0.271017431223691
DE03,Karlsruhe,train,motorway_link,subpixel_lt_10m,retain_major_candidate,1605,28599.45471831379,3.2,3.2,9.600000000000001,1372,1371,0.999271137026239,0.06619323790073395,0.0744113177061081,-0.008218079805374146,-0.18469569204078232,0.014240508899092674,0.01622336357831955,-0.0019828546792268753,-0.19774674992360683
DE03,Karlsruhe,train,pedestrian,subpixel_lt_10m,likely_ignore_candidate,5786,56320.17293382708,5.0,2.0,6.3,2603,2230,0.8567038033038802,0.27818620204925537,0.2824917137622833,-0.004305511713027954,-0.009939017749666147,0.046701837331056595,0.04717464745044708,-0.00047281011939048767,-0.006675142670991133
DE03,Karlsruhe,train,primary,one_to_two_pixels_10_20m,retain_major_candidate,620,18817.952298556655,12.8,10.5,19.200000000000003,2698,2655,0.9840622683469237,0.09475547075271606,0.09579973667860031,-0.0010442659258842468,-0.01029483649595523,0.019719863310456276,0.020543621852993965,-0.0008237585425376892,-0.03721741401869505
DE03,Karlsruhe,train,primary,subpixel_lt_10m,retain_major_candidate,4919,155716.9542183269,6.4,3.2,9.600000000000001,10582,10582,1.0,0.08070807158946991,0.08248385787010193,-0.001775786280632019,-0.02487919848609145,0.01645302027463913,0.017590375617146492,-0.0011373553425073624,-0.08196419398065949
DE03,Karlsruhe,train,primary_link,subpixel_lt_10m,retain_major_candidate,1160,12423.129300149956,5.0,3.0,9.0,621,621,1.0,0.07359914481639862,0.07565869390964508,-0.00205954909324646,-0.036280996996358485,0.013719656504690647,0.014927982352674007,-0.0012083258479833603,-0.11531363222876614
DE03,Karlsruhe,train,residential,one_to_two_pixels_10_20m,manual_review_candidate,56,801.4860785603254,11.65,10.0,18.0,120,120,1.0,0.2096293717622757,0.2247001975774765,-0.015070825815200806,-0.06738501032542667,0.03860286995768547,0.04475174844264984,-0.006148878484964371,-0.11024374787479273
DE03,Karlsruhe,train,residential,subpixel_lt_10m,manual_review_candidate,61578,1594238.8369099877,8.0,2.0,9.8,119508,119008,0.9958161796699803,0.19312387704849243,0.19987815618515015,-0.006754279136657715,-0.03811774662687981,0.03955373167991638,0.04226042702794075,-0.0027066953480243683,-0.06909248695410057
DE03,Karlsruhe,train,secondary,one_to_two_pixels_10_20m,retain_major_candidate,2478,54944.39274237639,12.0,10.0,19.200000000000003,6808,6731,0.988689776733255,0.14083315432071686,0.14916729927062988,-0.008334144949913025,-0.04884455354779425,0.02787727676331997,0.030526593327522278,-0.0026493165642023087,-0.08431529394915453
DE03,Karlsruhe,train,secondary,subpixel_lt_10m,retain_major_candidate,11550,282376.73525613325,6.4,3.0,9.600000000000001,17710,17696,0.9992094861660079,0.09105375409126282,0.09495174884796143,-0.0038979947566986084,-0.04862494514149266,0.019472699612379074,0.020791132003068924,-0.0013184323906898499,-0.07674261622772162
DE03,Karlsruhe,train,secondary_link,one_to_two_pixels_10_20m,retain_major_candidate,3,20.584714602714357,12.8,12.8,12.8,3,3,1.0,0.1310887485742569,0.13664957880973816,-0.005560830235481262,-0.1305727386139726,0.012493281625211239,0.012660082429647446,-0.00016680080443620682,-0.06540789133951035
DE03,Karlsruhe,train,secondary_link,subpixel_lt_10m,retain_major_candidate,819,6532.33547350412,3.2,3.0,9.5,277,277,1.0,0.08579280227422714,0.09179674834012985,-0.00600394606590271,-0.08044060877384361,0.015307442285120487,0.01705957017838955,-0.001752127893269062,-0.13603756488569987
DE03,Karlsruhe,train,service,one_to_two_pixels_10_20m,likely_ignore_candidate,11,64.96534887020832,10.0,10.0,14.0,9,9,1.0,0.24350954592227936,0.2800752520561218,-0.03656570613384247,-0.01856461732973906,0.11102399975061417,0.16813459992408752,-0.05711060017347336,-0.06768529843340547
DE03,Karlsruhe,train,service,subpixel_lt_10m,likely_ignore_candidate,78166,1631266.3273466136,5.0,2.0,9.0,81987,80658,0.9837901130667057,0.15307313203811646,0.15357132256031036,-0.0004981905221939087,-0.002437803668175203,0.028737934306263924,0.029904916882514954,-0.00116698257625103,-0.03527380878921214
DE03,Karlsruhe,train,service,two_plus_pixels_ge_20m,likely_ignore_candidate,3,300.4772868891925,31.0,25.0,31.0,87,86,0.9885057471264368,0.07348326593637466,0.08231737464666367,-0.008834108710289001,-0.1716408058140161,0.015264890156686306,0.020598525181412697,-0.005333635024726391,-0.5247327132322469
DE03,Karlsruhe,train,tertiary,one_to_two_pixels_10_20m,manual_review_candidate,3287,81724.26864119894,10.0,10.0,18.6,8285,8239,0.9944477972238986,0.13546697795391083,0.14391420781612396,-0.008447229862213135,-0.05508295762534739,0.02765686996281147,0.030522527173161507,-0.0028656572103500366,-0.08352682825555749
DE03,Karlsruhe,train,tertiary,subpixel_lt_10m,manual_review_candidate,10344,227109.83267369086,6.4,2.3,9.600000000000001,14089,14087,0.9998580452835546,0.0979025587439537,0.10108564794063568,-0.0031830891966819763,-0.03109872223047603,0.020516565069556236,0.021691855043172836,-0.0011752899736166,-0.05732068566179343
DE03,Karlsruhe,train,tertiary_link,subpixel_lt_10m,manual_review_candidate,583,4407.630018484682,3.2,3.2,6.4,189,189,1.0,0.0847134068608284,0.08951330184936523,-0.004799894988536835,-0.06291429565307746,0.01601407304406166,0.018321486189961433,-0.0023074131458997726,-0.15662967459953497
DE03,Karlsruhe,train,trunk,one_to_two_pixels_10_20m,retain_major_candidate,156,6558.434491872201,11.0,10.0,16.0,792,792,1.0,0.06530430912971497,0.0738493949174881,-0.008545085787773132,-0.14305425350232223,0.013351378962397575,0.015485706739127636,-0.0021343277767300606,-0.20527248181430255
DE03,Karlsruhe,train,trunk,subpixel_lt_10m,retain_major_candidate,1794,88012.54959348725,7.1,3.2,9.600000000000001,6639,6638,0.9998493749058593,0.06897825002670288,0.07844530791044235,-0.009467057883739471,-0.16536670460789393,0.014168674126267433,0.016257282346487045,-0.002088608220219612,-0.19540438200530005
DE03,Karlsruhe,train,trunk_link,one_to_two_pixels_10_20m,retain_major_candidate,7,221.07208490442846,12.8,12.8,16.0,35,35,1.0,0.12695565819740295,0.15301689505577087,-0.02606123685836792,-0.06892985584928712,0.015039883553981781,0.02088570035994053,-0.005845816805958748,-0.3497189277177118
DE03,Karlsruhe,train,trunk_link,subpixel_lt_10m,retain_major_candidate,3087,42401.07313419217,3.2,3.2,9.600000000000001,1728,1727,0.9994212962962963,0.08591249585151672,0.08982741832733154,-0.003914922475814819,-0.06663596017557484,0.017004936933517456,0.018373839557170868,-0.0013689026236534119,-0.1245658072516831
DE03,Karlsruhe,train,unclassified,one_to_two_pixels_10_20m,manual_review_candidate,44,386.83348917204006,10.0,10.0,10.0,43,43,1.0,0.08230283111333847,0.08911395817995071,-0.006811127066612244,-0.14179254952178164,0.010519015602767467,0.0122970687225461,-0.0017780531197786331,-0.2522371335835398
DE03,Karlsruhe,train,unclassified,subpixel_lt_10m,manual_review_candidate,10032,250258.41756107012,6.0,2.0,9.600000000000001,14733,14728,0.9996606258060137,0.1157427504658699,0.11706022173166275,-0.0013174712657928467,-0.010189399470350373,0.022710606455802917,0.02357776276767254,-0.0008671563118696213,-0.040671148069218815
DE04,Stuttgart,train,living_street,one_to_two_pixels_10_20m,likely_ignore_candidate,5,96.9902855529053,12.0,10.0,12.0,13,12,0.9230769230769231,0.9908038377761841,0.3574058413505554,0.6333979964256287,0.5337936990909189,0.19545114040374756,0.09596604108810425,0.09948509931564331,0.2930653115981809
DE04,Stuttgart,train,living_street,subpixel_lt_10m,likely_ignore_candidate,9057,151478.78375004276,6.0,2.0,9.0,8932,8870,0.9930586654724586,0.25254586338996887,0.25732141733169556,-0.004775553941726685,-0.021273725851305495,0.053903836756944656,0.0562690794467926,-0.002365242689847946,-0.0440446749102513
DE04,Stuttgart,train,motorway,one_to_two_pixels_10_20m,retain_major_candidate,1785,89869.54499837436,14.1,10.7,19.4,12309,12297,0.9990251035827443,0.05799132212996483,0.06647032499313354,-0.008479002863168716,-0.16996113780803737,0.012215537950396538,0.014318599365651608,-0.0021030614152550697,-0.20997436952223392
DE04,Stuttgart,train,motorway,subpixel_lt_10m,retain_major_candidate,821,36174.22296883681,7.7,6.4,9.600000000000001,3046,3030,0.9947472094550229,0.06040133535861969,0.065785251557827,-0.005383916199207306,-0.11354484609504326,0.014355424791574478,0.015465598553419113,-0.001110173761844635,-0.09890676019126532
DE04,Stuttgart,train,motorway_link,one_to_two_pixels_10_20m,retain_major_candidate,90,2594.079495763695,10.0,10.0,16.0,279,279,1.0,0.08149123191833496,0.08171046525239944,-0.00021923333406448364,-0.003956768023128772,0.013763388618826866,0.01418034452944994,-0.0004169559106230736,-0.05916743505403205
DE04,Stuttgart,train,motorway_link,subpixel_lt_10m,retain_major_candidate,3557,54930.58427551325,4.5,3.2,9.600000000000001,2926,2910,0.9945317840054683,0.06913764029741287,0.07278254628181458,-0.003644905984401703,-0.0714400870346167,0.014763081446290016,0.015774114057421684,-0.001011032611131668,-0.0943520676463827
DE04,Stuttgart,train,pedestrian,one_to_two_pixels_10_20m,likely_ignore_candidate,45,901.0451518731477,12.0,10.0,16.0,118,113,0.9576271186440678,0.26278817653656006,0.2942847013473511,-0.031496524810791016,-0.0989543042511902,0.05725480616092682,0.06076309084892273,-0.0035082846879959106,-0.0735655679758228
DE04,Stuttgart,train,pedestrian,subpixel_lt_10m,likely_ignore_candidate,12132,125498.95424277395,5.0,2.0,9.0,5828,4920,0.8442004118050789,0.35155439376831055,0.34005290269851685,0.011501491069793701,0.023441554465779946,0.07085089385509491,0.07151076197624207,-0.0006598681211471558,-0.006012006907637501
DE04,Stuttgart,train,pedestrian,two_plus_pixels_ge_20m,likely_ignore_candidate,9,380.052868231508,25.0,20.0,25.0,103,97,0.941747572815534,1.1463491916656494,1.2322534322738647,-0.08590424060821533,-0.06902130462896369,0.23393625020980835,0.2716517448425293,-0.03771549463272095,-0.10003376822037369
DE04,Stuttgart,train,primary,one_to_two_pixels_10_20m,retain_major_candidate,664,13990.337945768224,12.8,10.2,19.200000000000003,1983,1980,0.9984871406959153,0.16009025275707245,0.17023849487304688,-0.010148242115974426,-0.04471833575407696,0.031439781188964844,0.033924490213394165,-0.0024847090244293213,-0.0575381533691683
DE04,Stuttgart,train,primary,subpixel_lt_10m,retain_major_candidate,2914,71117.97338635847,6.4,3.2,9.600000000000001,5163,5159,0.9992252566337401,0.12709234654903412,0.12308018654584885,0.004012160003185272,0.023434542139902523,0.024809792637825012,0.024909470230340958,-9.967759251594543e-05,-0.0031669912328658816
DE04,Stuttgart,train,primary_link,one_to_two_pixels_10_20m,retain_major_candidate,9,202.13648207449936,12.8,12.8,12.8,29,29,1.0,0.0863332599401474,0.09992080926895142,-0.013587549328804016,-0.22447457067172016,0.019433962181210518,0.0190030038356781,0.0004309583455324173,0.03069221545638369
DE04,Stuttgart,train,primary_link,subpixel_lt_10m,retain_major_candidate,926,10651.9673238827,3.2,3.2,9.600000000000001,558,557,0.9982078853046595,0.11944718658924103,0.10425113141536713,0.015196055173873901,0.08656712566311764,0.021824747323989868,0.02196001261472702,-0.0001352652907371521,-0.004669041950139621
DE04,Stuttgart,train,residential,one_to_two_pixels_10_20m,manual_review_candidate,476,9948.276984265904,10.5,10.0,17.9,1161,1160,0.9991386735572783,0.2645997107028961,0.2698918581008911,-0.005292147397994995,-0.016917884025487485,0.057398974895477295,0.06075451150536537,-0.0033555366098880768,-0.04960687674361636
DE04,Stuttgart,train,residential,subpixel_lt_10m,manual_review_candidate,134951,2834635.228302219,8.0,2.0,9.7,212292,211437,0.9959725284042733,0.21876877546310425,0.22546933591365814,-0.006700560450553894,-0.034276811396012435,0.04477543383836746,0.04792679473757744,-0.003151360899209976,-0.0707529274322001
DE04,Stuttgart,train,residential,two_plus_pixels_ge_20m,manual_review_candidate,2,25.09530645392128,20.4,20.3,20.5,11,11,1.0,0.17019331455230713,0.2238006293773651,-0.05360731482505798,-0.6580635200939775,0.03144896775484085,0.03820685297250748,-0.006757885217666626,-0.6681207235516702
DE04,Stuttgart,train,secondary,one_to_two_pixels_10_20m,retain_major_candidate,5944,100719.76164841527,12.0,10.0,19.200000000000003,12929,12856,0.9943537783277903,0.15043184161186218,0.16510683298110962,-0.014674991369247437,-0.07773658967222066,0.02914191596210003,0.03258708864450455,-0.003445172682404518,-0.09141759139668451
DE04,Stuttgart,train,secondary,subpixel_lt_10m,retain_major_candidate,32202,612983.8866501278,6.4,3.0,9.9,40689,40662,0.9993364299933643,0.1098199337720871,0.11343187838792801,-0.003611944615840912,-0.03309911169379005,0.022413872182369232,0.023706063628196716,-0.0012921914458274841,-0.060288813433001846
DE04,Stuttgart,train,secondary,two_plus_pixels_ge_20m,retain_major_candidate,9,106.761448645397,22.400000000000002,22.400000000000002,22.400000000000002,32,32,1.0,0.19527652859687805,0.18624398112297058,0.00903254747390747,0.03984407958193703,0.014918720349669456,0.016922257840633392,-0.002003537490963936,-0.2880929168697739
DE04,Stuttgart,train,secondary_link,one_to_two_pixels_10_20m,retain_major_candidate,2,27.324713236416006,11.4,10.0,12.8,6,6,1.0,0.6720964908599854,0.8510863780975342,-0.17898988723754883,-0.1565398418249866,0.08030880987644196,0.053163912147283554,0.0271448977291584,0.5198905973090403
DE04,Stuttgart,train,secondary_link,subpixel_lt_10m,retain_major_candidate,2274,17510.395640625284,3.2,3.2,9.600000000000001,773,773,1.0,0.09905444085597992,0.10944849252700806,-0.010394051671028137,-0.11312188245368,0.01886059157550335,0.02113201655447483,-0.0022714249789714813,-0.12978666430535205
DE04,Stuttgart,train,service,one_to_two_pixels_10_20m,likely_ignore_candidate,23,602.5242452732804,15.0,10.0,17.0,95,87,0.9157894736842105,0.2094610035419464,0.2826418876647949,-0.07318088412284851,-0.21877399967997457,0.03719092905521393,0.04346352815628052,-0.006272599101066589,-0.11398634157965426
DE04,Stuttgart,train,service,subpixel_lt_10m,likely_ignore_candidate,119741,2096261.2970561283,5.0,2.0,8.0,104917,102148,0.973607708950885,0.18286064267158508,0.1863914579153061,-0.0035308152437210083,-0.015073548028553537,0.03445657715201378,0.03642573207616806,-0.0019691549241542816,-0.04422505935261309
DE04,Stuttgart,train,service,two_plus_pixels_ge_20m,likely_ignore_candidate,3,36.64515266765924,23.0,23.0,23.0,12,12,1.0,0.28834712505340576,0.24253542721271515,0.04581169784069061,0.1842719770710369,0.022136759012937546,0.0251808799803257,-0.003044120967388153,-0.093746845085676
DE04,Stuttgart,train,tertiary,one_to_two_pixels_10_20m,manual_review_candidate,8133,142720.29465421924,10.0,10.0,19.200000000000003,14744,14703,0.9972192078133478,0.17150315642356873,0.1799352765083313,-0.008432120084762573,-0.04420088622046531,0.03339388966560364,0.03622138500213623,-0.0028274953365325928,-0.071141714858383
DE04,Stuttgart,train,tertiary,subpixel_lt_10m,manual_review_candidate,18391,335319.8396018167,6.4,3.0,9.8,21714,21709,0.999769733812287,0.13554558157920837,0.14058636128902435,-0.005040779709815979,-0.031558059362336535,0.02780052274465561,0.02924525737762451,-0.0014447346329689026,-0.042817986075857406
DE04,Stuttgart,train,tertiary_link,one_to_two_pixels_10_20m,manual_review_candidate,3,76.31290813608493,16.0,16.0,16.0,15,15,1.0,0.7871336936950684,0.8694425821304321,-0.08230888843536377,-0.09156104057215622,0.11287105828523636,0.1894257366657257,-0.07655467838048935,-0.8001027090984766
DE04,Stuttgart,train,tertiary_link,subpixel_lt_10m,manual_review_candidate,867,7345.158304595234,3.2,3.2,9.600000000000001,343,343,1.0,0.11529835313558578,0.12590983510017395,-0.010611481964588165,-0.07325443947674615,0.02159755676984787,0.025258908048272133,-0.003661351278424263,-0.11142035497651168
DE04,Stuttgart,train,trunk,one_to_two_pixels_10_20m,retain_major_candidate,842,32731.5199354636,11.2,10.0,15.3,3857,3790,0.9826289862587503,0.08348824828863144,0.09568817913532257,-0.012199930846691132,-0.17573144747085553,0.0184718519449234,0.021541839465498924,-0.0030699875205755234,-0.20109533277501548
DE04,Stuttgart,train,trunk,subpixel_lt_10m,retain_major_candidate,3649,142343.33789888734,7.2,3.2,9.7,10547,10540,0.999336304162321,0.07941453158855438,0.08680644631385803,-0.00739191472530365,-0.126198575205689,0.017519161105155945,0.018919244408607483,-0.001400083303451538,-0.11527192257379858
DE04,Stuttgart,train,trunk_link,one_to_two_pixels_10_20m,retain_major_candidate,47,756.1978921594604,12.8,10.7,15.0,98,97,0.9897959183673469,0.07679413259029388,0.0872439444065094,-0.010449811816215515,-0.19980258356543085,0.01828223094344139,0.01819082722067833,9.140372276306152e-05,0.006738936190972597
DE04,Stuttgart,train,trunk_link,subpixel_lt_10m,retain_major_candidate,3961,60494.139882237694,5.0,3.2,9.600000000000001,3139,3134,0.998407136030583,0.0830831378698349,0.0884355679154396,-0.005352430045604706,-0.08785828320513576,0.018159618601202965,0.019432328641414642,-0.0012727100402116776,-0.09949378055572745
DE04,Stuttgart,train,unclassified,one_to_two_pixels_10_20m,manual_review_candidate,274,6517.692660654235,12.8,10.0,16.0,832,821,0.9867788461538461,0.39634862542152405,0.41931986808776855,-0.022971242666244507,-0.024930079456750565,0.05726780742406845,0.06529904156923294,-0.00803123414516449,-0.09384017326150434
DE04,Stuttgart,train,unclassified,subpixel_lt_10m,manual_review_candidate,15535,340746.9784467388,6.0,2.0,9.600000000000001,20113,19998,0.9942823049768806,0.1495169997215271,0.1494075506925583,0.00010944902896881104,0.0005745643304362097,0.029583623632788658,0.03046572580933571,-0.0008821021765470505,-0.026117189205310583
DE04,Stuttgart,train,unclassified,two_plus_pixels_ge_20m,manual_review_candidate,24,189.25927844710895,22.400000000000002,22.400000000000002,22.400000000000002,42,42,1.0,0.09073325991630554,0.10262933373451233,-0.011896073818206787,-0.536513440860215,0.01890762522816658,0.021316975355148315,-0.0024093501269817352,-0.3062631332832172
DE05,Munich,train,living_street,one_to_two_pixels_10_20m,likely_ignore_candidate,38,299.7048218099173,10.5,10.5,19.6,49,47,0.9591836734693877,0.23450970649719238,0.25232237577438354,-0.017812669277191162,-0.15826585276017413,0.08225534111261368,0.09101144969463348,-0.008756108582019806,-0.12044233535917842
DE05,Munich,train,living_street,subpixel_lt_10m,likely_ignore_candidate,11100,193903.01963926983,6.0,2.0,9.8,11253,11222,0.9972451790633609,0.22486065328121185,0.23152916133403778,-0.006668508052825928,-0.03393789927743297,0.04259276017546654,0.04482893645763397,-0.0022361762821674347,-0.06216070287989887
DE05,Munich,train,motorway,one_to_two_pixels_10_20m,retain_major_candidate,822,70720.60963073483,12.8,12.8,19.200000000000003,9946,9944,0.9997989141363363,0.05187251418828964,0.059064436703920364,-0.007191922515630722,-0.16960265423115164,0.011070964857935905,0.013136979192495346,-0.0020660143345594406,-0.22741576830218058
DE05,Munich,train,motorway,subpixel_lt_10m,retain_major_candidate,2604,213850.42554538287,9.600000000000001,3.2,9.600000000000001,17381,17381,1.0,0.060787051916122437,0.06731310486793518,-0.006526052951812744,-0.14159445391870093,0.013367807492613792,0.014937372878193855,-0.0015695653855800629,-0.16873179331219348
DE05,Munich,train,motorway,two_plus_pixels_ge_20m,retain_major_candidate,7,458.9009971323916,22.400000000000002,22.400000000000002,22.400000000000002,105,105,1.0,0.030945081263780594,0.03353731334209442,-0.0025922320783138275,-0.21011817669720945,0.007104283198714256,0.007878251373767853,-0.0007739681750535965,-0.20645703351887856
DE05,Munich,train,motorway_link,one_to_two_pixels_10_20m,retain_major_candidate,34,841.4445480949744,12.8,10.0,12.8,115,115,1.0,0.061003174632787704,0.07107363641262054,-0.01007046177983284,-0.20829964115615987,0.013384324498474598,0.014871076680719852,-0.0014867521822452545,-0.15142146019797623
DE05,Munich,train,motorway_link,subpixel_lt_10m,retain_major_candidate,5607,129697.18064605506,3.2,3.2,9.600000000000001,6187,6186,0.9998383707774365,0.06904804706573486,0.07299776375293732,-0.003949716687202454,-0.07643220452126533,0.01487839873880148,0.01589183695614338,-0.0010134382173418999,-0.09468727740457014
DE05,Munich,train,pedestrian,one_to_two_pixels_10_20m,likely_ignore_candidate,2,121.94455815368202,12.0,12.0,12.0,17,17,1.0,0.16676607728004456,0.15762650966644287,0.009139567613601685,0.12486268780928324,0.043994758278131485,0.038166679441928864,0.0058280788362026215,0.2676752848341127
DE05,Munich,train,pedestrian,subpixel_lt_10m,likely_ignore_candidate,7927,80759.92122500668,5.0,2.0,7.0,3747,3145,0.8393381371764078,0.3924601078033447,0.38977712392807007,0.002682983875274658,0.005055766407485585,0.08633051812648773,0.07940961420536041,0.006920903921127319,0.047922851940763345
DE05,Munich,train,primary,one_to_two_pixels_10_20m,retain_major_candidate,831,20794.785321233525,12.8,12.6,19.200000000000003,2988,2988,1.0,0.149658665060997,0.15421268343925476,-0.0045540183782577515,-0.02365287030055781,0.024885013699531555,0.026437893509864807,-0.001552879810333252,-0.06242600120943938
DE05,Munich,train,primary,subpixel_lt_10m,retain_major_candidate,4821,158254.7556470331,6.4,3.2,9.600000000000001,11401,11400,0.9999122883957547,0.1111772283911705,0.11329427361488342,-0.002117045223712921,-0.022383996236365927,0.02305082604289055,0.024262279272079468,-0.001211453229188919,-0.06209258525207302
DE05,Munich,train,primary_link,one_to_two_pixels_10_20m,retain_major_candidate,5,84.9790841803436,12.8,12.8,12.8,11,11,1.0,0.5509028434753418,0.7033506035804749,-0.15244776010513306,-0.07700527826505639,0.03489517793059349,0.04451264441013336,-0.009617466479539871,-0.22456712225481076
DE05,Munich,train,primary_link,subpixel_lt_10m,retain_major_candidate,571,7433.550214614083,3.2,3.2,9.600000000000001,372,372,1.0,0.08010120689868927,0.0798899382352829,0.00021126866340637207,0.00285299700513793,0.017513908445835114,0.018010888248682022,-0.0004969798028469086,-0.04148126359477855
DE05,Munich,train,residential,one_to_two_pixels_10_20m,manual_review_candidate,621,11656.784797752267,12.0,10.0,18.0,1483,1480,0.9979770734996628,0.2985987961292267,0.3142712712287903,-0.0156724750995636,-0.03853661957515561,0.04361361265182495,0.050002072006464005,-0.006388459354639053,-0.07722786179722263
DE05,Munich,train,residential,subpixel_lt_10m,manual_review_candidate,113191,2659527.516699181,8.0,2.0,9.9,193191,192948,0.9987421774306257,0.2122657597064972,0.2218708097934723,-0.009605050086975098,-0.047414649489573704,0.0425107441842556,0.045812495052814484,-0.0033017508685588837,-0.07716897704504445
DE05,Munich,train,secondary,one_to_two_pixels_10_20m,retain_major_candidate,3350,70449.00756046615,12.8,10.0,19.200000000000003,9392,9385,0.9992546848381602,0.1564090996980667,0.17180854082107544,-0.015399441123008728,-0.07754400816559966,0.03213090822100639,0.03651336953043938,-0.004382461309432983,-0.09917510880187437
DE05,Munich,train,secondary,subpixel_lt_10m,retain_major_candidate,21265,496305.1494430967,6.4,2.5,9.600000000000001,33336,33328,0.9997600191984641,0.14360901713371277,0.1502545177936554,-0.006645500659942627,-0.043624470286446865,0.028841840103268623,0.0310770682990551,-0.002235228195786476,-0.07307548338416321
DE05,Munich,train,secondary,two_plus_pixels_ge_20m,retain_major_candidate,10,190.8425060352515,22.400000000000002,22.400000000000002,22.400000000000002,55,55,1.0,0.26682665944099426,0.34335562586784363,-0.07652896642684937,-0.43973237124478126,0.0743030235171318,0.08419010043144226,-0.009887076914310455,-0.20825020261702176
DE05,Munich,train,secondary_link,one_to_two_pixels_10_20m,retain_major_candidate,1,10.445803582327535,12.8,12.8,12.8,3,3,1.0,0.2750140428543091,0.25046810507774353,0.024545937776565552,0.7245940118116851,0.024317940697073936,0.029218394309282303,-0.004900453612208366,-1.5285303360498441
DE05,Munich,train,secondary_link,subpixel_lt_10m,retain_major_candidate,993,10467.076779597268,3.2,3.0,9.600000000000001,508,508,1.0,0.11966212093830109,0.12940900027751923,-0.00974687933921814,-0.07629041916097824,0.025249887257814407,0.026461340487003326,-0.001211453229188919,-0.04758078309737076
DE05,Munich,train,service,one_to_two_pixels_10_20m,likely_ignore_candidate,25,740.3901245195842,10.0,10.0,12.3,88,76,0.8636363636363636,0.30895137786865234,0.2766883969306946,0.032262980937957764,0.11632003261275183,0.05360821634531021,0.057595305144786835,-0.0039870887994766235,-0.061033116582880874
DE05,Munich,train,service,subpixel_lt_10m,likely_ignore_candidate,155047,2809937.394012138,5.0,2.0,9.0,143336,139556,0.9736283976112072,0.20893993973731995,0.21215304732322693,-0.0032131075859069824,-0.012333775903572007,0.03805232048034668,0.040302835404872894,-0.0022505149245262146,-0.05070475920615214
DE05,Munich,train,service,two_plus_pixels_ge_20m,likely_ignore_candidate,8,293.05784378915956,25.0,20.0,25.0,73,73,1.0,0.36183664202690125,0.5182227492332458,-0.1563861072063446,-0.414834144511256,0.06788784265518188,0.1042877584695816,-0.03639991581439972,-0.48994357466741745
DE05,Munich,train,tertiary,one_to_two_pixels_10_20m,manual_review_candidate,3397,74936.7198950437,10.0,10.0,19.200000000000003,7903,7893,0.9987346577249145,0.1314845085144043,0.13540121912956238,-0.003916710615158081,-0.031143259991232124,0.026859890669584274,0.028418418020009995,-0.0015585273504257202,-0.059997675320254754
DE05,Munich,train,tertiary,subpixel_lt_10m,manual_review_candidate,12999,299206.6183714255,6.4,2.7,9.600000000000001,19286,19281,0.9997407445815617,0.14254039525985718,0.1470583975315094,-0.004518002271652222,-0.029744082463069563,0.028502190485596657,0.02999851107597351,-0.001496320590376854,-0.051297515898870466
DE05,Munich,train,tertiary_link,subpixel_lt_10m,manual_review_candidate,315,2855.4371173945096,3.2,3.2,6.4,115,115,1.0,0.09334723651409149,0.09887811541557312,-0.005530878901481628,-0.07351277503095621,0.01599428430199623,0.018372248858213425,-0.0023779645562171936,-0.16892232068724838
DE05,Munich,train,trunk,one_to_two_pixels_10_20m,retain_major_candidate,117,5313.49670861006,12.8,12.0,16.0,699,699,1.0,0.10931265354156494,0.11584198474884033,-0.006529331207275391,-0.04872719638024508,0.019431760534644127,0.020841825753450394,-0.0014100652188062668,-0.08655398906868908
DE05,Munich,train,trunk,subpixel_lt_10m,retain_major_candidate,1626,64909.12444153994,6.4,3.2,9.600000000000001,4668,4667,0.9997857754927164,0.09568358957767487,0.09552185982465744,0.00016172975301742554,0.002204282016086882,0.021550718694925308,0.02165108174085617,-0.00010036304593086243,-0.006548592202165574
DE05,Munich,train,trunk_link,one_to_two_pixels_10_20m,retain_major_candidate,14,368.98697786617913,12.8,12.8,16.0,59,59,1.0,0.12293589115142822,0.1629244089126587,-0.03998851776123047,-0.26193849698958294,0.02564140409231186,0.02691090852022171,-0.001269504427909851,-0.09801478217539147
DE05,Munich,train,trunk_link,subpixel_lt_10m,retain_major_candidate,1837,35633.82865764243,3.2,3.2,9.600000000000001,1925,1924,0.9994805194805195,0.10771189630031586,0.11517637223005295,-0.007464475929737091,-0.08830889996884973,0.023640412837266922,0.024817941710352898,-0.0011775288730859756,-0.06191510285199015
DE05,Munich,train,unclassified,one_to_two_pixels_10_20m,manual_review_candidate,85,1616.0099566300967,10.9,10.0,16.0,196,196,1.0,0.21984530985355377,0.24116620421409607,-0.021320894360542297,-0.11100807163003355,0.038324326276779175,0.046260181814432144,-0.00793585553765297,-0.20047307642720485
DE05,Munich,train,unclassified,subpixel_lt_10m,manual_review_candidate,11280,368929.45054587186,6.0,2.4,9.600000000000001,21488,21479,0.9995811615785555,0.10227395594120026,0.10269168019294739,-0.00041772425174713135,-0.004523593023471595,0.02119576744735241,0.021751224994659424,-0.0005554575473070145,-0.031286648180613566
DE06,Nuremberg,train,living_street,one_to_two_pixels_10_20m,likely_ignore_candidate,1,25.133818837964682,10.0,10.0,10.0,3,3,1.0,2.712944984436035,1.8692381381988525,0.8437068462371826,0.5140087290017947,0.14774858951568604,0.13327321410179138,0.014475375413894653,0.2415316385794819
DE06,Nuremberg,train,living_street,subpixel_lt_10m,likely_ignore_candidate,5745,122391.40200526937,6.0,2.0,8.7,7337,7275,0.9915496797056017,0.22957977652549744,0.23502478003501892,-0.005445003509521484,-0.02604040507265107,0.04364641383290291,0.047423504292964935,-0.003777090460062027,-0.08914304755356776
DE06,Nuremberg,train,motorway,one_to_two_pixels_10_20m,retain_major_candidate,358,25795.18058304234,12.8,12.8,19.200000000000003,3573,3571,0.9994402462916316,0.04999396950006485,0.06045357137918472,-0.010459601879119873,-0.21471956498863284,0.010901172645390034,0.013354100286960602,-0.002452927641570568,-0.26891301724291083
DE06,Nuremberg,train,motorway,subpixel_lt_10m,retain_major_candidate,1980,183279.73067908973,9.600000000000001,6.4,9.600000000000001,15728,15727,0.9999364191251272,0.054495640099048615,0.06389325857162476,-0.009397618472576141,-0.18826894493135563,0.012095414102077484,0.01441342756152153,-0.002318013459444046,-0.22678620648181094
DE06,Nuremberg,train,motorway_link,one_to_two_pixels_10_20m,retain_major_candidate,5,67.06884995736864,12.8,12.8,12.8,9,9,1.0,0.04852072522044182,0.0498083159327507,-0.0012875907123088837,-0.24658553568421984,0.010610315017402172,0.011757602915167809,-0.0011472878977656364,-0.2610049154625196
DE06,Nuremberg,train,motorway_link,subpixel_lt_10m,retain_major_candidate,3761,91307.5046480425,3.2,3.2,9.600000000000001,4038,4037,0.9997523526498266,0.0645231306552887,0.06913228332996368,-0.004609152674674988,-0.08409020132958295,0.014494774863123894,0.01541297510266304,-0.0009182002395391464,-0.08132523064324067
DE06,Nuremberg,train,pedestrian,one_to_two_pixels_10_20m,likely_ignore_candidate,1,25.1747138642039,15.0,15.0,15.0,4,4,1.0,0.9568271040916443,0.6693097352981567,0.28751736879348755,0.15739739612095086,0.05326034128665924,0.08520019799470901,-0.031939856708049774,-0.7634580814382357
DE06,Nuremberg,train,pedestrian,subpixel_lt_10m,likely_ignore_candidate,3356,45812.6330894518,5.0,3.0,7.9,2240,2062,0.9205357142857142,0.3497940003871918,0.36240172386169434,-0.012607723474502563,-0.02630802097228953,0.06300028413534164,0.06582961976528168,-0.002829335629940033,-0.03159972160404533
DE06,Nuremberg,train,pedestrian,two_plus_pixels_ge_20m,likely_ignore_candidate,22,873.3240120084806,20.0,20.0,20.0,184,162,0.8804347826086957,1.0691232681274414,1.1258625984191895,-0.05673933029174805,-0.0602707208461231,0.08337176591157913,0.09110460430383682,-0.00773283839225769,-0.12255776652592204
DE06,Nuremberg,train,primary,one_to_two_pixels_10_20m,retain_major_candidate,1007,18183.238211193766,12.8,10.0,19.200000000000003,2628,2625,0.9988584474885844,0.11639651656150818,0.13619914650917053,-0.019802629947662354,-0.13306053693124473,0.019962303340435028,0.024687213823199272,-0.004724910482764244,-0.19706621019819834
DE06,Nuremberg,train,primary,subpixel_lt_10m,retain_major_candidate,7591,177223.05665911525,6.4,3.0,9.600000000000001,12415,12409,0.9995167136528393,0.1083657294511795,0.11782558262348175,-0.009459853172302246,-0.08207465129359302,0.021283160895109177,0.024344023317098618,-0.003060862421989441,-0.14288092939971572
DE06,Nuremberg,train,primary_link,one_to_two_pixels_10_20m,retain_major_candidate,9,34.88503347092522,10.0,10.0,14.5,7,7,1.0,0.053991153836250305,0.06653471291065216,-0.012543559074401855,-0.019289244069074864,0.00959092378616333,0.014580910094082355,-0.004989986307919025,-0.4788104565607836
DE06,Nuremberg,train,primary_link,subpixel_lt_10m,retain_major_candidate,866,7874.052012933657,3.2,3.2,9.600000000000001,346,344,0.9942196531791907,0.08656209707260132,0.09074036777019501,-0.004178270697593689,-0.05812414835847927,0.016305161640048027,0.018161293119192123,-0.0018561314791440964,-0.15681263888754474
DE06,Nuremberg,train,residential,one_to_two_pixels_10_20m,manual_review_candidate,401,9359.140372158447,11.8,10.0,16.0,1157,1156,0.9991356957649092,0.25020161271095276,0.28909793496131897,-0.03889632225036621,-0.10263396540492456,0.044111575931310654,0.0484863743185997,-0.004374798387289047,-0.07609723849587118
DE06,Nuremberg,train,residential,subpixel_lt_10m,manual_review_candidate,75520,1960405.8165426464,8.0,2.0,9.8,149222,148677,0.9963477235260216,0.19269348680973053,0.200080007314682,-0.007386520504951477,-0.04026162122508467,0.03704770654439926,0.03990248963236809,-0.0028547830879688263,-0.08411632986839072
DE06,Nuremberg,train,residential,two_plus_pixels_ge_20m,manual_review_candidate,1,17.83443601348984,27.3,27.3,27.3,12,12,1.0,0.12573906779289246,0.16332843899726868,-0.03758937120437622,-0.6215177017903577,0.04291890934109688,0.0657816156744957,-0.02286270633339882,-0.7293299158600912
DE06,Nuremberg,train,secondary,one_to_two_pixels_10_20m,retain_major_candidate,3166,70083.23173943415,12.0,10.0,19.200000000000003,9008,8984,0.9973357015985791,0.11824946105480194,0.12903667986392975,-0.010787218809127808,-0.09162247290613398,0.02464461326599121,0.027499333024024963,-0.0028547197580337524,-0.11900337307292215
DE06,Nuremberg,train,secondary,subpixel_lt_10m,retain_major_candidate,16805,341075.84646786685,6.4,3.0,9.600000000000001,22092,22082,0.9995473474560927,0.1186951994895935,0.125667542219162,-0.0069723427295684814,-0.05831430208153466,0.024482550099492073,0.02662377804517746,-0.0021412279456853867,-0.09685783279521694
DE06,Nuremberg,train,secondary_link,one_to_two_pixels_10_20m,retain_major_candidate,10,49.749819880958,15.0,12.0,15.0,14,14,1.0,0.06707900762557983,0.13015146553516388,-0.06307245790958405,-0.11687200090212467,0.015294469892978668,0.01758533902466297,-0.0022908691316843033,-0.011372794175358709
DE06,Nuremberg,train,secondary_link,subpixel_lt_10m,retain_major_candidate,1062,11222.631797796063,3.2,3.0,9.600000000000001,574,574,1.0,0.0909128189086914,0.10692170262336731,-0.016008883714675903,-0.22831981537840976,0.019029002636671066,0.02104538306593895,-0.0020163804292678833,-0.13021206057973292
DE06,Nuremberg,train,service,subpixel_lt_10m,likely_ignore_candidate,85744,1810638.6987757785,5.0,2.0,9.0,92281,90696,0.9828241999978327,0.19174732267856598,0.19525744020938873,-0.003510117530822754,-0.01514363113107804,0.03329304978251457,0.03575892746448517,-0.0024658776819705963,-0.06942484159317105
DE06,Nuremberg,train,tertiary,one_to_two_pixels_10_20m,manual_review_candidate,4956,137014.83319799136,10.0,10.0,16.0,14004,13958,0.9967152242216509,0.11339676380157471,0.11833779513835907,-0.004941031336784363,-0.0437130324653179,0.023583177477121353,0.02517780289053917,-0.0015946254134178162,-0.07532272507875774
DE06,Nuremberg,train,tertiary,subpixel_lt_10m,manual_review_candidate,10469,241493.53532313003,6.4,3.0,9.600000000000001,15881,15878,0.9998110950192053,0.12753546237945557,0.13251495361328125,-0.004979491233825684,-0.04001075197363971,0.02554992400109768,0.027556423097848892,-0.002006499096751213,-0.09333634741332672
DE06,Nuremberg,train,tertiary_link,subpixel_lt_10m,manual_review_candidate,243,2226.118815450388,3.2,3.2,9.5,108,108,1.0,0.08198264241218567,0.09222077578306198,-0.010238133370876312,-0.11869553158255843,0.015423530712723732,0.017193973064422607,-0.0017704423516988754,-0.15078922895778119
DE06,Nuremberg,train,trunk,one_to_two_pixels_10_20m,retain_major_candidate,11,116.49822646208298,19.200000000000003,12.8,19.200000000000003,19,19,1.0,0.18320399522781372,0.13469438254833221,0.048509612679481506,0.2951585270366181,0.017056381329894066,0.01680959388613701,0.0002467874437570572,0.05531565615975505
DE06,Nuremberg,train,trunk,subpixel_lt_10m,retain_major_candidate,1735,76800.5035571079,6.4,3.2,9.600000000000001,5233,5231,0.9996178100515957,0.07477453351020813,0.08725148439407349,-0.012476950883865356,-0.19113701107847936,0.015799855813384056,0.018775111064314842,-0.002975255250930786,-0.23055624236718927
DE06,Nuremberg,train,trunk_link,one_to_two_pixels_10_20m,retain_major_candidate,4,59.711401790030344,12.8,12.8,12.8,7,7,1.0,0.1316014975309372,0.15998704731464386,-0.028385549783706665,-0.5446457699018997,0.010397607460618019,0.015255263075232506,-0.004857655614614487,-0.5831738024900452
DE06,Nuremberg,train,trunk_link,subpixel_lt_10m,retain_major_candidate,1959,28876.272001706457,3.2,3.2,9.600000000000001,1274,1274,1.0,0.09253346920013428,0.09206089377403259,0.00047257542610168457,0.006451353046908501,0.017513161525130272,0.01836891658604145,-0.0008557550609111786,-0.06427538398851401
DE06,Nuremberg,train,unclassified,one_to_two_pixels_10_20m,manual_review_candidate,13,218.39909227853613,12.8,12.8,16.0,39,38,0.9743589743589743,0.10167360305786133,0.10360394418239594,-0.001930341124534607,-0.023608490841123677,0.01882348209619522,0.021921057254076004,-0.003097575157880783,-0.37799884940921413
DE06,Nuremberg,train,unclassified,subpixel_lt_10m,manual_review_candidate,8618,288030.17789703986,6.0,2.0,9.600000000000001,17236,17223,0.9992457646785797,0.10602204501628876,0.108303502202034,-0.0022814571857452393,-0.022541932461363302,0.022387387230992317,0.02330874465405941,-0.0009213574230670929,-0.0457057901700904
DE07,Frankfurt,train,living_street,one_to_two_pixels_10_20m,likely_ignore_candidate,22,770.152554191282,10.0,10.0,14.0,83,83,1.0,0.26609861850738525,0.26498064398765564,0.0011179745197296143,0.005751206836627735,0.0978422537446022,0.09686876088380814,0.0009734928607940674,0.009254440959450235
DE07,Frankfurt,train,living_street,subpixel_lt_10m,likely_ignore_candidate,13575,285726.9162815369,6.0,2.0,8.7,16939,16756,0.9891965287207037,0.2568998634815216,0.2570844292640686,-0.00018456578254699707,-0.0009045457403571049,0.05471530556678772,0.05749534070491791,-0.002780035138130188,-0.053659550265292136
DE07,Frankfurt,train,motorway,one_to_two_pixels_10_20m,retain_major_candidate,1139,92665.07089104655,12.8,12.0,19.5,13385,13372,0.9990287635412776,0.053616058081388474,0.07102444022893906,-0.017408382147550583,-0.3210053915954638,0.010843750089406967,0.014036150649189949,-0.003192400559782982,-0.3353695977420613
DE07,Frankfurt,train,motorway,subpixel_lt_10m,retain_major_candidate,2957,188291.85335183487,6.4,6.4,9.600000000000001,15812,15803,0.9994308120414874,0.05686084181070328,0.06588488817214966,-0.00902404636144638,-0.18762222219468308,0.011634635739028454,0.013427283614873886,-0.0017926478758454323,-0.19282022421485132
DE07,Frankfurt,train,motorway,two_plus_pixels_ge_20m,retain_major_candidate,4,280.9095959511096,22.0,22.0,22.0,70,69,0.9857142857142858,0.03684838488698006,0.044951025396585464,-0.008102640509605408,-0.2810016204804544,0.008165024220943451,0.010625485330820084,-0.0024604611098766327,-0.5167165702333781
DE07,Frankfurt,train,motorway_link,one_to_two_pixels_10_20m,retain_major_candidate,52,887.8004987690867,10.0,10.0,16.0,105,105,1.0,0.09009578078985214,0.09852235019207001,-0.008426569402217865,-0.10254568289833281,0.01447609905153513,0.01639736071228981,-0.0019212616607546806,-0.13134110427073034
DE07,Frankfurt,train,motorway_link,subpixel_lt_10m,retain_major_candidate,8223,139591.67543084297,3.2,3.2,9.600000000000001,6243,6243,1.0,0.07211239635944366,0.07774002104997635,-0.005627624690532684,-0.09392259937822801,0.013597795739769936,0.015236902981996536,-0.0016391072422266006,-0.144038966955984
DE07,Frankfurt,train,pedestrian,subpixel_lt_10m,likely_ignore_candidate,11579,114507.89728149734,5.0,2.0,6.0,5428,4581,0.8439572586588062,0.3738184869289398,0.36549708247184753,0.008321404457092285,0.01439293485354176,0.07059242576360703,0.0721362829208374,-0.0015438571572303772,-0.011409350741853095
DE07,Frankfurt,train,pedestrian,two_plus_pixels_ge_20m,likely_ignore_candidate,2,28.828622106556864,20.0,20.0,20.0,10,10,1.0,0.46763914823532104,0.5064647197723389,-0.03882557153701782,-0.1496271753464601,0.04308781400322914,0.04651136323809624,-0.003423549234867096,-0.2695880679818077
DE07,Frankfurt,train,primary,one_to_two_pixels_10_20m,retain_major_candidate,1356,34173.547682567514,12.8,10.5,19.200000000000003,4861,4851,0.9979428101213742,0.11243312060832977,0.11964653432369232,-0.007213413715362549,-0.05353177643347376,0.021376194432377815,0.023503944277763367,-0.0021277498453855515,-0.08524535088755529
DE07,Frankfurt,train,primary,subpixel_lt_10m,retain_major_candidate,8444,226420.07738538831,6.4,3.1,9.600000000000001,15039,15028,0.9992685683888557,0.11641998589038849,0.12426793575286865,-0.007847949862480164,-0.05757682894139018,0.023362230509519577,0.025553211569786072,-0.0021909810602664948,-0.08794472675486056
DE07,Frankfurt,train,primary_link,one_to_two_pixels_10_20m,retain_major_candidate,5,32.62092874351434,16.0,12.8,19.200000000000003,10,10,1.0,0.12044507265090942,0.1123417317867279,0.008103340864181519,0.09925483040624856,0.026827409863471985,0.025539148598909378,0.0012882612645626068,0.044271842671506745
DE07,Frankfurt,train,primary_link,subpixel_lt_10m,retain_major_candidate,1643,14307.332249172183,3.2,3.2,9.600000000000001,730,729,0.9986301369863013,0.11096963286399841,0.11112748831510544,-0.00015785545110702515,-0.001639925161144107,0.021519672125577927,0.022463778033852577,-0.0009441059082746506,-0.05078824215966288
DE07,Frankfurt,train,residential,one_to_two_pixels_10_20m,manual_review_candidate,474,8008.718816291073,10.4,10.0,16.9,940,934,0.9936170212765958,0.29507631063461304,0.30998319387435913,-0.014906883239746094,-0.04250643427857983,0.05967075377702713,0.06477601826190948,-0.005105264484882355,-0.05500109887093219
DE07,Frankfurt,train,residential,subpixel_lt_10m,manual_review_candidate,98156,2432300.4853323977,8.0,2.0,9.9,182446,181555,0.9951163631978778,0.23037739098072052,0.23542973399162292,-0.005052343010902405,-0.024383180476253624,0.04674709588289261,0.04983227699995041,-0.0030851811170578003,-0.06816987895774428
DE07,Frankfurt,train,secondary,one_to_two_pixels_10_20m,retain_major_candidate,3798,75006.50470746303,12.0,10.0,19.200000000000003,9432,9377,0.9941687871077184,0.14547279477119446,0.15587937831878662,-0.010406583547592163,-0.06394448123199892,0.02950267679989338,0.032264482229948044,-0.0027618054300546646,-0.07549347151550675
DE07,Frankfurt,train,secondary,subpixel_lt_10m,retain_major_candidate,16789,424019.2843921468,6.4,3.0,9.600000000000001,27827,27825,0.999928127358321,0.1140773817896843,0.11953723430633545,-0.0054598525166511536,-0.04458416709609632,0.02310233563184738,0.024851225316524506,-0.001748889684677124,-0.06981458679087031
DE07,Frankfurt,train,secondary,two_plus_pixels_ge_20m,retain_major_candidate,2,101.36605419353106,24.0,22.400000000000002,25.6,30,30,1.0,0.2246513068675995,0.2788439393043518,-0.05419263243675232,-0.15088067237042904,0.027543101459741592,0.037157125771045685,-0.009614024311304092,-0.2507074612511354
DE07,Frankfurt,train,secondary_link,one_to_two_pixels_10_20m,retain_major_candidate,4,27.17446990420168,12.8,12.8,12.8,6,6,1.0,0.0693373903632164,0.08359307795763016,-0.014255687594413757,-0.5362687097595128,0.015318957157433033,0.013767018914222717,0.0015519382432103157,0.5253937976088382
DE07,Frankfurt,train,secondary_link,subpixel_lt_10m,retain_major_candidate,2208,18379.243937023464,3.2,3.2,9.600000000000001,973,973,1.0,0.10627298802137375,0.11037403345108032,-0.0041010454297065735,-0.040532770739214796,0.01965378224849701,0.02091539278626442,-0.0012616105377674103,-0.06219270794213557
DE07,Frankfurt,train,service,one_to_two_pixels_10_20m,likely_ignore_candidate,522,11647.861432287082,10.0,10.0,15.0,1205,1196,0.9925311203319502,0.07373122870922089,0.06772134453058243,0.006009884178638458,0.035206634324095196,0.0111385527998209,0.010941702872514725,0.00019684992730617523,0.008934260402796223
DE07,Frankfurt,train,service,subpixel_lt_10m,likely_ignore_candidate,114487,2339802.071821872,5.0,2.0,9.0,117824,114755,0.9739526751765345,0.18631087243556976,0.1888301819562912,-0.0025193095207214355,-0.010375932069766709,0.03504364937543869,0.03708145394921303,-0.0020378045737743378,-0.042496596894391316
DE07,Frankfurt,train,service,two_plus_pixels_ge_20m,likely_ignore_candidate,1,76.45428986240486,20.0,20.0,20.0,17,17,1.0,0.027271447703242302,0.03208020329475403,-0.004808755591511726,-0.23598941371688392,0.004019270651042461,0.003523751627653837,0.0004955190233886242,0.14774918049334654
DE07,Frankfurt,train,tertiary,one_to_two_pixels_10_20m,manual_review_candidate,6219,121591.98075790578,10.0,10.0,19.5,12474,12394,0.9935866602533269,0.18547756969928741,0.19316285848617554,-0.0076852887868881226,-0.03792168817102233,0.035186804831027985,0.03807105869054794,-0.0028842538595199585,-0.06780443559810811
DE07,Frankfurt,train,tertiary,subpixel_lt_10m,manual_review_candidate,13463,278229.1820856489,6.4,2.5,9.600000000000001,17518,17460,0.9966891197625299,0.1453493982553482,0.15214265882968903,-0.00679326057434082,-0.03988254504401061,0.02778560481965542,0.0299526359885931,-0.002167031168937683,-0.06391347704310459
DE07,Frankfurt,train,tertiary_link,subpixel_lt_10m,manual_review_candidate,848,6522.832072584773,3.2,3.2,9.600000000000001,275,275,1.0,0.09830133616924286,0.10297892987728119,-0.00467759370803833,-0.063119821250187,0.017917504534125328,0.018817702308297157,-0.0009001977741718292,-0.05844153645531022
DE07,Frankfurt,train,trunk,one_to_two_pixels_10_20m,retain_major_candidate,119,4834.744790137236,12.8,11.5,18.0,692,692,1.0,0.05894972383975983,0.06972382217645645,-0.010774098336696625,-0.22305927670225043,0.012382827699184418,0.014874529093503952,-0.0024917013943195343,-0.24314552466549638
DE07,Frankfurt,train,trunk,subpixel_lt_10m,retain_major_candidate,2431,122557.88059828068,6.4,3.2,9.600000000000001,8675,8674,0.9998847262247839,0.07336212694644928,0.08322618901729584,-0.009864062070846558,-0.16743266196005804,0.01546303927898407,0.017666373401880264,-0.0022033341228961945,-0.18736855043782466
DE07,Frankfurt,train,trunk_link,one_to_two_pixels_10_20m,retain_major_candidate,13,270.39716905041735,12.8,12.8,12.8,43,43,1.0,0.10405171662569046,0.09829302132129669,0.005758695304393768,0.0972231394188818,0.02009580098092556,0.021445736289024353,-0.001349935308098793,-0.24779511747805547
DE07,Frankfurt,train,trunk_link,subpixel_lt_10m,retain_major_candidate,4266,60922.49058997427,3.2,3.2,9.600000000000001,2895,2895,1.0,0.08522263169288635,0.08865437656641006,-0.003431744873523712,-0.049933241807323586,0.017512410879135132,0.018764270469546318,-0.0012518595904111862,-0.09234475225784264
DE07,Frankfurt,train,unclassified,one_to_two_pixels_10_20m,manual_review_candidate,68,1061.993577132021,12.8,10.0,18.0,149,149,1.0,0.15707865357398987,0.17310692369937897,-0.0160282701253891,-0.09653310114536015,0.022053711116313934,0.029485244303941727,-0.007431533187627792,-0.15047819323007405
DE07,Frankfurt,train,unclassified,subpixel_lt_10m,manual_review_candidate,13460,322413.6354584411,6.0,2.0,9.600000000000001,19153,19123,0.9984336657442698,0.16179266571998596,0.16401632130146027,-0.002223655581474304,-0.01069625619922975,0.030924474820494652,0.032782770693302155,-0.0018582958728075027,-0.045494960767257
DE08,Cologne,train,living_street,one_to_two_pixels_10_20m,likely_ignore_candidate,10,286.8297252031889,10.0,10.0,10.0,30,30,1.0,0.19276994466781616,0.23643848299980164,-0.043668538331985474,-0.46064918370253327,0.06830758601427078,0.07050947844982147,-0.0022018924355506897,-0.08399825712420378
DE08,Cologne,train,living_street,subpixel_lt_10m,likely_ignore_candidate,14401,316696.6572202006,6.0,2.0,9.3,18606,18534,0.9961302805546598,0.2410534769296646,0.2428823709487915,-0.001828894019126892,-0.008756758600205722,0.055194661021232605,0.05799204111099243,-0.0027973800897598267,-0.04850047653334842
DE08,Cologne,train,living_street,two_plus_pixels_ge_20m,likely_ignore_candidate,21,294.68490906863735,40.0,40.0,40.0,142,110,0.7746478873239436,0.20724958181381226,0.24362275004386902,-0.03637316823005676,-0.3252052082138442,0.0432576946914196,0.046802159398794174,-0.0035444647073745728,-0.10962898677702462
DE08,Cologne,train,motorway,one_to_two_pixels_10_20m,retain_major_candidate,607,57547.86067432221,12.8,10.0,19.200000000000003,7875,7873,0.9997460317460317,0.05677643045783043,0.07202650606632233,-0.015250075608491898,-0.2782045580394727,0.01192464865744114,0.015030470676720142,-0.003105822019279003,-0.3038154825639018
DE08,Cologne,train,motorway,subpixel_lt_10m,retain_major_candidate,3466,284872.74415594374,6.4,3.2,9.600000000000001,23005,23001,0.9998261247554879,0.06150996685028076,0.0721396952867508,-0.010629728436470032,-0.22089656229533325,0.013070371001958847,0.015400625765323639,-0.002330254763364792,-0.24299695322937098
DE08,Cologne,train,motorway_link,one_to_two_pixels_10_20m,retain_major_candidate,13,414.8170642893001,12.8,12.8,16.0,64,64,1.0,0.0858379453420639,0.11775150895118713,-0.03191356360912323,-0.32877927616404246,0.01608721725642681,0.020237471908330917,-0.004150254651904106,-0.2724219691716989
DE08,Cologne,train,motorway_link,subpixel_lt_10m,retain_major_candidate,6236,133891.29837557732,3.2,3.2,9.600000000000001,5585,5585,1.0,0.07216843217611313,0.07849450409412384,-0.006326071918010712,-0.11287821425910191,0.01541814673691988,0.0165867879986763,-0.0011686412617564201,-0.10424081223530021
DE08,Cologne,train,pedestrian,one_to_two_pixels_10_20m,likely_ignore_candidate,3,42.77768512714572,10.0,10.0,10.0,4,4,1.0,0.26178181171417236,0.2717399001121521,-0.009958088397979736,-0.24485198801453556,0.09187128394842148,0.10242559015750885,-0.010554306209087372,-0.4046470387775022
DE08,Cologne,train,pedestrian,subpixel_lt_10m,likely_ignore_candidate,6658,74586.83703739425,5.0,3.0,8.0,3582,3097,0.8646007816862088,0.48654794692993164,0.4776383638381958,0.00890958309173584,0.012071238379622108,0.07843586802482605,0.0793594941496849,-0.0009236261248588562,-0.008589414525462337
DE08,Cologne,train,primary,one_to_two_pixels_10_20m,retain_major_candidate,1009,25400.589738392926,12.8,12.8,19.200000000000003,3712,3707,0.9986530172413793,0.11469729244709015,0.12861396372318268,-0.01391667127609253,-0.09067918997974425,0.024379592388868332,0.027438191697001457,-0.0030585993081331253,-0.09795955500181504
DE08,Cologne,train,primary,subpixel_lt_10m,retain_major_candidate,8837,240179.4621103385,6.4,2.57,9.600000000000001,16567,16552,0.9990945856220197,0.12819631397724152,0.13236823678016663,-0.00417192280292511,-0.027631175867288086,0.026314035058021545,0.028343230485916138,-0.0020291954278945923,-0.06521631636309258
DE08,Cologne,train,primary,two_plus_pixels_ge_20m,retain_major_candidate,1,64.29790237972311,22.400000000000002,22.400000000000002,22.400000000000002,17,17,1.0,0.08607283234596252,0.08641708642244339,-0.0003442540764808655,-0.006542249936460672,0.014582271687686443,0.017132706940174103,-0.0025504352524876595,-0.40844257041901133
DE08,Cologne,train,primary_link,one_to_two_pixels_10_20m,retain_major_candidate,1,21.399132321936463,12.8,12.8,12.8,5,5,1.0,0.21148163080215454,0.31289732456207275,-0.10141569375991821,-0.8203588180570519,0.038486234843730927,0.049594178795814514,-0.011107943952083588,-0.364621503693825
DE08,Cologne,train,primary_link,subpixel_lt_10m,retain_major_candidate,1701,17433.062816315123,3.2,3.2,9.600000000000001,829,829,1.0,0.09758775681257248,0.11386305093765259,-0.01627529412508011,-0.14088010815693436,0.018278997391462326,0.021886050701141357,-0.0036070533096790314,-0.18719930878660943
DE08,Cologne,train,residential,one_to_two_pixels_10_20m,manual_review_candidate,194,2760.5771003738328,12.8,10.0,16.0,373,370,0.9919571045576407,0.19475781917572021,0.2315984070301056,-0.036840587854385376,-0.10356200726646869,0.04059452563524246,0.047487013041973114,-0.006892487406730652,-0.11898980078050664
DE08,Cologne,train,residential,subpixel_lt_10m,manual_review_candidate,110156,2668096.3883055723,8.0,2.1,9.7,185731,185251,0.9974156172098357,0.20236119627952576,0.21243849396705627,-0.010077297687530518,-0.053148652697104955,0.043938882648944855,0.04763765633106232,-0.003698773682117462,-0.08194253800175756
DE08,Cologne,train,residential,two_plus_pixels_ge_20m,manual_review_candidate,7,207.3679990510491,40.0,40.0,40.0,117,96,0.8205128205128205,0.23346303403377533,0.21195782721042633,0.021505206823349,0.09799711574672187,0.06072743609547615,0.06780347228050232,-0.007076036185026169,-0.1352907985171324
DE08,Cologne,train,secondary,one_to_two_pixels_10_20m,retain_major_candidate,4075,93494.08568171016,12.0,10.0,19.200000000000003,11638,11610,0.9975940883313285,0.12318187952041626,0.13258330523967743,-0.00940142571926117,-0.06772060323082703,0.025222444906830788,0.0276095699518919,-0.0023871250450611115,-0.08803877014816198
DE08,Cologne,train,secondary,subpixel_lt_10m,retain_major_candidate,21205,507172.40427385597,6.4,3.0,9.600000000000001,32478,32451,0.9991686680214299,0.11865407228469849,0.12448953837156296,-0.0058354660868644714,-0.04726627086953987,0.024441586807370186,0.02612326666712761,-0.0016816798597574234,-0.07187586825112628
DE08,Cologne,train,secondary,two_plus_pixels_ge_20m,retain_major_candidate,3,121.25852576861053,22.400000000000002,22.400000000000002,22.400000000000002,44,44,1.0,0.1349555253982544,0.1674010455608368,-0.0324455201625824,-0.21483814287693287,0.01668400876224041,0.02100561000406742,-0.004321601241827011,-0.14954456155186815
DE08,Cologne,train,secondary_link,one_to_two_pixels_10_20m,retain_major_candidate,1,11.147278497006479,12.8,12.8,12.8,3,3,1.0,0.13270790874958038,0.14536358416080475,-0.012655675411224365,-0.2512775299115966,0.01724083721637726,0.020766163244843483,-0.0035253260284662247,-0.8236250214865891
DE08,Cologne,train,secondary_link,subpixel_lt_10m,retain_major_candidate,2129,22586.9541663939,3.2,3.0,9.600000000000001,887,883,0.9954904171364148,0.11244304478168488,0.11817742139101028,-0.005734376609325409,-0.05080461069062269,0.021207239478826523,0.022958427667617798,-0.001751188188791275,-0.09032093568662729
DE08,Cologne,train,service,one_to_two_pixels_10_20m,likely_ignore_candidate,39,1390.9878067038328,11.0,10.0,13.0,172,166,0.9651162790697675,0.21166057884693146,0.22033724188804626,-0.008676663041114807,-0.027506927503016036,0.037052422761917114,0.038698673248291016,-0.0016462504863739014,-0.04544424320678945
DE08,Cologne,train,service,subpixel_lt_10m,likely_ignore_candidate,161394,3309961.9225194207,5.0,2.0,9.0,166426,163443,0.9820761179142682,0.18743634223937988,0.19070494174957275,-0.003268599510192871,-0.013457592374930811,0.03595719486474991,0.0383123904466629,-0.0023551955819129944,-0.05277737406063415
DE08,Cologne,train,service,two_plus_pixels_ge_20m,likely_ignore_candidate,19,400.97212861258134,20.0,20.0,29.0,99,97,0.9797979797979798,0.1633089929819107,0.1622891128063202,0.0010198801755905151,0.007919221923111012,0.028183674439787865,0.03414216637611389,-0.005958491936326027,-0.3156233374956785
DE08,Cologne,train,tertiary,one_to_two_pixels_10_20m,manual_review_candidate,7119,178930.18619789925,10.0,10.0,19.200000000000003,18499,18462,0.9979998918860479,0.1454554945230484,0.15145841240882874,-0.0060029178857803345,-0.0355730754110451,0.02979411743581295,0.031777188181877136,-0.001983070746064186,-0.056811368538335356
DE08,Cologne,train,tertiary,subpixel_lt_10m,manual_review_candidate,19053,386724.22059302207,6.4,3.0,9.600000000000001,24117,24085,0.9986731351328938,0.1397271305322647,0.14729627966880798,-0.007569149136543274,-0.04503194435850023,0.028645489364862442,0.031034082174301147,-0.0023885928094387054,-0.07005348329750445
DE08,Cologne,train,tertiary,two_plus_pixels_ge_20m,manual_review_candidate,80,2102.963589915197,23.0,23.0,23.0,504,504,1.0,0.19207310676574707,0.22952690720558167,-0.037453800439834595,-0.18823903165583833,0.034965574741363525,0.04120336100459099,-0.006237786263227463,-0.1996071854357253
DE08,Cologne,train,tertiary_link,subpixel_lt_10m,manual_review_candidate,820,7101.041947054243,3.2,3.2,6.4,262,262,1.0,0.12151704728603363,0.12590563297271729,-0.004388585686683655,-0.030999638967510235,0.020487772300839424,0.021891973912715912,-0.0014042016118764877,-0.06066532408299298
DE08,Cologne,train,trunk,one_to_two_pixels_10_20m,retain_major_candidate,92,3892.391773415261,12.8,12.8,16.0,537,536,0.9981378026070763,0.09160002321004868,0.09249746799468994,-0.0008974447846412659,-0.011613766130511955,0.019371429458260536,0.020205676555633545,-0.0008342470973730087,-0.05185966628387014
DE08,Cologne,train,trunk,subpixel_lt_10m,retain_major_candidate,1350,59279.94277588306,6.4,3.2,9.600000000000001,4489,4482,0.9984406326576075,0.09081897139549255,0.0973815843462944,-0.006562612950801849,-0.09259310068031544,0.01802300289273262,0.019988257437944412,-0.001965254545211792,-0.1450820463360282
DE08,Cologne,train,trunk_link,one_to_two_pixels_10_20m,retain_major_candidate,1,25.618841587749532,12.8,12.8,12.8,7,7,1.0,0.1427171528339386,0.17023000121116638,-0.027512848377227783,-0.453649008233395,0.01774950884282589,0.020933791995048523,-0.0031842831522226334,-0.8983149261558477
DE08,Cologne,train,trunk_link,subpixel_lt_10m,retain_major_candidate,2154,31997.98708896593,3.2,3.2,9.600000000000001,1248,1246,0.9983974358974359,0.09358431398868561,0.09696564078330994,-0.0033813267946243286,-0.04978144642549812,0.018954072147607803,0.020266084000468254,-0.0013120118528604507,-0.10350748329768984
DE08,Cologne,train,unclassified,one_to_two_pixels_10_20m,manual_review_candidate,71,1381.2205430936453,12.8,10.0,16.0,196,196,1.0,0.1290440857410431,0.1326497495174408,-0.003605663776397705,-0.023639296065350483,0.022742047905921936,0.026789598166942596,-0.00404755026102066,-0.16526853402600217
DE08,Cologne,train,unclassified,subpixel_lt_10m,manual_review_candidate,9794,268987.03800781944,6.0,2.5,9.600000000000001,15518,15508,0.9993555870601881,0.11582129448652267,0.11463242769241333,0.0011888667941093445,0.010218076826628435,0.02369651198387146,0.02406294271349907,-0.00036643072962760925,-0.01638105610956787
DE09,Dusseldorf,train,living_street,one_to_two_pixels_10_20m,likely_ignore_candidate,22,373.68922644896224,10.5,10.4,10.5,41,41,1.0,0.24840036034584045,0.2506870925426483,-0.0022867321968078613,-0.006764760543522458,0.10532378405332565,0.10835300385951996,-0.0030292198061943054,-0.03318641225886438
DE09,Dusseldorf,train,living_street,subpixel_lt_10m,likely_ignore_candidate,19098,339244.91246204067,6.0,2.0,8.1,20102,20038,0.9968162371903293,0.22673222422599792,0.23053668439388275,-0.0038044601678848267,-0.019330724588148954,0.0504455491900444,0.053012948483228683,-0.0025673992931842804,-0.04973870581977666
DE09,Dusseldorf,train,motorway,one_to_two_pixels_10_20m,retain_major_candidate,604,48547.30985580768,12.8,12.8,16.0,6754,6752,0.9997038791827065,0.05632977932691574,0.06881105899810791,-0.01248127967119217,-0.22937636581718998,0.010935390368103981,0.013669701293110847,-0.0027343109250068665,-0.3190504113611933
DE09,Dusseldorf,train,motorway,subpixel_lt_10m,retain_major_candidate,3456,296029.39985017246,9.600000000000001,3.2,9.600000000000001,24269,24265,0.9998351806831761,0.06082191690802574,0.07129308581352234,-0.010471168905496597,-0.21208788671555265,0.012915258295834064,0.015440271236002445,-0.0025250129401683807,-0.25871664250035664
DE09,Dusseldorf,train,motorway_link,one_to_two_pixels_10_20m,retain_major_candidate,60,1186.618245260845,12.8,10.0,12.8,158,158,1.0,0.0757783055305481,0.08883054554462433,-0.013052240014076233,-0.18942594329273824,0.01490844041109085,0.017363790422677994,-0.002455350011587143,-0.15420640448499717
DE09,Dusseldorf,train,motorway_link,subpixel_lt_10m,retain_major_candidate,7130,146924.54206867397,3.2,3.2,9.600000000000001,6216,6216,1.0,0.07189878821372986,0.07864631712436676,-0.006747528910636902,-0.12574905091637026,0.014337759464979172,0.016242261976003647,-0.001904502511024475,-0.17353970612346317
DE09,Dusseldorf,train,pedestrian,one_to_two_pixels_10_20m,likely_ignore_candidate,15,148.01816817358218,11.0,11.0,15.0,22,19,0.8636363636363636,0.2382863461971283,0.24610112607479095,-0.007814779877662659,-0.04360556215140207,0.041715025901794434,0.04135924205183983,0.0003557838499546051,0.012798060264049692
DE09,Dusseldorf,train,pedestrian,subpixel_lt_10m,likely_ignore_candidate,8801,90547.63406365587,5.0,3.0,8.0,4212,3758,0.8922127255460589,0.33935901522636414,0.3443588614463806,-0.0049998462200164795,-0.010664300480699858,0.07124195247888565,0.07609135657548904,-0.0048494040966033936,-0.048527990887227125
DE09,Dusseldorf,train,primary,one_to_two_pixels_10_20m,retain_major_candidate,808,18667.85447436912,12.8,12.8,19.200000000000003,2698,2694,0.9985174203113417,0.10591702163219452,0.1197534129023552,-0.013836391270160675,-0.10582334422894948,0.020348671823740005,0.023759717121720314,-0.0034110452979803085,-0.13088577938637116
DE09,Dusseldorf,train,primary,subpixel_lt_10m,retain_major_candidate,7674,213043.21894702845,6.4,3.2,9.600000000000001,14911,14905,0.9995976125008383,0.10365954786539078,0.10758867859840393,-0.003929130733013153,-0.04295488392808562,0.02165261283516884,0.02303108014166355,-0.0013784673064947128,-0.07117506824567829
DE09,Dusseldorf,train,primary_link,one_to_two_pixels_10_20m,retain_major_candidate,10,517.9750455839384,12.8,12.8,19.200000000000003,85,85,1.0,0.07686865329742432,0.09466302394866943,-0.017794370651245117,-0.26231043663454234,0.01689877361059189,0.01746087521314621,-0.0005621016025543213,-0.06401297161218927
DE09,Dusseldorf,train,primary_link,subpixel_lt_10m,retain_major_candidate,1385,14828.650022165202,3.2,3.2,9.600000000000001,636,636,1.0,0.10665874183177948,0.11111186444759369,-0.004453122615814209,-0.05224210721463389,0.018628006801009178,0.02030867338180542,-0.0016806665807962418,-0.1261080211908201
DE09,Dusseldorf,train,residential,one_to_two_pixels_10_20m,manual_review_candidate,149,2698.9351715431394,12.8,10.0,14.5,364,364,1.0,0.16782084107398987,0.18209725618362427,-0.0142764151096344,-0.06544058604007387,0.03183621168136597,0.03315151482820511,-0.0013153031468391418,-0.032801179926094826
DE09,Dusseldorf,train,residential,subpixel_lt_10m,manual_review_candidate,113324,2515369.5587517447,8.0,2.0,9.7,187356,186883,0.9974753944362604,0.19060564041137695,0.19843372702598572,-0.007828086614608765,-0.042811715617563646,0.04053593426942825,0.04334275424480438,-0.002806819975376129,-0.06865223127724403
DE09,Dusseldorf,train,secondary,one_to_two_pixels_10_20m,retain_major_candidate,4397,90495.34761927367,12.0,10.0,19.200000000000003,11568,11540,0.9975795297372061,0.11809499561786652,0.12669724225997925,-0.008602246642112732,-0.06621287327444655,0.02356766164302826,0.02574995346367359,-0.0021822918206453323,-0.07861991568890776
DE09,Dusseldorf,train,secondary,subpixel_lt_10m,retain_major_candidate,21385,466825.642366834,6.4,3.0,9.600000000000001,30796,30788,0.9997402260033771,0.1222563087940216,0.1272556185722351,-0.004999309778213501,-0.03930551025534324,0.025077562779188156,0.02649601921439171,-0.0014184564352035522,-0.05450315491166662
DE09,Dusseldorf,train,secondary_link,subpixel_lt_10m,retain_major_candidate,1613,13870.794559883787,3.2,3.2,9.600000000000001,589,589,1.0,0.1104864627122879,0.11648575961589813,-0.0059992969036102295,-0.059575065646645074,0.01996166631579399,0.022403471171855927,-0.0024418048560619354,-0.1226511267069574
DE09,Dusseldorf,train,service,subpixel_lt_10m,likely_ignore_candidate,174642,3099409.865328571,5.0,2.0,7.5,156389,152340,0.9741094322490712,0.17592385411262512,0.17689453065395355,-0.0009706765413284302,-0.004495352963982107,0.034836094826459885,0.036414146423339844,-0.001578051596879959,-0.03790903192608005
DE09,Dusseldorf,train,tertiary,one_to_two_pixels_10_20m,manual_review_candidate,5508,111732.52849211928,10.0,10.0,19.200000000000003,11875,11835,0.9966315789473684,0.13893185555934906,0.14496013522148132,-0.006028279662132263,-0.03498683899642202,0.027106398716568947,0.029548240825533867,-0.00244184210896492,-0.06930632769414145
DE09,Dusseldorf,train,tertiary,subpixel_lt_10m,manual_review_candidate,17397,325959.45236533036,6.4,2.5,9.600000000000001,20660,20660,1.0,0.13973212242126465,0.1448179930448532,-0.005085870623588562,-0.030196687616055356,0.027834992855787277,0.029995227232575417,-0.0021602343767881393,-0.06642708781042574
DE09,Dusseldorf,train,tertiary,two_plus_pixels_ge_20m,manual_review_candidate,1,35.406609993070994,22.400000000000002,22.400000000000002,22.400000000000002,12,12,1.0,0.058762338012456894,0.07858054339885712,-0.019818205386400223,-0.6515672358465111,0.013471518643200397,0.014971397817134857,-0.0014998791739344597,-0.35218842421734836
DE09,Dusseldorf,train,tertiary_link,subpixel_lt_10m,manual_review_candidate,785,5701.237711530452,3.2,3.0,9.600000000000001,226,226,1.0,0.1278083324432373,0.12718425691127777,0.0006240755319595337,0.0038972751922395827,0.02365870028734207,0.02370721846818924,-4.851818084716797e-05,-0.0022267488202026846
DE09,Dusseldorf,train,trunk,one_to_two_pixels_10_20m,retain_major_candidate,44,1775.5671047739165,12.8,12.8,16.0,246,246,1.0,0.09689171612262726,0.1253564953804016,-0.028464779257774353,-0.16181321636802734,0.019525058567523956,0.02688848413527012,-0.007363425567746162,-0.3156459324947853
DE09,Dusseldorf,train,trunk,subpixel_lt_10m,retain_major_candidate,1299,62655.09209504331,6.4,3.2,9.600000000000001,4466,4459,0.9984326018808778,0.0776253342628479,0.08351314067840576,-0.005887806415557861,-0.09171321295670452,0.016184965148568153,0.017381463199853897,-0.0011964980512857437,-0.09524610910158483
DE09,Dusseldorf,train,trunk_link,one_to_two_pixels_10_20m,retain_major_candidate,9,251.90925552433688,12.8,12.8,16.0,38,38,1.0,0.15159553289413452,0.16326837241649628,-0.011672839522361755,-0.13142785142791183,0.028126206248998642,0.030650850385427475,-0.002524644136428833,-0.09342892612513502
DE09,Dusseldorf,train,trunk_link,subpixel_lt_10m,retain_major_candidate,1399,25165.83884635265,3.2,3.2,9.600000000000001,1227,1226,0.9991850040749797,0.08785340934991837,0.0926208645105362,-0.004767455160617828,-0.06883907161704693,0.01864190772175789,0.019678980112075806,-0.0010370723903179169,-0.07391121067583661
DE09,Dusseldorf,train,unclassified,one_to_two_pixels_10_20m,manual_review_candidate,19,428.03075254020473,12.8,12.8,16.0,67,67,1.0,0.08184535801410675,0.09833791851997375,-0.016492560505867004,-0.18647619355701775,0.017818061634898186,0.021525666117668152,-0.003707604482769966,-0.23735094356451453
DE09,Dusseldorf,train,unclassified,subpixel_lt_10m,manual_review_candidate,12053,332603.8870921249,6.0,2.3,9.600000000000001,18978,18971,0.9996311518600485,0.09944696724414825,0.09900811314582825,0.0004388540983200073,0.004155582549855067,0.020927265286445618,0.02110973186790943,-0.00018246658146381378,-0.008518204868387861
DE10,Dortmund,train,living_street,subpixel_lt_10m,likely_ignore_candidate,16970,357219.9693605938,6.0,2.0,9.0,21259,21173,0.9959546544992709,0.20578914880752563,0.2085244357585907,-0.0027352869510650635,-0.015781205885579422,0.04526050016283989,0.047683849930763245,-0.002423349767923355,-0.05894983310870014
DE10,Dortmund,train,motorway,one_to_two_pixels_10_20m,retain_major_candidate,415,28727.19143767726,12.8,10.5,18.5,3797,3795,0.9994732683697656,0.058218955993652344,0.06874463707208633,-0.01052568107843399,-0.2123411884110142,0.011061430908739567,0.01365082897245884,-0.0025893980637192726,-0.3065719322573332
DE10,Dortmund,train,motorway,subpixel_lt_10m,retain_major_candidate,3997,271010.02232819516,9.600000000000001,3.2,9.600000000000001,22723,22721,0.9999119834528891,0.05845549330115318,0.06873226165771484,-0.01027676835656166,-0.2056337089576615,0.012436792254447937,0.014537451788783073,-0.0021006595343351364,-0.21323815182622663
DE10,Dortmund,train,motorway_link,subpixel_lt_10m,retain_major_candidate,6156,126604.66280911147,3.2,3.2,9.600000000000001,5072,5072,1.0,0.059676285833120346,0.06552819162607193,-0.005851905792951584,-0.11013753844555271,0.011826205998659134,0.013162541203200817,-0.0013363352045416832,-0.13336891996734557
DE10,Dortmund,train,pedestrian,one_to_two_pixels_10_20m,likely_ignore_candidate,22,207.0159722403787,14.0,12.0,19.0,33,33,1.0,0.3428057134151459,0.44983139634132385,-0.10702568292617798,-0.16899492053273701,0.04903801158070564,0.05373064801096916,-0.004692636430263519,-0.05507792332263901
DE10,Dortmund,train,pedestrian,subpixel_lt_10m,likely_ignore_candidate,7231,70721.22570500092,5.0,3.0,8.0,3377,2972,0.8800710689961504,0.35676419734954834,0.3305143117904663,0.02624988555908203,0.05022077069041016,0.06030302494764328,0.058905839920043945,0.0013971850275993347,0.01599695564183853
DE10,Dortmund,train,primary,one_to_two_pixels_10_20m,retain_major_candidate,646,14321.538536945496,12.8,12.8,19.200000000000003,2098,2095,0.9985700667302193,0.12856271862983704,0.13812541961669922,-0.009562700986862183,-0.07528885234777442,0.02502886950969696,0.02764492854475975,-0.00261605903506279,-0.1073090041136165
DE10,Dortmund,train,primary,subpixel_lt_10m,retain_major_candidate,6855,180292.71301185887,6.4,3.2,9.600000000000001,12643,12633,0.9992090484853279,0.10913156718015671,0.1146681159734726,-0.0055365487933158875,-0.048629486429934754,0.021707778796553612,0.023181568831205368,-0.0014737900346517563,-0.07510445768712612
DE10,Dortmund,train,primary,two_plus_pixels_ge_20m,retain_major_candidate,1,17.316796019093374,22.400000000000002,22.400000000000002,22.400000000000002,8,8,1.0,0.07587103545665741,0.0775846391916275,-0.0017136037349700928,-0.09253733745332818,0.017169812694191933,0.02023981511592865,-0.0030700024217367172,-0.31998840567555
DE10,Dortmund,train,primary_link,one_to_two_pixels_10_20m,retain_major_candidate,1,21.476780029314565,12.8,12.8,12.8,4,4,1.0,0.07941213250160217,0.08130523562431335,-0.0018931031227111816,-0.1572450310141948,0.012601114809513092,0.012219822034239769,0.00038129277527332306,0.04057842366883423
DE10,Dortmund,train,primary_link,subpixel_lt_10m,retain_major_candidate,730,7658.263799121089,3.2,3.2,9.600000000000001,325,324,0.9969230769230769,0.10126086324453354,0.10199713706970215,-0.0007362738251686096,-0.01080798317112773,0.018973393365740776,0.020397264510393143,-0.0014238711446523666,-0.10387937172979772
DE10,Dortmund,train,residential,one_to_two_pixels_10_20m,manual_review_candidate,279,4835.6192203761275,11.6,10.0,16.0,599,599,1.0,0.20608605444431305,0.2180497646331787,-0.011963710188865662,-0.054975266741357394,0.03195386379957199,0.03468141332268715,-0.002727549523115158,-0.07446293943976674
DE10,Dortmund,train,residential,subpixel_lt_10m,manual_review_candidate,123509,2760794.945315738,8.0,2.0,9.9,203627,203282,0.998305725665064,0.16643662750720978,0.17079366743564606,-0.004357039928436279,-0.031245885830844172,0.036733925342559814,0.03867601975798607,-0.0019420944154262543,-0.05859942158970547
DE10,Dortmund,train,secondary,one_to_two_pixels_10_20m,retain_major_candidate,1256,25958.42520282724,12.8,11.0,16.0,3488,3482,0.9982798165137615,0.1146005392074585,0.1235714703798294,-0.00897093117237091,-0.08240944295542713,0.02529142238199711,0.027145350351929665,-0.0018539279699325562,-0.07348665424120149
DE10,Dortmund,train,secondary,subpixel_lt_10m,retain_major_candidate,26061,575938.1742126839,6.4,2.5,9.600000000000001,37832,37817,0.999603510255868,0.1162346825003624,0.12002762407064438,-0.0037929415702819824,-0.03627290551901363,0.024266336113214493,0.025763869285583496,-0.0014975331723690033,-0.06818782638549697
DE10,Dortmund,train,secondary_link,subpixel_lt_10m,retain_major_candidate,948,8810.640352887185,3.2,3.0,9.600000000000001,368,368,1.0,0.09777891635894775,0.10338005423545837,-0.00560113787651062,-0.06608445482425697,0.019959673285484314,0.020774895325303078,-0.0008152220398187637,-0.04746633089748845
DE10,Dortmund,train,service,one_to_two_pixels_10_20m,likely_ignore_candidate,18,83.85132494354541,12.0,12.0,12.0,8,8,1.0,0.05878084525465965,0.059045687317848206,-0.00026484206318855286,-0.021015071743532943,0.004867044277489185,0.0067739891819655895,-0.0019069449044764042,-0.5950542498934531
DE10,Dortmund,train,service,subpixel_lt_10m,likely_ignore_candidate,202462,3514221.457135624,5.0,2.0,8.0,178070,174138,0.9779187959791094,0.15658071637153625,0.157890185713768,-0.0013094693422317505,-0.007710004783384285,0.03187737613916397,0.03326619416475296,-0.0013888180255889893,-0.0405275909462348
DE10,Dortmund,train,tertiary,one_to_two_pixels_10_20m,manual_review_candidate,6503,154259.69064165305,10.0,10.0,16.0,15758,15756,0.9998730803401447,0.11725406348705292,0.12105647474527359,-0.0038024112582206726,-0.03552182668765236,0.02503453567624092,0.026130450889468193,-0.001095915213227272,-0.04603297922446559
DE10,Dortmund,train,tertiary,subpixel_lt_10m,manual_review_candidate,13904,286462.02188672207,6.4,3.0,9.600000000000001,18038,18037,0.9999445614813173,0.11987911909818649,0.12474456429481506,-0.0048654451966285706,-0.04376918964173392,0.024912822991609573,0.02634897455573082,-0.0014361515641212463,-0.06244688967468863
DE10,Dortmund,train,tertiary_link,subpixel_lt_10m,manual_review_candidate,242,2240.4575015412283,3.2,3.2,6.4,86,86,1.0,0.10046985000371933,0.11280535161495209,-0.012335501611232758,-0.12620556688084822,0.0183247122913599,0.022732894867658615,-0.004408182576298714,-0.20312745688415076
DE10,Dortmund,train,trunk,one_to_two_pixels_10_20m,retain_major_candidate,55,2334.540003748237,12.8,12.8,18.0,326,326,1.0,0.10247904062271118,0.10704150050878525,-0.004562459886074066,-0.06807388619546256,0.022459562867879868,0.023357417434453964,-0.0008978545665740967,-0.08534246614147355
DE10,Dortmund,train,trunk,subpixel_lt_10m,retain_major_candidate,1773,85999.95582105877,6.4,3.2,9.600000000000001,6330,6330,1.0,0.07632420212030411,0.08565153181552887,-0.009327329695224762,-0.147584059370644,0.01640177331864834,0.018295548856258392,-0.001893775537610054,-0.14851225981001717
DE10,Dortmund,train,trunk_link,one_to_two_pixels_10_20m,retain_major_candidate,1,24.87400277410219,12.8,12.8,12.8,5,5,1.0,0.050541527569293976,0.043817244470119476,0.0067242830991744995,0.4683275487602281,0.00813724659383297,0.0075280508026480675,0.0006091957911849022,0.5967950454950628
DE10,Dortmund,train,trunk_link,subpixel_lt_10m,retain_major_candidate,2665,43238.2600047342,3.2,3.2,9.600000000000001,1629,1628,0.9993861264579497,0.0791434794664383,0.08518765866756439,-0.006044179201126099,-0.09472573201630864,0.015698397532105446,0.017195753753185272,-0.0014973562210798264,-0.11795596425314502
DE10,Dortmund,train,unclassified,one_to_two_pixels_10_20m,manual_review_candidate,22,518.2043926045264,12.8,11.0,15.0,74,74,1.0,0.364030122756958,0.3109009563922882,0.0531291663646698,0.11586084758127542,0.031134407967329025,0.02792106755077839,0.0032133404165506363,0.06681751014453954
DE10,Dortmund,train,unclassified,subpixel_lt_10m,manual_review_candidate,19253,480732.01807318145,6.0,2.0,9.600000000000001,28256,28227,0.9989736693091733,0.0977688878774643,0.0970405638217926,0.0007283240556716919,0.007320098986153486,0.021021179854869843,0.02111988700926304,-9.87071543931961e-05,-0.004720770937803467
DE11,Hamburg,train,living_street,one_to_two_pixels_10_20m,likely_ignore_candidate,1,9.580908755146492,15.0,15.0,15.0,3,3,1.0,0.1695144772529602,0.17499864101409912,-0.005484163761138916,-0.44257863420124777,0.022115465253591537,0.02657170034945011,-0.004456235095858574,-0.6978656437780759
DE11,Hamburg,train,living_street,subpixel_lt_10m,likely_ignore_candidate,9913,187037.35689115495,6.0,2.0,9.0,10997,10985,0.9989087933072656,0.1858128309249878,0.18749913573265076,-0.0016863048076629639,-0.010933434507649085,0.03271567448973656,0.03468046709895134,-0.0019647926092147827,-0.08350203831290481
DE11,Hamburg,train,motorway,one_to_two_pixels_10_20m,retain_major_candidate,664,35192.499023847355,12.8,10.0,19.200000000000003,4932,4928,0.9991889699918897,0.06781941652297974,0.07869213819503784,-0.010872721672058105,-0.12849611472610775,0.012568369507789612,0.015024222433567047,-0.0024558529257774353,-0.19501353804630298
DE11,Hamburg,train,motorway,subpixel_lt_10m,retain_major_candidate,2299,166307.7379222879,6.4,3.2,9.600000000000001,12996,12994,0.9998461064943059,0.06583738327026367,0.07387946546077728,-0.00804208219051361,-0.1351947986719875,0.013926813378930092,0.016042470932006836,-0.002115657553076744,-0.18278268487549662
DE11,Hamburg,train,motorway,two_plus_pixels_ge_20m,retain_major_candidate,20,1139.9757765484621,24.0,22.5,24.0,268,267,0.996268656716418,0.10868406295776367,0.16938063502311707,-0.060696572065353394,-0.4581197161808582,0.01594136655330658,0.021923353895545006,-0.005981987342238426,-0.35588622296768235
DE11,Hamburg,train,motorway_link,one_to_two_pixels_10_20m,retain_major_candidate,61,659.1625646335143,10.0,10.0,12.8,79,78,0.9873417721518988,0.061646655201911926,0.07826294749975204,-0.01661629229784012,-0.46408334268872936,0.01312808133661747,0.01598549261689186,-0.002857411280274391,-0.2870991404305324
DE11,Hamburg,train,motorway_link,subpixel_lt_10m,retain_major_candidate,3742,64275.13081936712,3.2,3.2,9.600000000000001,3178,3177,0.999685336689742,0.07395917177200317,0.07865496724843979,-0.004695795476436615,-0.08011140824184314,0.015314070507884026,0.01670818217098713,-0.0013941116631031036,-0.11205341737187428
DE11,Hamburg,train,pedestrian,subpixel_lt_10m,likely_ignore_candidate,7490,86200.9031202508,5.0,2.0,5.0,3990,3413,0.8553884711779448,0.34337639808654785,0.3264782428741455,0.016898155212402344,0.029346930794288576,0.05792827531695366,0.05688411369919777,0.00104416161775589,0.010477070992369893
DE11,Hamburg,train,primary,one_to_two_pixels_10_20m,retain_major_candidate,4036,93364.36804191943,12.8,10.4,19.200000000000003,13159,13153,0.9995440383007828,0.1342286765575409,0.15003634989261627,-0.01580767333507538,-0.12848859616547836,0.02615395002067089,0.0301558468490839,-0.00400189682841301,-0.16975355535987366
DE11,Hamburg,train,primary,subpixel_lt_10m,retain_major_candidate,10638,231205.07787180544,6.4,3.0,9.600000000000001,16847,16841,0.9996438535050751,0.1247021034359932,0.13244344294071198,-0.0077413395047187805,-0.07138806877796666,0.024023210629820824,0.027305161580443382,-0.0032819509506225586,-0.15294860593718546
DE11,Hamburg,train,primary,two_plus_pixels_ge_20m,retain_major_candidate,14,245.5930908384147,22.400000000000002,22.400000000000002,22.400000000000002,78,76,0.9743589743589743,0.11505050957202911,0.15540602803230286,-0.04035551846027374,-0.19010766772804105,0.024090014398097992,0.027725214138627052,-0.0036351997405290604,-0.1228427352553444
DE11,Hamburg,train,primary_link,subpixel_lt_10m,retain_major_candidate,723,7025.462332580744,3.2,3.0,9.600000000000001,362,362,1.0,0.10111989080905914,0.10402875393629074,-0.002908863127231598,-0.04461392405207938,0.020340748131275177,0.021304044872522354,-0.0009632967412471771,-0.08113349628035255
DE11,Hamburg,train,residential,one_to_two_pixels_10_20m,manual_review_candidate,776,15857.429919575334,10.0,10.0,18.0,1770,1764,0.9966101694915255,0.23381176590919495,0.25545087456703186,-0.021639108657836914,-0.08263112972425488,0.04062318801879883,0.04363783448934555,-0.0030146464705467224,-0.08422407840006745
DE11,Hamburg,train,residential,subpixel_lt_10m,manual_review_candidate,121856,2734185.1436844906,8.0,2.0,9.9,198947,198750,0.9990097865260597,0.1643967628479004,0.16952399909496307,-0.005127236247062683,-0.0390883878577585,0.03189432621002197,0.03357329219579697,-0.001678965985774994,-0.07306277914118237
DE11,Hamburg,train,residential,two_plus_pixels_ge_20m,manual_review_candidate,24,229.00441789624284,20.0,20.0,39.0,99,97,0.9797979797979798,0.12713713943958282,0.15187683701515198,-0.024739697575569153,-0.28247016544529696,0.02677503228187561,0.028848621994256973,-0.002073589712381363,-0.1700468554888131
DE11,Hamburg,train,secondary,one_to_two_pixels_10_20m,retain_major_candidate,3522,73092.94198608556,12.8,10.0,19.200000000000003,9884,9878,0.999392958316471,0.13823175430297852,0.15177440643310547,-0.013542652130126953,-0.1001592153648172,0.027651121839880943,0.030831068754196167,-0.0031799469143152237,-0.13603059758386113
DE11,Hamburg,train,secondary,subpixel_lt_10m,retain_major_candidate,22636,443990.77495535417,6.4,2.5,9.600000000000001,29611,29599,0.999594745196042,0.13346683979034424,0.13995006680488586,-0.006483227014541626,-0.05452114395129861,0.025664949789643288,0.02776733972132206,-0.002102389931678772,-0.09734228294419545
DE11,Hamburg,train,secondary,two_plus_pixels_ge_20m,retain_major_candidate,3,111.03707254256439,20.0,20.0,22.400000000000002,32,32,1.0,0.24642935395240784,0.19609485566616058,0.05033449828624725,0.24903791440752204,0.026160603389143944,0.029330966994166374,-0.0031703636050224304,-0.1327995995279973
DE11,Hamburg,train,secondary_link,one_to_two_pixels_10_20m,retain_major_candidate,7,87.85167634536428,12.8,12.8,12.8,12,12,1.0,0.08180899918079376,0.06248922646045685,0.019319772720336914,0.30176270768285457,0.01832077093422413,0.011534282937645912,0.0067864879965782166,0.6101818277429932
DE11,Hamburg,train,secondary_link,subpixel_lt_10m,retain_major_candidate,1231,8717.905383911591,3.2,3.0,9.600000000000001,443,443,1.0,0.11448639631271362,0.12004011869430542,-0.005553722381591797,-0.04348645371250967,0.0206759050488472,0.02328808419406414,-0.002612179145216942,-0.11517694455536324
DE11,Hamburg,train,service,one_to_two_pixels_10_20m,likely_ignore_candidate,34,443.23391224805687,12.0,10.0,12.0,51,51,1.0,0.2154715657234192,0.23064002394676208,-0.015168458223342896,-0.13217364883815144,0.04989549145102501,0.05325429514050484,-0.003358803689479828,-0.07286855386443644
DE11,Hamburg,train,service,subpixel_lt_10m,likely_ignore_candidate,210167,3748009.882172116,5.0,2.0,8.0,190386,185594,0.9748300820438478,0.17941229045391083,0.18130309879779816,-0.001890808343887329,-0.008886323549576778,0.0323055163025856,0.033862944692373276,-0.001557428389787674,-0.04925443101847832
DE11,Hamburg,train,tertiary,one_to_two_pixels_10_20m,manual_review_candidate,6034,138795.95248437778,10.0,10.0,16.0,14326,14305,0.9985341337428452,0.12668558955192566,0.13168129324913025,-0.00499570369720459,-0.04467529338582958,0.026816921308636665,0.02856818400323391,-0.0017512626945972443,-0.07889569092154368
DE11,Hamburg,train,tertiary,subpixel_lt_10m,manual_review_candidate,23682,463214.59057970747,6.4,2.2,9.600000000000001,29091,29088,0.9998968753222646,0.14034204185009003,0.14657029509544373,-0.006228253245353699,-0.05213075224968222,0.027963193133473396,0.029921337962150574,-0.0019581448286771774,-0.08518097059883072
DE11,Hamburg,train,tertiary,two_plus_pixels_ge_20m,manual_review_candidate,2,27.10341467070583,38.400000000000006,38.400000000000006,38.400000000000006,23,23,1.0,0.2094579041004181,0.31879690289497375,-0.10933899879455566,-0.8145571127334772,0.016079019755125046,0.02008754573762417,-0.004008525982499123,-0.47668105603125094
DE11,Hamburg,train,tertiary_link,subpixel_lt_10m,manual_review_candidate,703,4998.310141727554,3.2,3.2,9.600000000000001,239,239,1.0,0.1202000230550766,0.12185585498809814,-0.0016558319330215454,-0.018476159534016563,0.021017594262957573,0.022307701408863068,-0.0012901071459054947,-0.06714930096458994
DE11,Hamburg,train,trunk,one_to_two_pixels_10_20m,retain_major_candidate,56,2869.919895627041,12.8,11.1,19.200000000000003,397,397,1.0,0.09638149291276932,0.11507008969783783,-0.018688596785068512,-0.041869908982385046,0.019127892330288887,0.025334732607007027,-0.00620684027671814,-0.10278253281261923
DE11,Hamburg,train,trunk,subpixel_lt_10m,retain_major_candidate,862,42475.36332144047,6.4,3.2,9.600000000000001,3043,3041,0.9993427538613211,0.07792680710554123,0.08514247834682465,-0.007215671241283417,-0.10459485963241123,0.015282956883311272,0.01720334216952324,-0.0019203852862119675,-0.1830272668286279
DE11,Hamburg,train,trunk_link,one_to_two_pixels_10_20m,retain_major_candidate,10,145.77930899845643,12.8,12.8,12.8,19,19,1.0,0.06711766123771667,0.07382989674806595,-0.006712235510349274,-0.1948532330049735,0.01649080030620098,0.01825687661767006,-0.001766076311469078,-0.11918309822507178
DE11,Hamburg,train,trunk_link,subpixel_lt_10m,retain_major_candidate,1286,17951.92135227693,3.2,3.2,9.600000000000001,826,826,1.0,0.08042924106121063,0.08348970860242844,-0.003060467541217804,-0.052001848812836565,0.016047906130552292,0.01755109429359436,-0.0015031881630420685,-0.11305180606038022
DE11,Hamburg,train,unclassified,one_to_two_pixels_10_20m,manual_review_candidate,147,3668.2484917618212,12.8,10.0,16.0,478,475,0.9937238493723849,0.19272693991661072,0.21663066744804382,-0.023903727531433105,-0.09485371560725579,0.034107938408851624,0.04075600951910019,-0.006648071110248566,-0.16475317000971582
DE11,Hamburg,train,unclassified,subpixel_lt_10m,manual_review_candidate,17991,426279.4448677278,6.0,2.0,9.600000000000001,24881,24843,0.9984727301957317,0.12971247732639313,0.127998486161232,0.0017139911651611328,0.01221489481453163,0.02596164308488369,0.026457730680704117,-0.0004960875958204269,-0.02180705024345686
DE12,Bremen,train,living_street,subpixel_lt_10m,likely_ignore_candidate,6641,147648.6921881842,6.0,2.0,7.5,8772,8762,0.998860009119927,0.18396636843681335,0.18772165477275848,-0.0037552863359451294,-0.026495680217842134,0.03416480869054794,0.035476427525281906,-0.001311618834733963,-0.05595254081602653
DE12,Bremen,train,motorway,one_to_two_pixels_10_20m,retain_major_candidate,181,14250.99765756173,12.8,12.8,16.0,1903,1903,1.0,0.06636621057987213,0.07962582260370255,-0.013259612023830414,-0.25285186944578886,0.015331952832639217,0.018193256109952927,-0.0028613032773137093,-0.2159370532062597
DE12,Bremen,train,motorway,subpixel_lt_10m,retain_major_candidate,2364,186021.91341606152,6.4,3.2,9.600000000000001,14324,14322,0.9998603741971517,0.070589080452919,0.08084553480148315,-0.010256454348564148,-0.19393599060495267,0.016979167237877846,0.01936088129878044,-0.0023817140609025955,-0.19095042815045365
DE12,Bremen,train,motorway_link,one_to_two_pixels_10_20m,retain_major_candidate,19,662.9586310325543,10.0,10.0,16.0,76,76,1.0,0.11090715229511261,0.11323635280132294,-0.002329200506210327,-0.030257985574271635,0.019098879769444466,0.021667633205652237,-0.0025687534362077713,-0.21594345934754836
DE12,Bremen,train,motorway_link,subpixel_lt_10m,retain_major_candidate,3490,77804.33908465669,3.2,3.2,9.600000000000001,3161,3160,0.999683644416324,0.07897292077541351,0.08515309542417526,-0.006180174648761749,-0.10317162743864362,0.01673544943332672,0.01846254989504814,-0.0017271004617214203,-0.13640605792774244
DE12,Bremen,train,pedestrian,subpixel_lt_10m,likely_ignore_candidate,3608,44483.6376357702,5.0,2.0,6.6,2093,1921,0.917821309125657,0.28760749101638794,0.29755058884620667,-0.009943097829818726,-0.022755940989722296,0.0514349639415741,0.05692639574408531,-0.005491431802511215,-0.05292531383873296
DE12,Bremen,train,primary,one_to_two_pixels_10_20m,retain_major_candidate,282,7901.045235046323,12.8,12.8,16.0,1135,1133,0.9982378854625551,0.12003126740455627,0.13015902042388916,-0.010127753019332886,-0.1253915013681389,0.0228206068277359,0.026644736528396606,-0.0038241297006607056,-0.2099294667160202
DE12,Bremen,train,primary,subpixel_lt_10m,retain_major_candidate,3220,101934.55666557688,6.4,3.2,9.600000000000001,7073,7070,0.9995758518309062,0.11890319734811783,0.12513290345668793,-0.006229706108570099,-0.07070684434967296,0.023770833387970924,0.025489214807748795,-0.0017183814197778702,-0.09910770205885987
DE12,Bremen,train,primary_link,subpixel_lt_10m,retain_major_candidate,297,3064.047898912352,6.4,3.2,9.600000000000001,185,185,1.0,0.10695606470108032,0.11731274425983429,-0.010356679558753967,-0.10420128204945604,0.022685451433062553,0.02451411634683609,-0.0018286649137735367,-0.10344247354030461
DE12,Bremen,train,residential,one_to_two_pixels_10_20m,manual_review_candidate,22,398.1666461815761,11.0,10.0,17.1,57,57,1.0,0.19053258001804352,0.22033558785915375,-0.02980300784111023,-0.12664605211859092,0.02696547470986843,0.03341285511851311,-0.006447380408644676,-0.14589473728577812
DE12,Bremen,train,residential,subpixel_lt_10m,manual_review_candidate,51772,1573251.6580297772,8.0,2.0,9.8,120593,120362,0.9980844659308583,0.16146165132522583,0.1665612757205963,-0.005099624395370483,-0.03773814602852961,0.03141063079237938,0.033239275217056274,-0.0018286444246768951,-0.07351065716062236
DE12,Bremen,train,residential,two_plus_pixels_ge_20m,manual_review_candidate,2,21.877419896310514,20.0,20.0,20.0,10,10,1.0,0.7420388460159302,0.24358481168746948,0.4984540343284607,0.7609383850419633,0.040837280452251434,0.03674188628792763,0.004095394164323807,0.18894685258015767
DE12,Bremen,train,secondary,one_to_two_pixels_10_20m,retain_major_candidate,1937,43581.49466623152,12.0,10.0,19.200000000000003,5377,5373,0.9992560907569277,0.12512536346912384,0.13166137039661407,-0.006536006927490234,-0.060432894086745806,0.024072304368019104,0.026052147150039673,-0.001979842782020569,-0.09316665385492238
DE12,Bremen,train,secondary,subpixel_lt_10m,retain_major_candidate,10859,285161.1042570315,6.4,3.2,9.600000000000001,17794,17793,0.9999438012813308,0.11412327736616135,0.11813031882047653,-0.0040070414543151855,-0.042946594966566054,0.023851023986935616,0.025134272873401642,-0.0012832488864660263,-0.06732726194187452
DE12,Bremen,train,secondary_link,subpixel_lt_10m,retain_major_candidate,306,2777.640315496856,3.2,3.2,9.600000000000001,132,132,1.0,0.12351377308368683,0.13214556872844696,-0.008631795644760132,-0.03956527443828642,0.02281465008854866,0.024458572268486023,-0.0016439221799373627,-0.03651615521304366
DE12,Bremen,train,service,one_to_two_pixels_10_20m,likely_ignore_candidate,17,500.7959844060657,11.6,10.0,14.0,64,64,1.0,0.41339725255966187,0.40721452236175537,0.006182730197906494,0.011661078333568288,0.07519261538982391,0.08377531915903091,-0.008582703769207,-0.08784016253561415
DE12,Bremen,train,service,subpixel_lt_10m,likely_ignore_candidate,90493,1992819.2646909785,5.0,2.0,6.8,101255,99618,0.983832897140882,0.15810947120189667,0.16015571355819702,-0.002046242356300354,-0.012392818065875309,0.029712289571762085,0.030927367508411407,-0.0012150779366493225,-0.04446269888050566
DE12,Bremen,train,tertiary,one_to_two_pixels_10_20m,manual_review_candidate,4527,134360.743823317,10.0,10.0,19.200000000000003,13510,13497,0.9990377498149519,0.11344766616821289,0.11605478078126907,-0.002607114613056183,-0.0272344022940591,0.022875817492604256,0.023829378187656403,-0.0009535606950521469,-0.056941494763316496
DE12,Bremen,train,tertiary,subpixel_lt_10m,manual_review_candidate,8350,231017.69148318854,6.4,3.2,9.600000000000001,14180,14177,0.9997884344146686,0.11805269122123718,0.11992906033992767,-0.0018763691186904907,-0.01652712716986548,0.023867199197411537,0.02469337359070778,-0.0008261743932962418,-0.0407351912712338
DE12,Bremen,train,tertiary_link,one_to_two_pixels_10_20m,manual_review_candidate,4,53.457325729076956,12.8,12.8,12.8,7,7,1.0,0.06239401176571846,0.07561039924621582,-0.01321638748049736,-0.17588682432432431,0.016681473702192307,0.02600288577377796,-0.009321412071585655,-0.313205423258336
DE12,Bremen,train,tertiary_link,subpixel_lt_10m,manual_review_candidate,126,1104.7626021616024,3.2,3.2,9.600000000000001,60,60,1.0,0.11021563410758972,0.10904139280319214,0.001174241304397583,0.0173135577095887,0.019863298162817955,0.021140776574611664,-0.0012774784117937088,-0.08633149943361715
DE12,Bremen,train,trunk,one_to_two_pixels_10_20m,retain_major_candidate,50,1523.2005054355113,12.8,11.5,16.0,217,216,0.9953917050691244,0.08455412089824677,0.09914011508226395,-0.014585994184017181,-0.13752792428759697,0.018562542274594307,0.02158147096633911,-0.0030189286917448044,-0.1871162775662502
DE12,Bremen,train,trunk,subpixel_lt_10m,retain_major_candidate,1153,50762.53202292141,6.4,3.2,9.600000000000001,3447,3446,0.9997098926602843,0.09602606296539307,0.10572108626365662,-0.00969502329826355,-0.14153808803432302,0.02053840458393097,0.022678272798657417,-0.002139868214726448,-0.14638731380369271
DE12,Bremen,train,trunk_link,one_to_two_pixels_10_20m,retain_major_candidate,2,34.81442522969883,10.5,10.5,10.5,4,4,1.0,5.04739236831665,2.819047689437866,2.228344678878784,0.9305933746180092,0.015584709122776985,0.017020897939801216,-0.001436188817024231,-0.3560738444714549
DE12,Bremen,train,trunk_link,subpixel_lt_10m,retain_major_candidate,920,21328.304497414756,3.2,3.0,9.600000000000001,954,954,1.0,0.10936085879802704,0.11434172093868256,-0.004980862140655518,-0.06794706203050849,0.02301134541630745,0.024168888106942177,-0.0011575426906347275,-0.07460000321711621
DE12,Bremen,train,unclassified,one_to_two_pixels_10_20m,manual_review_candidate,21,309.07421235819515,12.8,10.0,16.0,47,47,1.0,0.07289789617061615,0.0871405303478241,-0.014242634177207947,-0.0948122185251878,0.013479281216859818,0.015024574473500252,-0.0015452932566404343,-0.05533075281484733
DE12,Bremen,train,unclassified,subpixel_lt_10m,manual_review_candidate,22251,783913.5109360565,6.0,2.0,9.600000000000001,45482,45465,0.9996262257596412,0.11159174144268036,0.10965815931558609,0.0019335821270942688,0.01987083547307176,0.023553933948278427,0.023805702105164528,-0.00025176815688610077,-0.01352935265059884
DE13,Hanover,train,living_street,one_to_two_pixels_10_20m,likely_ignore_candidate,24,558.4019795835891,11.0,10.0,15.0,78,78,1.0,0.2601601481437683,0.28654712438583374,-0.02638697624206543,-0.16111601317388174,0.04100773483514786,0.04600818455219269,-0.00500044971704483,-0.12914236564767548
DE13,Hanover,train,living_street,subpixel_lt_10m,likely_ignore_candidate,7330,164094.98779178853,6.0,2.5,9.0,9749,9701,0.9950764180941635,0.20456521213054657,0.20682823657989502,-0.0022630244493484497,-0.014484605224907238,0.035023223608732224,0.03658335655927658,-0.0015601329505443573,-0.059993164021091255
DE13,Hanover,train,motorway,one_to_two_pixels_10_20m,retain_major_candidate,206,22329.914855604806,12.8,12.8,12.8,2938,2889,0.9833219877467665,0.07745230197906494,0.09236888587474823,-0.014916583895683289,-0.2312948291354751,0.0161450058221817,0.019568074494600296,-0.0034230686724185944,-0.25589670703978906
DE13,Hanover,train,motorway,subpixel_lt_10m,retain_major_candidate,1707,162553.2380771892,9.600000000000001,3.2,9.600000000000001,13983,13393,0.9578059071729957,0.07604605704545975,0.0886811688542366,-0.012635111808776855,-0.208593733759888,0.016922665759921074,0.019604841247200966,-0.002682175487279892,-0.21058910845840265
DE13,Hanover,train,motorway_link,one_to_two_pixels_10_20m,retain_major_candidate,3,49.572864933839014,10.0,10.0,10.0,6,6,1.0,0.12108609825372696,0.09767770767211914,0.02340839058160782,0.28092021903011194,0.01676640845835209,0.025812972337007523,-0.009046563878655434,-0.5765070878209888
DE13,Hanover,train,motorway_link,subpixel_lt_10m,retain_major_candidate,2538,65565.57695069937,3.2,3.2,9.600000000000001,2898,2891,0.9975845410628019,0.09187667071819305,0.09766539186239243,-0.005788721144199371,-0.08783642314746816,0.019196495413780212,0.021206604316830635,-0.0020101089030504227,-0.14565495560615263
DE13,Hanover,train,pedestrian,one_to_two_pixels_10_20m,likely_ignore_candidate,50,1363.7240569375665,16.5,10.0,18.0,232,215,0.9267241379310345,0.39567500352859497,0.4029296040534973,-0.007254600524902344,-0.02043925454623619,0.09900258481502533,0.09620670229196548,0.002795882523059845,0.0231942206704893
DE13,Hanover,train,pedestrian,subpixel_lt_10m,likely_ignore_candidate,5495,75984.96670346064,5.0,4.0,6.0,3609,3195,0.885286783042394,0.21740400791168213,0.21193359792232513,0.005470409989356995,0.017878708629251765,0.0378500334918499,0.03878786787390709,-0.0009378343820571899,-0.01533540207063381
DE13,Hanover,train,pedestrian,two_plus_pixels_ge_20m,likely_ignore_candidate,16,281.38827290349695,20.0,20.0,30.0,76,71,0.9342105263157895,0.5236462354660034,0.49467581510543823,0.028970420360565186,0.04981337011954151,0.11802446842193604,0.1241036131978035,-0.006079144775867462,-0.0623131302593689
DE13,Hanover,train,primary,one_to_two_pixels_10_20m,retain_major_candidate,181,6907.205867582611,12.8,12.8,16.0,945,945,1.0,0.10556565970182419,0.11726018786430359,-0.0116945281624794,-0.16772034189619656,0.02176232635974884,0.024162830784916878,-0.0024005044251680374,-0.174125902187408
DE13,Hanover,train,primary,subpixel_lt_10m,retain_major_candidate,1930,73768.95535186352,6.4,3.2,9.600000000000001,5136,5051,0.9834501557632399,0.10862572491168976,0.11476185917854309,-0.0061361342668533325,-0.07548885748833539,0.021676406264305115,0.023340845480561256,-0.0016644392162561417,-0.1149472350193069
DE13,Hanover,train,primary_link,subpixel_lt_10m,retain_major_candidate,219,3076.449004587368,6.4,3.2,9.600000000000001,184,184,1.0,0.10657796263694763,0.11993689835071564,-0.013358935713768005,-0.12155532809863019,0.019416678696870804,0.021566366776823997,-0.0021496880799531937,-0.19887187526870678
DE13,Hanover,train,residential,one_to_two_pixels_10_20m,manual_review_candidate,337,7205.122248510791,11.0,10.0,18.0,878,872,0.9931662870159453,0.31218498945236206,0.31181544065475464,0.0003695487976074219,0.0011501295658056833,0.04909094423055649,0.0533171147108078,-0.004226170480251312,-0.07617732140411004
DE13,Hanover,train,residential,subpixel_lt_10m,manual_review_candidate,66474,1785871.5599721128,8.0,2.3,9.8,133260,130886,0.9821852018610235,0.18869024515151978,0.19350223243236542,-0.004811987280845642,-0.03154329749250286,0.034904614090919495,0.03712921217083931,-0.002224598079919815,-0.0771186228906818
DE13,Hanover,train,residential,two_plus_pixels_ge_20m,manual_review_candidate,18,334.8603247525555,24.0,24.0,24.0,90,90,1.0,0.42217957973480225,0.3948867917060852,0.02729278802871704,0.03369320571577082,0.19340389966964722,0.16129864752292633,0.032105252146720886,0.07149860121986663
DE13,Hanover,train,secondary,one_to_two_pixels_10_20m,retain_major_candidate,2119,62087.70022069511,12.0,10.0,19.200000000000003,7900,7470,0.9455696202531646,0.12237881124019623,0.1289113312959671,-0.006532520055770874,-0.06271698493806664,0.025318562984466553,0.02720421552658081,-0.0018856525421142578,-0.09109805446399383
DE13,Hanover,train,secondary,subpixel_lt_10m,retain_major_candidate,9717,302461.3014289035,6.4,2.5,9.600000000000001,20319,20071,0.9877946749347901,0.131464883685112,0.13520029187202454,-0.0037354081869125366,-0.03698923430149858,0.026321891695261,0.027984419837594032,-0.0016625281423330307,-0.08443378020955127
DE13,Hanover,train,secondary_link,subpixel_lt_10m,retain_major_candidate,294,3159.070711228582,3.2,3.2,7.0,139,139,1.0,0.09956105798482895,0.10973832756280899,-0.010177269577980042,-0.15734791747876561,0.01944892853498459,0.02201036363840103,-0.002561435103416443,-0.16136599016615125
DE13,Hanover,train,service,one_to_two_pixels_10_20m,likely_ignore_candidate,307,3874.4905140637243,12.84,10.0,19.75,560,523,0.9339285714285714,0.4500497281551361,0.3709312081336975,0.0791185200214386,0.11963143213781978,0.0743284597992897,0.0647922158241272,0.009536243975162506,0.08740425745206394
DE13,Hanover,train,service,subpixel_lt_10m,likely_ignore_candidate,107086,2125634.030481174,5.0,2.0,9.8,107946,104881,0.9716061734570989,0.1817808449268341,0.1859949827194214,-0.00421413779258728,-0.022609084118078954,0.03214728832244873,0.034328509122133255,-0.0021812207996845245,-0.07055543348126248
DE13,Hanover,train,service,two_plus_pixels_ge_20m,likely_ignore_candidate,17,487.02872952579753,22.0,20.77,38.18,173,162,0.9364161849710982,0.3119974136352539,0.3013801574707031,0.010617256164550781,0.026350243235460993,0.030451422557234764,0.03465244546532631,-0.004201022908091545,-0.10358013993608674
DE13,Hanover,train,tertiary,one_to_two_pixels_10_20m,manual_review_candidate,4494,135448.89730092717,10.0,10.0,19.200000000000003,14001,13285,0.9488607956574531,0.12924371659755707,0.13377706706523895,-0.004533350467681885,-0.044909917550204945,0.02556658163666725,0.026924852281808853,-0.0013582706451416016,-0.07395192783943008
DE13,Hanover,train,tertiary,subpixel_lt_10m,manual_review_candidate,12452,353670.52618559985,6.4,3.0,9.600000000000001,22543,22501,0.9981368939360333,0.139395073056221,0.14364616572856903,-0.0042510926723480225,-0.03746986289468173,0.02651284448802471,0.028328126296401024,-0.0018152818083763123,-0.08830287615061609
DE13,Hanover,train,tertiary_link,subpixel_lt_10m,manual_review_candidate,329,3091.921976940056,3.2,3.2,6.4,123,122,0.991869918699187,0.1313071846961975,0.1374451071023941,-0.006137922406196594,-0.050293764600776475,0.02125845104455948,0.021925950422883034,-0.000667499378323555,-0.0436460446704499
DE13,Hanover,train,trunk,one_to_two_pixels_10_20m,retain_major_candidate,45,1819.5190897040186,12.8,12.8,12.8,242,242,1.0,0.0847439169883728,0.09085337817668915,-0.006109461188316345,-0.09883618898296831,0.0174572691321373,0.01977444626390934,-0.0023171771317720413,-0.2122991976224333
DE13,Hanover,train,trunk,subpixel_lt_10m,retain_major_candidate,2471,128772.59368394993,6.4,3.2,9.600000000000001,9051,9031,0.9977902994144293,0.09853757172822952,0.11027976870536804,-0.01174219697713852,-0.16518125109460638,0.02103411965072155,0.023535992950201035,-0.0025018732994794846,-0.18139953293620847
DE13,Hanover,train,trunk_link,one_to_two_pixels_10_20m,retain_major_candidate,12,184.2579153518298,12.8,12.8,13.4,29,29,1.0,0.15459077060222626,0.15042123198509216,0.004169538617134094,0.03666708294146499,0.019894355908036232,0.02252725511789322,-0.002632899209856987,-0.17062370918115463
DE13,Hanover,train,trunk_link,subpixel_lt_10m,retain_major_candidate,2515,41191.101452537696,3.2,3.2,9.8,2024,2024,1.0,0.10402561724185944,0.11091043055057526,-0.00688481330871582,-0.0933089965857735,0.021400613710284233,0.02371080033481121,-0.0023101866245269775,-0.15838968343058116
DE13,Hanover,train,unclassified,one_to_two_pixels_10_20m,manual_review_candidate,57,1014.0603299684943,12.8,10.0,12.8,128,128,1.0,0.15082325041294098,0.1614091545343399,-0.010585904121398926,-0.07739613738356937,0.020924676209688187,0.02331952191889286,-0.0023948457092046738,-0.1634031526064351
DE13,Hanover,train,unclassified,subpixel_lt_10m,manual_review_candidate,4476,140477.55837490738,6.0,3.0,9.600000000000001,8429,8276,0.9818483805908175,0.14146216213703156,0.14274927973747253,-0.001287117600440979,-0.010487242708818477,0.026247268542647362,0.027326200157403946,-0.0010789316147565842,-0.056740336265006026
DE14,Berlin,train,living_street,one_to_two_pixels_10_20m,likely_ignore_candidate,636,7105.6316626810485,11.5,10.0,16.7,858,858,1.0,0.3066393733024597,0.31572315096855164,-0.009083777666091919,-0.03160186508453264,0.06122681498527527,0.06489187479019165,-0.003665059804916382,-0.06786647584468698
DE14,Berlin,train,living_street,subpixel_lt_10m,likely_ignore_candidate,12527,259376.77826644247,6.0,2.0,9.6,15278,15242,0.997643670637518,0.22503462433815002,0.22953586280345917,-0.004501238465309143,-0.02186859484651377,0.04665039852261543,0.04938885569572449,-0.0027384571731090546,-0.06107014377880399
DE14,Berlin,train,motorway,one_to_two_pixels_10_20m,retain_major_candidate,352,26674.353059724417,12.8,10.0,16.0,3491,3472,0.9945574334001719,0.08114012330770493,0.09633782505989075,-0.015197701752185822,-0.16974589971648837,0.019140837714076042,0.022624146193265915,-0.0034833084791898727,-0.20936929929034948
DE14,Berlin,train,motorway,subpixel_lt_10m,retain_major_candidate,2557,161771.14646045305,9.600000000000001,3.2,9.600000000000001,13233,13158,0.9943323509408297,0.08497527241706848,0.09511321038007736,-0.01013793796300888,-0.1356137632285837,0.01937194913625717,0.02215159498155117,-0.0027796458452939987,-0.19575093864132823
DE14,Berlin,train,motorway_link,one_to_two_pixels_10_20m,retain_major_candidate,27,481.8171824428257,10.0,10.0,12.8,63,63,1.0,0.10685775429010391,0.10668981075286865,0.00016794353723526,0.0022755702327025723,0.020676499232649803,0.022590769454836845,-0.0019142702221870422,-0.1748260527419722
DE14,Berlin,train,motorway_link,subpixel_lt_10m,retain_major_candidate,3784,90569.63222417049,6.4,3.2,9.600000000000001,5072,5054,0.9964511041009464,0.10260741412639618,0.1071372851729393,-0.004529871046543121,-0.053858671580178236,0.02051999792456627,0.022828634828329086,-0.0023086369037628174,-0.15000225710167087
DE14,Berlin,train,pedestrian,one_to_two_pixels_10_20m,likely_ignore_candidate,20,295.1009093589165,11.0,10.0,12.0,37,35,0.9459459459459459,0.29905715584754944,0.2964697778224945,0.0025873780250549316,0.011792612047676284,0.09973663091659546,0.09443511068820953,0.005301520228385925,0.06321526708605371
DE14,Berlin,train,pedestrian,subpixel_lt_10m,likely_ignore_candidate,7630,99041.36091015823,5.0,2.0,9.4,4648,4277,0.9201807228915663,0.2356017678976059,0.23087874054908752,0.004723027348518372,0.012638106996527997,0.04383491724729538,0.04280887171626091,0.0010260455310344696,0.013535395570260983
DE14,Berlin,train,primary,one_to_two_pixels_10_20m,retain_major_candidate,3018,58811.26589713799,12.8,10.0,19.200000000000003,8206,8197,0.9989032415305874,0.1740952730178833,0.19356538355350494,-0.019470110535621643,-0.0814022409559711,0.029214005917310715,0.034544628113508224,-0.00533062219619751,-0.16012212416098107
DE14,Berlin,train,primary,subpixel_lt_10m,retain_major_candidate,11994,288640.72876250127,6.4,3.2,9.600000000000001,21787,21770,0.9992197181805664,0.14689500629901886,0.1587393879890442,-0.01184438169002533,-0.07642075772463403,0.029630446806550026,0.033199820667505264,-0.0035693738609552383,-0.12353595052406754
DE14,Berlin,train,primary,two_plus_pixels_ge_20m,retain_major_candidate,12,158.37434640052217,22.400000000000002,22.400000000000002,22.400000000000002,39,39,1.0,0.22201283276081085,0.21020078659057617,0.01181204617023468,0.032157610110665834,0.02355388179421425,0.031467292457818985,-0.007913410663604736,-0.3335780185615822
DE14,Berlin,train,primary_link,one_to_two_pixels_10_20m,retain_major_candidate,19,239.0380604979208,12.9,10.0,12.9,32,32,1.0,0.15783464908599854,0.17341791093349457,-0.015583261847496033,-0.09233171947614578,0.02296626940369606,0.02723207324743271,-0.0042658038437366486,-0.27201364851255655
DE14,Berlin,train,primary_link,subpixel_lt_10m,retain_major_candidate,547,7967.82391676919,3.2,3.2,9.600000000000001,442,442,1.0,0.11774136126041412,0.12705443799495697,-0.009313076734542847,-0.1150124256812318,0.02466443181037903,0.026961946859955788,-0.0022975150495767593,-0.13219484648990015
DE14,Berlin,train,residential,one_to_two_pixels_10_20m,manual_review_candidate,10356,178552.64241553587,11.0,10.0,19.3,20980,20966,0.9993326978074356,0.33404964208602905,0.3568616807460785,-0.02281203866004944,-0.05618359784949993,0.06990031152963638,0.07739957422018051,-0.007499262690544128,-0.0853178131642846
DE14,Berlin,train,residential,subpixel_lt_10m,manual_review_candidate,171347,3627492.15367297,8.0,2.0,9.9,265722,265570,0.9994279735964655,0.20135584473609924,0.2079148292541504,-0.0065589845180511475,-0.03867306862873701,0.04215916991233826,0.044791415333747864,-0.002632245421409607,-0.0779981790548924
DE14,Berlin,train,residential,two_plus_pixels_ge_20m,manual_review_candidate,25,337.7182513237462,33.9,20.0,35.0,142,134,0.9436619718309859,0.1856817901134491,0.2017776519060135,-0.016095861792564392,-0.10852493001527241,0.04819208383560181,0.05949689447879791,-0.011304810643196106,-0.24034152977657894
DE14,Berlin,train,secondary,one_to_two_pixels_10_20m,retain_major_candidate,8403,144378.3679481322,12.0,10.0,19.5,18667,18621,0.9975357582900305,0.18000836670398712,0.19564133882522583,-0.01563297212123871,-0.07652706028585558,0.034289825707674026,0.03889476880431175,-0.004604943096637726,-0.13430595677715249
DE14,Berlin,train,secondary,subpixel_lt_10m,retain_major_candidate,41909,836187.1523056624,6.4,2.4,9.8,56100,56054,0.9991800356506239,0.16324132680892944,0.17165273427963257,-0.008411407470703125,-0.05492427964911823,0.03296567499637604,0.03621912747621536,-0.003253452479839325,-0.1122175638832297
DE14,Berlin,train,secondary,two_plus_pixels_ge_20m,retain_major_candidate,7,52.948116314877396,22.400000000000002,20.0,30.0,26,26,1.0,0.12450608611106873,0.18450729548931122,-0.06000120937824249,-0.3816531272783384,0.023423217236995697,0.02782146818935871,-0.004398250952363014,-0.12178665728391379
DE14,Berlin,train,secondary_link,one_to_two_pixels_10_20m,retain_major_candidate,13,131.6899921834329,12.0,10.0,15.0,25,25,1.0,0.18764333426952362,0.2562865614891052,-0.0686432272195816,-0.28553537219829006,0.01741134747862816,0.024478644132614136,-0.007067296653985977,-0.21614880634174954
DE14,Berlin,train,secondary_link,subpixel_lt_10m,retain_major_candidate,619,5857.190783094969,6.4,3.2,9.600000000000001,418,416,0.9952153110047847,0.16596178710460663,0.17604215443134308,-0.01008036732673645,-0.05697482176470836,0.032542526721954346,0.033596161752939224,-0.0010536350309848785,-0.02939139069902197
DE14,Berlin,train,secondary_link,two_plus_pixels_ge_20m,retain_major_candidate,1,18.09825996128024,25.0,25.0,25.0,11,11,1.0,0.06325817108154297,0.08525843918323517,-0.0220002681016922,-1.011506781742477,0.009363451972603798,0.01302255503833294,-0.0036591030657291412,-0.6916042821414087
DE14,Berlin,train,service,one_to_two_pixels_10_20m,likely_ignore_candidate,430,2845.6488684756205,11.0,10.0,19.2,553,542,0.9801084990958409,0.1940097063779831,0.20761272311210632,-0.01360301673412323,-0.06201855156233069,0.04049355909228325,0.04645739495754242,-0.0059638358652591705,-0.1265635598647168
DE14,Berlin,train,service,subpixel_lt_10m,likely_ignore_candidate,326185,4868284.026120089,5.0,2.0,9.8,250502,243432,0.971776672441737,0.21607381105422974,0.21721377968788147,-0.0011399686336517334,-0.004793071892820442,0.04203275591135025,0.044290877878665924,-0.002258121967315674,-0.05304479448073709
DE14,Berlin,train,service,two_plus_pixels_ge_20m,likely_ignore_candidate,47,5715.164029030242,40.0,20.0,40.0,2331,2329,0.9991419991419992,0.030123798176646233,0.04515252262353897,-0.015028724446892738,-0.14686764773017935,0.004971719346940517,0.007083408534526825,-0.0021116891875863075,-0.3418279930898978
DE14,Berlin,train,tertiary,one_to_two_pixels_10_20m,manual_review_candidate,8918,170878.66361468402,10.0,10.0,19.200000000000003,18282,18273,0.9995077125041024,0.18692532181739807,0.196845144033432,-0.009919822216033936,-0.053956337147109776,0.037855811417102814,0.040554456412792206,-0.002698644995689392,-0.07962712610742691
DE14,Berlin,train,tertiary,subpixel_lt_10m,manual_review_candidate,25007,457636.7339829997,6.4,3.0,9.8,29408,29399,0.9996939608269858,0.17743229866027832,0.18625813722610474,-0.008825838565826416,-0.055749122360669784,0.03716734051704407,0.04047860577702522,-0.0033112652599811554,-0.09323379707181216
DE14,Berlin,train,tertiary,two_plus_pixels_ge_20m,manual_review_candidate,13,129.1369230444487,21.0,21.0,25.0,36,35,0.9722222222222222,0.2961269021034241,0.33711522817611694,-0.04098832607269287,-0.282434165469613,0.04349253326654434,0.044875625520944595,-0.0013830922544002533,-0.03514944794583097
DE14,Berlin,train,tertiary_link,one_to_two_pixels_10_20m,manual_review_candidate,15,84.75432048504496,12.0,10.0,13.0,20,20,1.0,0.2484900951385498,0.22099095582962036,0.027499139308929443,0.058802529319757164,0.028201069682836533,0.02969088777899742,-0.0014898180961608887,-0.06172339808667035
DE14,Berlin,train,tertiary_link,subpixel_lt_10m,manual_review_candidate,127,1093.6760748196918,6.0,3.2,9.8,71,71,1.0,0.17808789014816284,0.18988944590091705,-0.011801555752754211,-0.10438463742573365,0.03217222914099693,0.03839559480547905,-0.006223365664482117,-0.18840478045952772
DE14,Berlin,train,trunk,one_to_two_pixels_10_20m,retain_major_candidate,12,268.5227196348409,12.8,12.8,12.8,35,34,0.9714285714285714,0.08874991536140442,0.09100993722677231,-0.0022600218653678894,-0.005538214345391043,0.01699725165963173,0.020827580243349075,-0.003830328583717346,-0.08118586463479602
DE14,Berlin,train,trunk,subpixel_lt_10m,retain_major_candidate,152,6731.8193361142785,6.4,6.4,9.600000000000001,436,436,1.0,0.12220428884029388,0.12029892206192017,0.0019053667783737183,0.012420576191488262,0.0195503830909729,0.02279040776193142,-0.003240024670958519,-0.2393628878849126
DE14,Berlin,train,trunk_link,subpixel_lt_10m,retain_major_candidate,40,1017.1552324323962,3.2,3.2,6.4,40,40,1.0,0.26552706956863403,0.21986165642738342,0.04566541314125061,0.3710341542755711,0.01544210035353899,0.023125911131501198,-0.007683810777962208,-0.336428052220379
DE14,Berlin,train,unclassified,one_to_two_pixels_10_20m,manual_review_candidate,320,5589.95933962133,10.6,10.0,12.8,611,611,1.0,0.22722351551055908,0.24176858365535736,-0.014545068144798279,-0.05999050578337182,0.040362223982810974,0.04400091618299484,-0.0036386922001838684,-0.0769074928889895
DE14,Berlin,train,unclassified,subpixel_lt_10m,manual_review_candidate,6459,148521.9435393849,6.0,2.3,9.8,8979,8975,0.9995545160931061,0.16010142862796783,0.1593046486377716,0.000796779990196228,0.005304247514753061,0.032080844044685364,0.03353644907474518,-0.0014556050300598145,-0.05526966125096522
DE15,Leipzig,val,living_street,one_to_two_pixels_10_20m,likely_ignore_candidate,3,117.04895926556463,10.0,10.0,10.0,12,11,0.9166666666666666,0.16179242730140686,0.14669319987297058,0.01509922742843628,0.16881475545574345,0.035468339920043945,0.03604744374752045,-0.0005791038274765015,-0.02659637808014432
DE15,Leipzig,val,living_street,subpixel_lt_10m,likely_ignore_candidate,3614,74751.56291516003,6.0,2.0,9.0,4466,4446,0.9955217196596506,0.1746053397655487,0.175411194562912,-0.0008058547973632812,-0.0059528356654110085,0.0357186421751976,0.037584930658340454,-0.0018662884831428528,-0.05863865496448343
DE15,Leipzig,val,motorway,one_to_two_pixels_10_20m,retain_major_candidate,215,19082.804425484974,12.8,11.0,16.0,2515,2512,0.9988071570576541,0.0505976527929306,0.05963243544101715,-0.009034782648086548,-0.21742333655534155,0.00962525699287653,0.011574060656130314,-0.0019488036632537842,-0.2429032324343663
DE15,Leipzig,val,motorway,subpixel_lt_10m,retain_major_candidate,1947,166482.23857688456,6.4,3.2,9.600000000000001,13564,13563,0.9999262754349749,0.05094112455844879,0.056735873222351074,-0.005794748663902283,-0.16301692759586722,0.010026900097727776,0.011401386931538582,-0.0013744868338108063,-0.20320525459518227
DE15,Leipzig,val,motorway_link,one_to_two_pixels_10_20m,retain_major_candidate,34,605.9673186950533,10.0,10.0,15.8,67,66,0.9850746268656716,0.04639480635523796,0.05201079696416855,-0.005615990608930588,-0.1391780126342417,0.010783683508634567,0.01082652434706688,-4.284083843231201e-05,-0.01177549355957299
DE15,Leipzig,val,motorway_link,subpixel_lt_10m,retain_major_candidate,2237,47690.01721028446,3.2,3.2,9.600000000000001,2161,2160,0.999537251272559,0.06178799644112587,0.06465044617652893,-0.002862449735403061,-0.06614696590136274,0.010793996043503284,0.011683682911098003,-0.0008896868675947189,-0.10209802990070682
DE15,Leipzig,val,pedestrian,subpixel_lt_10m,likely_ignore_candidate,2563,29055.762888261215,5.0,4.5,8.5,1412,1294,0.9164305949008499,0.23209929466247559,0.24562937021255493,-0.013530075550079346,-0.025335787328367304,0.03758872300386429,0.04059756547212601,-0.0030088424682617188,-0.045067107963645006
DE15,Leipzig,val,primary,one_to_two_pixels_10_20m,retain_major_candidate,999,19378.769935023884,12.8,10.0,19.200000000000003,2715,2713,0.9992633517495396,0.12909889221191406,0.13777276873588562,-0.008673876523971558,-0.0626955959040322,0.020701037719845772,0.023264436051249504,-0.0025633983314037323,-0.1453262182430807
DE15,Leipzig,val,primary,subpixel_lt_10m,retain_major_candidate,5810,189393.4343773968,6.4,3.2,9.600000000000001,12786,12785,0.9999217894572189,0.07804606854915619,0.07979100197553635,-0.0017449334263801575,-0.024059278027501015,0.0158926323056221,0.01654204912483692,-0.0006494168192148209,-0.04303957119056009
DE15,Leipzig,val,primary,two_plus_pixels_ge_20m,retain_major_candidate,8,116.19315124143365,22.400000000000002,20.0,22.400000000000002,34,34,1.0,0.10899430513381958,0.19613459706306458,-0.087140291929245,-0.7350114998611772,0.017426159232854843,0.02705194428563118,-0.009625785052776337,-0.328440582127083
DE15,Leipzig,val,primary_link,subpixel_lt_10m,retain_major_candidate,219,2378.1037902377484,3.2,3.2,8.0,120,120,1.0,0.07301317900419235,0.07745452225208282,-0.004441343247890472,-0.07832535241395876,0.016169024631381035,0.017012454569339752,-0.0008434299379587173,-0.08033507707013895
DE15,Leipzig,val,residential,one_to_two_pixels_10_20m,manual_review_candidate,1125,29742.607983744732,11.5,10.0,17.63,3513,3506,0.9980074010816966,0.2986166477203369,0.31063544750213623,-0.012018799781799316,-0.03887964714814235,0.04685313627123833,0.049431297928094864,-0.002578161656856537,-0.05013269332239218
DE15,Leipzig,val,residential,subpixel_lt_10m,manual_review_candidate,56265,1462302.333914895,8.0,2.0,9.9,109330,109028,0.9972377206622153,0.17045238614082336,0.17399266362190247,-0.0035402774810791016,-0.020703701366989454,0.031856514513492584,0.03304135799407959,-0.0011848434805870056,-0.042293138225747706
DE15,Leipzig,val,residential,two_plus_pixels_ge_20m,manual_review_candidate,4,21.657495420223242,20.0,20.0,20.0,10,10,1.0,0.16427576541900635,0.23136955499649048,-0.06709378957748413,-0.05625910936192259,0.032319895923137665,0.03302599489688873,-0.0007060989737510681,-0.07598227419674568
DE15,Leipzig,val,secondary,one_to_two_pixels_10_20m,retain_major_candidate,2795,62944.013317159,12.0,10.0,19.200000000000003,7962,7949,0.998367244410952,0.12324528396129608,0.12979014217853546,-0.00654485821723938,-0.04461077324304288,0.02366749197244644,0.025747910141944885,-0.0020804181694984436,-0.08786413059810158
DE15,Leipzig,val,secondary,subpixel_lt_10m,retain_major_candidate,13192,327254.8702752404,6.4,2.4,9.600000000000001,20918,20907,0.999474137106798,0.10761382430791855,0.10829167068004608,-0.000677846372127533,-0.005329904691023821,0.020115965977311134,0.02088191732764244,-0.0007659513503313065,-0.03613524568051402
DE15,Leipzig,val,secondary_link,subpixel_lt_10m,retain_major_candidate,349,2164.7509795483356,3.2,3.2,7.0,103,103,1.0,0.10633014142513275,0.11360993981361389,-0.00727979838848114,-0.06665653368123857,0.01979341171681881,0.019954608753323555,-0.00016119703650474548,-0.008143679262008121
DE15,Leipzig,val,service,one_to_two_pixels_10_20m,likely_ignore_candidate,43,1480.0817334317746,10.0,10.0,16.0,156,156,1.0,0.07833962887525558,0.07825510203838348,8.452683687210083e-05,0.0011528405401532989,0.015193354338407516,0.01780136674642563,-0.002608012408018112,-0.18992800954085193
DE15,Leipzig,val,service,subpixel_lt_10m,likely_ignore_candidate,98446,2009197.2414300186,5.0,2.0,8.25,101382,99673,0.9831429642342823,0.15095075964927673,0.15189850330352783,-0.0009477436542510986,-0.005301170796768421,0.026308340951800346,0.027716416865587234,-0.0014080759137868881,-0.05061209465400021
DE15,Leipzig,val,tertiary,one_to_two_pixels_10_20m,manual_review_candidate,5848,179866.27375736437,10.0,10.0,16.0,18202,18183,0.9989561586638831,0.09218370914459229,0.0937139093875885,-0.0015302002429962158,-0.015710600608810635,0.018342401832342148,0.01875365898013115,-0.00041125714778900146,-0.02239219814568032
DE15,Leipzig,val,tertiary,subpixel_lt_10m,manual_review_candidate,9213,258610.5945396462,6.4,2.5,9.600000000000001,15979,15972,0.9995619250265975,0.09024307876825333,0.09060081094503403,-0.0003577321767807007,-0.0039027716148674675,0.01761019229888916,0.018107986077666283,-0.0004977937787771225,-0.028855102901932533
DE15,Leipzig,val,tertiary,two_plus_pixels_ge_20m,manual_review_candidate,1,11.741344023681048,20.0,20.0,20.0,6,6,1.0,0.0832783430814743,0.0831041932106018,0.00017414987087249756,0.009088250984100422,0.009983524680137634,0.011622786521911621,-0.0016392618417739868,-0.3158171431975413
DE15,Leipzig,val,tertiary_link,subpixel_lt_10m,manual_review_candidate,196,1378.8504022445743,3.2,3.2,6.0,53,53,1.0,0.059524066746234894,0.06920080631971359,-0.009676739573478699,-0.20813862254375945,0.009837662801146507,0.011209596879780293,-0.0013719340786337852,-0.15225224024075049
DE15,Leipzig,val,trunk,one_to_two_pixels_10_20m,retain_major_candidate,49,2141.606488231945,11.0,10.0,14.0,244,244,1.0,0.08726489543914795,0.0940852090716362,-0.006820313632488251,-0.11807163181125194,0.0161073487251997,0.01780877448618412,-0.0017014257609844208,-0.18270027163646116
DE15,Leipzig,val,trunk,subpixel_lt_10m,retain_major_candidate,714,27992.87179647134,6.4,3.2,9.600000000000001,1896,1896,1.0,0.09301319718360901,0.10039210319519043,-0.007378906011581421,-0.09548464400640987,0.01818527653813362,0.0202412698417902,-0.002055993303656578,-0.16193354405077756
DE15,Leipzig,val,trunk_link,subpixel_lt_10m,retain_major_candidate,516,10976.57299460347,3.2,3.2,9.600000000000001,511,510,0.9980430528375733,0.10858090221881866,0.11604074388742447,-0.0074598416686058044,-0.08605213424965925,0.017843730747699738,0.0209053885191679,-0.0030616577714681625,-0.20656697788621212
DE15,Leipzig,val,unclassified,one_to_two_pixels_10_20m,manual_review_candidate,119,2503.1217781453215,11.0,10.0,16.0,305,303,0.9934426229508196,0.11982081830501556,0.12664155662059784,-0.006820738315582275,-0.056949403737135106,0.01869839057326317,0.023291105404496193,-0.004592714831233025,-0.20669913792612032
DE15,Leipzig,val,unclassified,subpixel_lt_10m,manual_review_candidate,8177,237896.46775005202,6.0,2.4,9.8,14184,14174,0.9992949802594473,0.09161261469125748,0.08984822779893875,0.0017643868923187256,0.020416985450358804,0.017651759088039398,0.017881080508232117,-0.0002293214201927185,-0.013962850941156443
DE16,Dresden,val,living_street,one_to_two_pixels_10_20m,likely_ignore_candidate,8,167.5609917643966,12.0,10.0,12.0,23,23,1.0,0.149008646607399,0.15460264682769775,-0.005594000220298767,-0.1140961769679552,0.028287557885050774,0.02904696576297283,-0.0007594078779220581,-0.08854776145984006
DE16,Dresden,val,living_street,subpixel_lt_10m,likely_ignore_candidate,5515,109660.25777641384,6.0,2.0,8.8,6459,6423,0.9944263817928471,0.17153552174568176,0.17161467671394348,-7.915496826171875e-05,-0.0005665676453184148,0.03744925931096077,0.038060907274484634,-0.0006116479635238647,-0.01855346732808623
DE16,Dresden,val,motorway,one_to_two_pixels_10_20m,retain_major_candidate,249,19989.80246658671,12.8,12.0,19.0,2631,2631,1.0,0.0595753937959671,0.06982403993606567,-0.010248646140098572,-0.1849020558801959,0.016017736867070198,0.01665014587342739,-0.000632409006357193,-0.04614774231193771
DE16,Dresden,val,motorway,subpixel_lt_10m,retain_major_candidate,1600,111047.58711999393,6.4,6.4,9.600000000000001,8286,8285,0.9998793145063963,0.052451249212026596,0.05723852664232254,-0.004787277430295944,-0.11946418096512128,0.011743875220417976,0.01291913352906704,-0.0011752583086490631,-0.12337442933445752
DE16,Dresden,val,motorway,two_plus_pixels_ge_20m,retain_major_candidate,12,1286.5621545156225,20.0,20.0,20.0,263,263,1.0,0.046151839196681976,0.05435855686664581,-0.008206717669963837,-0.3425389228633047,0.018388524651527405,0.014945121482014656,0.0034434031695127487,0.3213865777955103
DE16,Dresden,val,motorway_link,one_to_two_pixels_10_20m,retain_major_candidate,3,118.61875378213225,12.8,12.8,12.8,16,16,1.0,0.07902276515960693,0.07818008959293365,0.0008426755666732788,0.026091221232111335,0.01804399862885475,0.020645759999752045,-0.002601761370897293,-0.2232929949837767
DE16,Dresden,val,motorway_link,subpixel_lt_10m,retain_major_candidate,1677,32221.35852080378,3.2,3.2,9.600000000000001,1661,1661,1.0,0.0653228610754013,0.0673946738243103,-0.0020718127489089966,-0.041867854293169984,0.012529419735074043,0.013051988556981087,-0.0005225688219070435,-0.06045430151753114
DE16,Dresden,val,pedestrian,one_to_two_pixels_10_20m,likely_ignore_candidate,6,93.45201199931321,10.0,10.0,11.0,11,10,0.9090909090909091,0.044992972165346146,0.06874753534793854,-0.023754563182592392,-0.11742901572075594,0.01240292564034462,0.016374066472053528,-0.003971140831708908,-0.03917216408554212
DE16,Dresden,val,pedestrian,subpixel_lt_10m,likely_ignore_candidate,5172,59151.91130145128,5.0,3.0,9.0,2882,2552,0.8854961832061069,0.26314473152160645,0.27777382731437683,-0.014629095792770386,-0.030339924266234504,0.04591875150799751,0.04671429097652435,-0.0007955394685268402,-0.010296480351148114
DE16,Dresden,val,primary,one_to_two_pixels_10_20m,retain_major_candidate,580,12262.68826207799,12.8,12.8,19.200000000000003,1703,1702,0.9994128009395185,0.10807932913303375,0.1166999414563179,-0.00862061232328415,-0.08577339418269903,0.020993798971176147,0.022908732295036316,-0.0019149333238601685,-0.1087312595814034
DE16,Dresden,val,primary,subpixel_lt_10m,retain_major_candidate,3984,107925.7999265144,6.4,3.2,9.600000000000001,7304,7304,1.0,0.09960159659385681,0.1082596406340599,-0.008658044040203094,-0.09053981868709109,0.01883971318602562,0.021202802658081055,-0.002363089472055435,-0.13287650056013092
DE16,Dresden,val,primary,two_plus_pixels_ge_20m,retain_major_candidate,10,94.98799447943176,22.400000000000002,22.400000000000002,22.400000000000002,27,27,1.0,0.27778923511505127,0.45576998591423035,-0.17798075079917908,-0.409563429239203,0.061197467148303986,0.06323875486850739,-0.0020412877202033997,-0.03527312769261807
DE16,Dresden,val,primary_link,one_to_two_pixels_10_20m,retain_major_candidate,5,55.83597628896045,12.8,12.8,12.8,7,7,1.0,0.15740881860256195,0.13375292718410492,0.02365589141845703,0.2039272620210074,0.030727289617061615,0.030799604952335358,-7.231533527374268e-05,-0.008184735880782484
DE16,Dresden,val,primary_link,subpixel_lt_10m,retain_major_candidate,367,5566.259191746998,3.2,3.2,9.600000000000001,281,281,1.0,0.0996599942445755,0.1054256483912468,-0.005765654146671295,-0.07865123888052539,0.02032952941954136,0.021049434319138527,-0.000719904899597168,-0.04856936603503427
DE16,Dresden,val,residential,one_to_two_pixels_10_20m,manual_review_candidate,1149,27814.880817321566,10.4,10.0,16.0,3079,3078,0.9996752192270217,0.21180729568004608,0.22956687211990356,-0.017759576439857483,-0.10226256542719166,0.0466628298163414,0.05084974691271782,-0.004186917096376419,-0.08677995787772742
DE16,Dresden,val,residential,subpixel_lt_10m,manual_review_candidate,72662,1681729.3260300686,8.0,2.0,9.9,126020,125305,0.9943262974131091,0.15179108083248138,0.15445341169834137,-0.0026623308658599854,-0.02136497210515456,0.03197009861469269,0.03325096517801285,-0.00128086656332016,-0.04692081711245855
DE16,Dresden,val,secondary,one_to_two_pixels_10_20m,retain_major_candidate,4000,87272.48718833711,12.0,10.0,19.200000000000003,10996,10716,0.9745361949799928,0.10934170335531235,0.11498279869556427,-0.005641095340251923,-0.0553679248277136,0.022456523030996323,0.024384835734963417,-0.0019283127039670944,-0.08333052950228591
DE16,Dresden,val,secondary,subpixel_lt_10m,retain_major_candidate,13851,337124.3973447978,6.4,3.0,9.600000000000001,21956,21778,0.9918928766624158,0.10369309782981873,0.10751671344041824,-0.003823615610599518,-0.041728150729596424,0.02110971137881279,0.022579148411750793,-0.0014694370329380035,-0.07516125316582688
DE16,Dresden,val,secondary_link,subpixel_lt_10m,retain_major_candidate,436,4851.530928396268,3.2,3.2,9.600000000000001,275,275,1.0,0.0816958025097847,0.08293436467647552,-0.0012385621666908264,-0.01630595562628398,0.011832955293357372,0.013210826553404331,-0.001377871260046959,-0.12698007537553233
DE16,Dresden,val,service,one_to_two_pixels_10_20m,likely_ignore_candidate,36,841.8289524441067,10.0,10.0,10.0,96,92,0.9583333333333334,0.09855598211288452,0.10489195585250854,-0.0063359737396240234,-0.11386273434983227,0.029713507741689682,0.03182325139641762,-0.002109743654727936,-0.09312343002304449
DE16,Dresden,val,service,subpixel_lt_10m,likely_ignore_candidate,144446,2359334.937486236,5.0,2.0,9.0,119701,117229,0.9793485434541065,0.14734455943107605,0.14792941510677338,-0.0005848556756973267,-0.003952546083581612,0.029506376013159752,0.03035476617515087,-0.0008483901619911194,-0.029352261029395182
DE16,Dresden,val,service,two_plus_pixels_ge_20m,likely_ignore_candidate,1,7.617463836554968,23.0,23.0,23.0,6,6,1.0,0.07557268440723419,0.11381661891937256,-0.03824393451213837,-0.5400626946582443,0.0170593224465847,0.018555086106061935,-0.0014957636594772339,-0.45363452410946
DE16,Dresden,val,tertiary,one_to_two_pixels_10_20m,manual_review_candidate,13561,332879.452139342,10.0,10.0,16.0,33649,33503,0.9956610894825998,0.09737133979797363,0.09925849735736847,-0.0018871575593948364,-0.020412580900032912,0.020628491416573524,0.021207666024565697,-0.0005791746079921722,-0.0298062853146947
DE16,Dresden,val,tertiary,subpixel_lt_10m,manual_review_candidate,9510,194191.38030266337,6.4,2.8,9.600000000000001,12117,12117,1.0,0.12293543666601181,0.12459395825862885,-0.001658521592617035,-0.014447562448033123,0.025214076042175293,0.026333212852478027,-0.0011191368103027344,-0.04490900431396479
DE16,Dresden,val,tertiary,two_plus_pixels_ge_20m,manual_review_candidate,33,832.7197761143427,20.0,20.0,20.0,170,169,0.9941176470588236,0.14506253600120544,0.14781057834625244,-0.002748042345046997,-0.021380984004318444,0.03269289433956146,0.03433144837617874,-0.001638554036617279,-0.07451294459251077
DE16,Dresden,val,tertiary_link,subpixel_lt_10m,manual_review_candidate,146,1068.4922715607693,3.2,3.2,6.0,32,32,1.0,0.0970139428973198,0.09839808940887451,-0.001384146511554718,-0.014442005100104892,0.014717746526002884,0.01629852131009102,-0.0015807747840881348,-0.11729187658198785
DE16,Dresden,val,trunk,one_to_two_pixels_10_20m,retain_major_candidate,47,2450.198590953573,12.8,12.8,16.0,356,356,1.0,0.044311195611953735,0.0466575101017952,-0.002346314489841461,-0.0807569251607839,0.007893409579992294,0.00873915571719408,-0.000845746137201786,-0.14045623882570304
DE16,Dresden,val,trunk,subpixel_lt_10m,retain_major_candidate,590,34215.511801484376,6.4,3.2,9.600000000000001,2577,2577,1.0,0.05469486117362976,0.05851889029145241,-0.003824029117822647,-0.09808838939171352,0.010305232368409634,0.011334462091326714,-0.00102922972291708,-0.12336179295862597
DE16,Dresden,val,trunk_link,subpixel_lt_10m,retain_major_candidate,835,11883.4741295243,3.2,3.2,9.600000000000001,508,508,1.0,0.05004451796412468,0.05224296450614929,-0.0021984465420246124,-0.05331733954389151,0.009470626711845398,0.010075937956571579,-0.000605311244726181,-0.08824009580111208
DE16,Dresden,val,unclassified,one_to_two_pixels_10_20m,manual_review_candidate,127,2879.259253674523,11.0,10.0,18.0,352,352,1.0,0.14114905893802643,0.15499722957611084,-0.013848170638084412,-0.07629534652857344,0.028894688934087753,0.0320427305996418,-0.0031480416655540466,-0.09704498599872115
DE16,Dresden,val,unclassified,subpixel_lt_10m,manual_review_candidate,12867,320756.2033631047,6.0,2.6,9.8,18947,18863,0.9955665804612868,0.09876859188079834,0.09863633662462234,0.00013225525617599487,0.001413672669990535,0.020435422658920288,0.020684145390987396,-0.00024872273206710815,-0.012655385822370252
DE17,Munster,val,living_street,one_to_two_pixels_10_20m,likely_ignore_candidate,2,4.5717076717695315,12.0,12.0,12.0,3,3,1.0,0.09875667840242386,0.10767703503370285,-0.008920356631278992,-0.632144005516417,0.019323093816637993,0.0250037033110857,-0.005680609494447708,-1.178899020507153
DE17,Munster,val,living_street,subpixel_lt_10m,likely_ignore_candidate,6577,131828.5018536157,6.0,2.5,8.0,7748,7731,0.997805885389778,0.18601076304912567,0.18853259086608887,-0.002521827816963196,-0.016454773509989664,0.041791729629039764,0.04422745481133461,-0.0024357251822948456,-0.06511744315077457
DE17,Munster,val,motorway,one_to_two_pixels_10_20m,retain_major_candidate,44,4698.8406535613685,12.8,12.8,16.0,649,649,1.0,0.05067098140716553,0.06287945061922073,-0.012208469212055206,-0.26890379960755567,0.010695938020944595,0.01326238363981247,-0.002566445618867874,-0.27531764384764923
DE17,Munster,val,motorway,subpixel_lt_10m,retain_major_candidate,819,85009.99473737704,6.4,6.4,9.600000000000001,6477,6477,1.0,0.04282105341553688,0.04953249171376228,-0.006711438298225403,-0.20864023702874682,0.009523453190922737,0.010986313223838806,-0.001462860032916069,-0.21965793146616713
DE17,Munster,val,motorway_link,subpixel_lt_10m,retain_major_candidate,999,19734.794825913243,3.2,3.2,9.600000000000001,769,769,1.0,0.043663863092660904,0.04718641936779022,-0.0035225562751293182,-0.10401999569213886,0.010438968427479267,0.010694769211113453,-0.0002558007836341858,-0.034230752741560955
DE17,Munster,val,pedestrian,subpixel_lt_10m,likely_ignore_candidate,4701,35129.73636896153,5.0,3.0,5.0,1653,1445,0.8741681790683605,0.2443048059940338,0.2794390916824341,-0.03513428568840027,-0.08974360926260505,0.0488780215382576,0.05158361792564392,-0.002705596387386322,-0.040317258640911395
DE17,Munster,val,primary,one_to_two_pixels_10_20m,retain_major_candidate,151,4059.655325494433,12.8,10.0,19.200000000000003,599,599,1.0,0.07867138087749481,0.08149588108062744,-0.0028245002031326294,-0.04212242122421224,0.015574791468679905,0.017863735556602478,-0.002288944087922573,-0.17179831415387686
DE17,Munster,val,primary,subpixel_lt_10m,retain_major_candidate,1606,62468.879057635044,6.4,3.2,9.600000000000001,4326,4326,1.0,0.07697108387947083,0.07772339880466461,-0.0007523149251937866,-0.01177892108097212,0.01694919541478157,0.017449501901865005,-0.0005003064870834351,-0.0364715128426978
DE17,Munster,val,primary_link,subpixel_lt_10m,retain_major_candidate,161,1726.5326166391515,3.2,3.2,9.600000000000001,67,67,1.0,0.0781678855419159,0.0794123187661171,-0.0012444332242012024,-0.03433032587140757,0.015642451122403145,0.01869724877178669,-0.003054797649383545,-0.2525808757039111
DE17,Munster,val,residential,one_to_two_pixels_10_20m,manual_review_candidate,53,1074.0640707356774,11.1,10.0,13.0,141,141,1.0,0.21130454540252686,0.2033960223197937,0.007908523082733154,0.01933618264031003,0.03345932811498642,0.0340496301651001,-0.000590302050113678,-0.012790202674724558
DE17,Munster,val,residential,subpixel_lt_10m,manual_review_candidate,37983,940910.0522159004,8.0,2.5,9.9,67617,67465,0.9977520446041676,0.16873736679553986,0.17316021025180817,-0.0044228434562683105,-0.02923778559127977,0.03544716164469719,0.03730490058660507,-0.0018577389419078827,-0.057155919833654215
DE17,Munster,val,secondary,one_to_two_pixels_10_20m,retain_major_candidate,2188,66260.7407919727,12.0,11.0,19.200000000000003,8288,8285,0.9996380308880309,0.06487398594617844,0.0671699270606041,-0.002295941114425659,-0.037266829110516826,0.014155741780996323,0.015137185342609882,-0.0009814435616135597,-0.073551003007879
DE17,Munster,val,secondary,subpixel_lt_10m,retain_major_candidate,10918,351466.8440985506,6.4,3.0,9.600000000000001,23549,23546,0.9998726060554588,0.06890792399644852,0.0682147741317749,0.0006931498646736145,0.010513802438201336,0.015146126039326191,0.015252655372023582,-0.00010652933269739151,-0.007790922521238837
DE17,Munster,val,secondary_link,subpixel_lt_10m,retain_major_candidate,433,3702.1315062963436,3.2,3.2,9.600000000000001,160,160,1.0,0.0801304429769516,0.08392708003520966,-0.0037966370582580566,-0.05341932824546876,0.015948109328746796,0.016670899465680122,-0.0007227901369333267,-0.061770067531686915
DE17,Munster,val,service,one_to_two_pixels_10_20m,likely_ignore_candidate,11,175.12270860930397,10.0,10.0,10.0,18,18,1.0,0.11685039103031158,0.1173812672495842,-0.0005308762192726135,-0.008070638960414078,0.043343015015125275,0.04306710511445999,0.0002759099006652832,0.009588562082068533
DE17,Munster,val,service,subpixel_lt_10m,likely_ignore_candidate,70758,1420345.33538984,5.0,2.0,8.0,71824,70925,0.9874832924927601,0.12267768383026123,0.12084832787513733,0.0018293559551239014,0.012433024858960527,0.024940306320786476,0.02521061711013317,-0.00027031078934669495,-0.009882271033346348
DE17,Munster,val,tertiary,one_to_two_pixels_10_20m,manual_review_candidate,2228,74384.97154826726,10.0,10.0,16.0,7572,7569,0.9996038034865293,0.07161296904087067,0.07235267758369446,-0.0007397085428237915,-0.010670394207666106,0.015703551471233368,0.01631765440106392,-0.0006141029298305511,-0.04181674685282666
DE17,Munster,val,tertiary,subpixel_lt_10m,manual_review_candidate,7582,195168.99870407928,6.4,3.0,9.600000000000001,12220,12219,0.9999181669394436,0.09103891998529434,0.09033278375864029,0.0007061362266540527,0.007483984127093174,0.019368141889572144,0.019603306427598,-0.00023516453802585602,-0.013138622020764669
DE17,Munster,val,tertiary_link,subpixel_lt_10m,manual_review_candidate,132,1147.6107821211021,3.2,3.2,7.0,53,53,1.0,0.08387105911970139,0.09766916930675507,-0.01379811018705368,-0.14868282160575916,0.014303863979876041,0.017814546823501587,-0.0035106828436255455,-0.22459031688865333
DE17,Munster,val,trunk,one_to_two_pixels_10_20m,retain_major_candidate,8,250.22389331977053,12.8,12.8,16.0,38,38,1.0,0.09391984343528748,0.08974666148424149,0.00417318195104599,0.05630225045155689,0.014555496163666248,0.01606827974319458,-0.0015127835795283318,-0.1935624599609524
DE17,Munster,val,trunk,subpixel_lt_10m,retain_major_candidate,1152,63911.84052124605,6.4,3.2,9.600000000000001,3822,3822,1.0,0.06498385965824127,0.07110519707202911,-0.006121337413787842,-0.12151741468295493,0.014122904278337955,0.015508714132010937,-0.0013858098536729813,-0.14733845518609873
DE17,Munster,val,trunk_link,one_to_two_pixels_10_20m,retain_major_candidate,2,15.930231928838822,12.8,12.8,12.8,4,4,1.0,0.052258092910051346,0.05467521399259567,-0.0024171210825443268,-0.23641725153891055,0.010013878345489502,0.00930994562804699,0.0007039327174425125,0.3124288776043766
DE17,Munster,val,trunk_link,subpixel_lt_10m,retain_major_candidate,1109,17478.618274448672,3.2,3.2,9.600000000000001,744,744,1.0,0.06544886529445648,0.07029566913843155,-0.004846803843975067,-0.0867574254372216,0.013870788738131523,0.015186654403805733,-0.0013158656656742096,-0.12029281667388361
DE17,Munster,val,unclassified,one_to_two_pixels_10_20m,manual_review_candidate,46,936.1650863715346,12.8,10.0,16.5,145,145,1.0,0.14990566670894623,0.17389707267284393,-0.023991405963897705,-0.14744594532716698,0.03237033262848854,0.031157225370407104,0.0012131072580814362,0.03998832429002031
DE17,Munster,val,unclassified,subpixel_lt_10m,manual_review_candidate,26993,1064430.2681349765,6.0,2.4,9.600000000000001,59110,59104,0.9998984943326003,0.07184794545173645,0.06967458128929138,0.0021733641624450684,0.038302390931924966,0.01641833409667015,0.016106966882944107,0.0003113672137260437,0.02397655471492844
