tile_id,city_id,city_name,split,coverage_eligible,rule_buildings,rule_roads,rule_bare_land,rule_water,selected,selection_reason,rejection_reason
DE01_r000_c000,DE01,Mannheim,train,True,False,False,False,False,False,no_training_minority_rule,no_training_minority_rule
DE01_r000_c001,DE01,Mannheim,train,True,False,False,False,False,False,no_training_minority_rule,no_training_minority_rule
DE01_r000_c002,DE01,Mannheim,train,True,True,True,False,False,True,buildings>=0.075000+roads>=0.075000,
DE01_r000_c003,DE01,Mannheim,train,True,False,False,False,True,True,water>=0.050000,
DE01_r000_c004,DE01,Mannheim,train,True,False,False,False,True,True,water>=0.050000,
DE01_r000_c005,DE01,Mannheim,train,True,False,False,False,True,True,water>=0.050000,
DE01_r000_c006,DE01,Mannheim,train,True,False,False,False,False,False,no_training_minority_rule,no_training_minority_rule
DE01_r000_c007,DE01,Mannheim,train,True,False,False,False,False,False,no_training_minority_rule,no_training_minority_rule
DE01_r000_c008,DE01,Mannheim,train,True,False,False,True,False,True,bare_land>=0.005000,
DE01_r000_c009,DE01,Mannheim,train,True,False,False,False,False,False,no_training_minority_rule,no_training_minority_rule
DE01_r000_c010,DE01,Mannheim,train,True,False,False,False,False,False,no_training_minority_rule,no_training_minority_rule
DE01_r000_c011,DE01,Mannheim,train,False,False,False,False,False,False,coverage_gate_failed,coverage_gate_failed
DE01_r001_c000,DE01,Mannheim,train,True,False,False,False,False,False,no_training_minority_rule,no_training_minority_rule
DE01_r001_c001,DE01,Mannheim,train,True,False,False,False,False,False,no_training_minority_rule,no_training_minority_rule
DE01_r001_c002,DE01,Mannheim,train,True,False,False,False,False,False,no_training_minority_rule,no_training_minority_rule
DE01_r001_c003,DE01,Mannheim,train,True,False,False,False,True,True,water>=0.050000,
DE01_r001_c004,DE01,Mannheim,train,True,False,False,False,True,True,water>=0.050000,
DE01_r001_c005,DE01,Mannheim,train,True,False,False,False,False,False,no_training_minority_rule,no_training_minority_rule
DE01_r001_c006,DE01,Mannheim,train,True,True,True,False,False,True,buildings>=0.075000+roads>=0.075000,
DE01_r001_c007,DE01,Mannheim,train,True,False,False,False,False,False,no_training_minority_rule,no_training_minority_rule
DE01_r001_c008,DE01,Mannheim,train,True,False,False,False,False,False,no_training_minority_rule,no_training_minority_rule
DE01_r001_c009,DE01,Mannheim,train,True,False,False,False,False,False,no_training_minority_rule,no_training_minority_rule
DE01_r001_c010,DE01,Mannheim,train,True,False,False,False,False,False,no_training_minority_rule,no_training_minority_rule
DE01_r001_c011,DE01,Mannheim,train,False,True,False,False,False,False,coverage_gate_failed,coverage_gate_failed
DE01_r002_c000,DE01,Mannheim,train,True,False,False,False,False,False,no_training_minority_rule,no_training_minority_rule
DE01_r002_c001,DE01,Mannheim,train,True,False,False,False,False,False,no_training_minority_rule,no_training_minority_rule
DE01_r002_c002,DE01,Mannheim,train,True,False,False,False,False,False,no_training_minority_rule,no_training_minority_rule
DE01_r002_c003,DE01,Mannheim,train,True,False,False,False,True,True,water>=0.050000,
DE01_r002_c004,DE01,Mannheim,train,True,False,False,False,True,True,water>=0.050000,
DE01_r002_c005,DE01,Mannheim,train,True,False,False,False,False,False,no_training_minority_rule,no_training_minority_rule
DE01_r002_c006,DE01,Mannheim,train,True,False,False,False,False,False,no_training_minority_rule,no_training_minority_rule
DE01_r002_c007,DE01,Mannheim,train,True,False,False,False,False,False,no_training_minority_rule,no_training_minority_rule
DE01_r002_c008,DE01,Mannheim,train,True,False,False,False,False,False,no_training_minority_rule,no_training_minority_rule
DE01_r002_c009,DE01,Mannheim,train,True,False,False,False,False,False,no_training_minority_rule,no_training_minority_rule
DE01_r002_c010,DE01,Mannheim,train,True,False,False,False,False,False,no_training_minority_rule,no_training_minority_rule
DE01_r002_c011,DE01,Mannheim,train,False,True,True,False,False,False,coverage_gate_failed,coverage_gate_failed
DE01_r003_c000,DE01,Mannheim,train,True,False,False,True,False,True,bare_land>=0.005000,
DE01_r003_c001,DE01,Mannheim,train,True,False,False,False,False,False,no_training_minority_rule,no_training_minority_rule
DE01_r003_c002,DE01,Mannheim,train,True,True,True,False,False,True,buildings>=0.075000+roads>=0.075000,
DE01_r003_c003,DE01,Mannheim,train,True,True,True,False,False,True,buildings>=0.075000+roads>=0.075000,
DE01_r003_c004,DE01,Mannheim,train,True,True,True,False,True,True,buildings>=0.075000+roads>=0.075000+water>=0.050000,
DE01_r003_c005,DE01,Mannheim,train,True,True,True,False,True,True,buildings>=0.075000+roads>=0.075000+water>=0.050000,
DE01_r003_c006,DE01,Mannheim,train,True,True,True,False,False,True,buildings>=0.075000+roads>=0.075000,
DE01_r003_c007,DE01,Mannheim,train,True,False,False,False,False,False,no_training_minority_rule,no_training_minority_rule
DE01_r003_c008,DE01,Mannheim,train,True,True,True,True,False,True,buildings>=0.075000+roads>=0.075000+bare_land>=0.005000,
DE01_r003_c009,DE01,Mannheim,train,True,True,True,False,False,True,buildings>=0.075000+roads>=0.075000,
DE01_r003_c010,DE01,Mannheim,train,True,True,True,False,True,True,buildings>=0.075000+roads>=0.075000+water>=0.050000,
DE01_r003_c011,DE01,Mannheim,train,False,True,True,False,False,False,coverage_gate_failed,coverage_gate_failed
DE01_r004_c000,DE01,Mannheim,train,True,False,False,False,False,False,no_training_minority_rule,no_training_minority_rule
DE01_r004_c001,DE01,Mannheim,train,True,False,False,False,False,False,no_training_minority_rule,no_training_minority_rule
DE01_r004_c002,DE01,Mannheim,train,True,True,True,False,False,True,buildings>=0.075000+roads>=0.075000,
DE01_r004_c003,DE01,Mannheim,train,True,True,False,False,False,True,buildings>=0.075000,
DE01_r004_c004,DE01,Mannheim,train,True,True,True,False,True,True,buildings>=0.075000+roads>=0.075000+water>=0.050000,
DE01_r004_c005,DE01,Mannheim,train,True,True,True,True,True,True,buildings>=0.075000+roads>=0.075000+bare_land>=0.005000+water>=0.050000,
DE01_r004_c006,DE01,Mannheim,train,True,True,True,False,False,True,buildings>=0.075000+roads>=0.075000,
DE01_r004_c007,DE01,Mannheim,train,True,True,True,True,False,True,buildings>=0.075000+roads>=0.075000+bare_land>=0.005000,
DE01_r004_c008,DE01,Mannheim,train,True,True,True,False,False,True,buildings>=0.075000+roads>=0.075000,
DE01_r004_c009,DE01,Mannheim,train,True,False,False,True,False,True,bare_land>=0.005000,
DE01_r004_c010,DE01,Mannheim,train,True,False,False,False,False,False,no_training_minority_rule,no_training_minority_rule
DE01_r004_c011,DE01,Mannheim,train,False,True,True,False,False,False,coverage_gate_failed,coverage_gate_failed
DE01_r005_c000,DE01,Mannheim,train,True,False,False,False,False,False,no_training_minority_rule,no_training_minority_rule
DE01_r005_c001,DE01,Mannheim,train,True,False,False,False,False,False,no_training_minority_rule,no_training_minority_rule
DE01_r005_c002,DE01,Mannheim,train,True,True,False,False,False,True,buildings>=0.075000,
DE01_r005_c003,DE01,Mannheim,train,True,True,True,False,True,True,buildings>=0.075000+roads>=0.075000+water>=0.050000,
DE01_r005_c004,DE01,Mannheim,train,True,True,True,True,False,True,buildings>=0.075000+roads>=0.075000+bare_land>=0.005000,
DE01_r005_c005,DE01,Mannheim,train,True,True,True,False,True,True,buildings>=0.075000+roads>=0.075000+water>=0.050000,
DE01_r005_c006,DE01,Mannheim,train,True,True,True,False,True,True,buildings>=0.075000+roads>=0.075000+water>=0.050000,
DE01_r005_c007,DE01,Mannheim,train,True,True,True,True,False,True,buildings>=0.075000+roads>=0.075000+bare_land>=0.005000,
DE01_r005_c008,DE01,Mannheim,train,True,False,False,False,False,False,no_training_minority_rule,no_training_minority_rule
DE01_r005_c009,DE01,Mannheim,train,True,False,False,True,False,True,bare_land>=0.005000,
DE01_r005_c010,DE01,Mannheim,train,True,False,False,False,False,False,no_training_minority_rule,no_training_minority_rule
DE01_r005_c011,DE01,Mannheim,train,False,True,True,False,False,False,coverage_gate_failed,coverage_gate_failed
DE01_r006_c000,DE01,Mannheim,train,True,True,True,False,False,True,buildings>=0.075000+roads>=0.075000,
DE01_r006_c001,DE01,Mannheim,train,True,False,False,False,False,False,no_training_minority_rule,no_training_minority_rule
DE01_r006_c002,DE01,Mannheim,train,True,False,False,False,False,False,no_training_minority_rule,no_training_minority_rule
DE01_r006_c003,DE01,Mannheim,train,True,False,False,False,False,False,no_training_minority_rule,no_training_minority_rule
DE01_r006_c004,DE01,Mannheim,train,True,True,True,True,False,True,buildings>=0.075000+roads>=0.075000+bare_land>=0.005000,
DE01_r006_c005,DE01,Mannheim,train,True,True,True,False,True,True,buildings>=0.075000+roads>=0.075000+water>=0.050000,
DE01_r006_c006,DE01,Mannheim,train,False,True,True,False,False,False,coverage_gate_failed,coverage_gate_failed
DE01_r006_c007,DE01,Mannheim,train,True,True,True,False,True,True,buildings>=0.075000+roads>=0.075000+water>=0.050000,
DE01_r006_c008,DE01,Mannheim,train,True,True,True,False,True,True,buildings>=0.075000+roads>=0.075000+water>=0.050000,
DE01_r006_c009,DE01,Mannheim,train,True,True,True,False,True,True,buildings>=0.075000+roads>=0.075000+water>=0.050000,
DE01_r006_c010,DE01,Mannheim,train,True,False,False,False,False,False,no_training_minority_rule,no_training_minority_rule
DE01_r006_c011,DE01,Mannheim,train,False,True,True,False,False,False,coverage_gate_failed,coverage_gate_failed
DE01_r007_c000,DE01,Mannheim,train,True,False,False,False,False,False,no_training_minority_rule,no_training_minority_rule
DE01_r007_c001,DE01,Mannheim,train,True,False,False,False,False,False,no_training_minority_rule,no_training_minority_rule
DE01_r007_c002,DE01,Mannheim,train,True,True,False,False,False,True,buildings>=0.075000,
DE01_r007_c003,DE01,Mannheim,train,True,True,False,False,False,True,buildings>=0.075000,
DE01_r007_c004,DE01,Mannheim,train,True,True,True,False,False,True,buildings>=0.075000+roads>=0.075000,
DE01_r007_c005,DE01,Mannheim,train,True,False,False,True,True,True,bare_land>=0.005000+water>=0.050000,
DE01_r007_c006,DE01,Mannheim,train,True,True,True,False,True,True,buildings>=0.075000+roads>=0.075000+water>=0.050000,
DE01_r007_c007,DE01,Mannheim,train,True,True,True,False,False,True,buildings>=0.075000+roads>=0.075000,
DE01_r007_c008,DE01,Mannheim,train,True,True,True,False,False,True,buildings>=0.075000+roads>=0.075000,
DE01_r007_c009,DE01,Mannheim,train,True,True,True,False,False,True,buildings>=0.075000+roads>=0.075000,
DE01_r007_c010,DE01,Mannheim,train,True,False,False,False,False,False,no_training_minority_rule,no_training_minority_rule
DE01_r007_c011,DE01,Mannheim,train,False,True,True,False,False,False,coverage_gate_failed,coverage_gate_failed
DE01_r008_c000,DE01,Mannheim,train,True,False,False,False,False,False,no_training_minority_rule,no_training_minority_rule
DE01_r008_c001,DE01,Mannheim,train,True,True,False,False,False,True,buildings>=0.075000,
DE01_r008_c002,DE01,Mannheim,train,True,False,False,True,False,True,bare_land>=0.005000,
DE01_r008_c003,DE01,Mannheim,train,True,True,True,False,False,True,buildings>=0.075000+roads>=0.075000,
DE01_r008_c004,DE01,Mannheim,train,True,True,True,False,False,True,buildings>=0.075000+roads>=0.075000,
DE01_r008_c005,DE01,Mannheim,train,True,False,False,False,True,True,water>=0.050000,
DE01_r008_c006,DE01,Mannheim,train,True,True,False,False,True,True,buildings>=0.075000+water>=0.050000,
DE01_r008_c007,DE01,Mannheim,train,True,True,True,False,True,True,buildings>=0.075000+roads>=0.075000+water>=0.050000,
DE01_r008_c008,DE01,Mannheim,train,True,False,False,False,False,False,no_training_minority_rule,no_training_minority_rule
DE01_r008_c009,DE01,Mannheim,train,True,False,False,False,False,False,no_training_minority_rule,no_training_minority_rule
DE01_r008_c010,DE01,Mannheim,train,True,True,True,False,False,True,buildings>=0.075000+roads>=0.075000,
DE01_r008_c011,DE01,Mannheim,train,False,True,True,False,False,False,coverage_gate_failed,coverage_gate_failed
DE01_r009_c000,DE01,Mannheim,train,True,False,False,False,False,False,no_training_minority_rule,no_training_minority_rule
DE01_r009_c001,DE01,Mannheim,train,True,False,False,False,False,False,no_training_minority_rule,no_training_minority_rule
DE01_r009_c002,DE01,Mannheim,train,True,False,False,False,False,False,no_training_minority_rule,no_training_minority_rule
DE01_r009_c003,DE01,Mannheim,train,True,False,False,False,False,False,no_training_minority_rule,no_training_minority_rule
DE01_r009_c004,DE01,Mannheim,train,True,False,False,False,False,False,no_training_minority_rule,no_training_minority_rule
DE01_r009_c005,DE01,Mannheim,train,True,False,False,True,True,True,bare_land>=0.005000+water>=0.050000,
DE01_r009_c006,DE01,Mannheim,train,True,False,False,False,True,True,water>=0.050000,
DE01_r009_c007,DE01,Mannheim,train,True,True,True,False,False,True,buildings>=0.075000+roads>=0.075000,
DE01_r009_c008,DE01,Mannheim,train,True,True,True,False,False,True,buildings>=0.075000+roads>=0.075000,
DE01_r009_c009,DE01,Mannheim,train,True,False,False,False,False,False,no_training_minority_rule,no_training_minority_rule
DE01_r009_c010,DE01,Mannheim,train,True,True,True,False,False,True,buildings>=0.075000+roads>=0.075000,
DE01_r009_c011,DE01,Mannheim,train,False,True,True,False,True,False,coverage_gate_failed,coverage_gate_failed
DE01_r010_c000,DE01,Mannheim,train,True,False,False,False,False,False,no_training_minority_rule,no_training_minority_rule
DE01_r010_c001,DE01,Mannheim,train,True,False,False,False,False,False,no_training_minority_rule,no_training_minority_rule
DE01_r010_c002,DE01,Mannheim,train,True,False,False,False,False,False,no_training_minority_rule,no_training_minority_rule
DE01_r010_c003,DE01,Mannheim,train,True,True,True,True,False,True,buildings>=0.075000+roads>=0.075000+bare_land>=0.005000,
DE01_r010_c004,DE01,Mannheim,train,True,False,False,True,False,True,bare_land>=0.005000,
DE01_r010_c005,DE01,Mannheim,train,True,False,False,False,True,True,water>=0.050000,
DE01_r010_c006,DE01,Mannheim,train,True,False,False,False,True,True,water>=0.050000,
DE01_r010_c007,DE01,Mannheim,train,True,False,False,False,True,True,water>=0.050000,
DE01_r010_c008,DE01,Mannheim,train,True,True,True,False,False,True,buildings>=0.075000+roads>=0.075000,
DE01_r010_c009,DE01,Mannheim,train,True,True,True,True,False,True,buildings>=0.075000+roads>=0.075000+bare_land>=0.005000,
DE01_r010_c010,DE01,Mannheim,train,False,True,True,False,False,False,coverage_gate_failed,coverage_gate_failed
DE01_r010_c011,DE01,Mannheim,train,False,True,True,False,False,False,coverage_gate_failed,coverage_gate_failed
DE01_r011_c000,DE01,Mannheim,train,False,True,False,False,False,False,coverage_gate_failed,coverage_gate_failed
DE01_r011_c001,DE01,Mannheim,train,False,True,False,False,False,False,coverage_gate_failed,coverage_gate_failed
DE01_r011_c002,DE01,Mannheim,train,False,False,False,False,False,False,coverage_gate_failed,coverage_gate_failed
DE01_r011_c003,DE01,Mannheim,train,False,False,False,False,False,False,coverage_gate_failed,coverage_gate_failed
DE01_r011_c004,DE01,Mannheim,train,False,False,True,False,False,False,coverage_gate_failed,coverage_gate_failed
DE01_r011_c005,DE01,Mannheim,train,False,False,False,False,True,False,coverage_gate_failed,coverage_gate_failed
DE01_r011_c006,DE01,Mannheim,train,False,False,False,False,True,False,coverage_gate_failed,coverage_gate_failed
DE01_r011_c007,DE01,Mannheim,train,False,True,True,False,True,False,coverage_gate_failed,coverage_gate_failed
DE01_r011_c008,DE01,Mannheim,train,False,False,False,False,False,False,coverage_gate_failed,coverage_gate_failed
DE01_r011_c009,DE01,Mannheim,train,False,False,False,False,False,False,coverage_gate_failed,coverage_gate_failed
DE01_r011_c010,DE01,Mannheim,train,False,False,False,False,False,False,coverage_gate_failed,coverage_gate_failed
DE01_r011_c011,DE01,Mannheim,train,False,False,False,False,False,False,coverage_gate_failed,coverage_gate_failed
DE02_r000_c000,DE02,Heidelberg,train,True,True,True,False,True,True,buildings>=0.075000+roads>=0.075000+water>=0.050000,
DE02_r000_c001,DE02,Heidelberg,train,False,True,True,False,False,False,coverage_gate_failed,coverage_gate_failed
DE02_r000_c002,DE02,Heidelberg,train,True,True,True,False,False,True,buildings>=0.075000+roads>=0.075000,
DE02_r000_c003,DE02,Heidelberg,train,False,True,True,False,False,False,coverage_gate_failed,coverage_gate_failed
DE02_r000_c004,DE02,Heidelberg,train,False,True,True,False,True,False,coverage_gate_failed,coverage_gate_failed
DE02_r000_c005,DE02,Heidelberg,train,False,True,True,False,False,False,coverage_gate_failed,coverage_gate_failed
DE02_r000_c006,DE02,Heidelberg,train,False,True,True,False,False,False,coverage_gate_failed,coverage_gate_failed
DE02_r000_c007,DE02,Heidelberg,train,False,True,True,False,False,False,coverage_gate_failed,coverage_gate_failed
DE02_r000_c008,DE02,Heidelberg,train,True,False,False,False,False,False,no_training_minority_rule,no_training_minority_rule
DE02_r000_c009,DE02,Heidelberg,train,True,False,False,False,False,False,no_training_minority_rule,no_training_minority_rule
DE02_r000_c010,DE02,Heidelberg,train,True,False,False,False,False,False,no_training_minority_rule,no_training_minority_rule
DE02_r000_c011,DE02,Heidelberg,train,False,False,False,False,False,False,coverage_gate_failed,coverage_gate_failed
DE02_r001_c000,DE02,Heidelberg,train,False,True,True,False,False,False,coverage_gate_failed,coverage_gate_failed
DE02_r001_c001,DE02,Heidelberg,train,False,True,True,False,False,False,coverage_gate_failed,coverage_gate_failed
DE02_r001_c002,DE02,Heidelberg,train,False,True,True,False,False,False,coverage_gate_failed,coverage_gate_failed
DE02_r001_c003,DE02,Heidelberg,train,True,False,False,False,False,False,no_training_minority_rule,no_training_minority_rule
DE02_r001_c004,DE02,Heidelberg,train,True,True,False,False,False,True,buildings>=0.075000,
DE02_r001_c005,DE02,Heidelberg,train,True,True,True,False,False,True,buildings>=0.075000+roads>=0.075000,
DE02_r001_c006,DE02,Heidelberg,train,False,False,False,False,False,False,coverage_gate_failed,coverage_gate_failed
DE02_r001_c007,DE02,Heidelberg,train,True,False,False,False,False,False,no_training_minority_rule,no_training_minority_rule
DE02_r001_c008,DE02,Heidelberg,train,True,False,False,False,False,False,no_training_minority_rule,no_training_minority_rule
DE02_r001_c009,DE02,Heidelberg,train,True,False,False,False,False,False,no_training_minority_rule,no_training_minority_rule
DE02_r001_c010,DE02,Heidelberg,train,True,False,False,False,False,False,no_training_minority_rule,no_training_minority_rule
DE02_r001_c011,DE02,Heidelberg,train,False,False,False,False,False,False,coverage_gate_failed,coverage_gate_failed
DE02_r002_c000,DE02,Heidelberg,train,False,True,True,False,False,False,coverage_gate_failed,coverage_gate_failed
DE02_r002_c001,DE02,Heidelberg,train,False,True,True,False,True,False,coverage_gate_failed,coverage_gate_failed
DE02_r002_c002,DE02,Heidelberg,train,False,True,True,False,True,False,coverage_gate_failed,coverage_gate_failed
DE02_r002_c003,DE02,Heidelberg,train,False,True,True,False,True,False,coverage_gate_failed,coverage_gate_failed
DE02_r002_c004,DE02,Heidelberg,train,True,True,True,False,False,True,buildings>=0.075000+roads>=0.075000,
DE02_r002_c005,DE02,Heidelberg,train,True,True,True,False,False,True,buildings>=0.075000+roads>=0.075000,
DE02_r002_c006,DE02,Heidelberg,train,True,False,False,False,False,False,no_training_minority_rule,no_training_minority_rule
DE02_r002_c007,DE02,Heidelberg,train,True,False,False,False,False,False,no_training_minority_rule,no_training_minority_rule
DE02_r002_c008,DE02,Heidelberg,train,True,False,False,False,False,False,no_training_minority_rule,no_training_minority_rule
DE02_r002_c009,DE02,Heidelberg,train,True,False,False,False,False,False,no_training_minority_rule,no_training_minority_rule
DE02_r002_c010,DE02,Heidelberg,train,True,False,False,False,False,False,no_training_minority_rule,no_training_minority_rule
DE02_r002_c011,DE02,Heidelberg,train,False,False,False,False,False,False,coverage_gate_failed,coverage_gate_failed
DE02_r003_c000,DE02,Heidelberg,train,False,True,True,False,True,False,coverage_gate_failed,coverage_gate_failed
DE02_r003_c001,DE02,Heidelberg,train,False,True,True,False,False,False,coverage_gate_failed,coverage_gate_failed
DE02_r003_c002,DE02,Heidelberg,train,False,True,True,False,False,False,coverage_gate_failed,coverage_gate_failed
DE02_r003_c003,DE02,Heidelberg,train,False,True,True,False,False,False,coverage_gate_failed,coverage_gate_failed
DE02_r003_c004,DE02,Heidelberg,train,True,False,False,False,True,True,water>=0.050000,
DE02_r003_c005,DE02,Heidelberg,train,True,True,False,False,False,True,buildings>=0.075000,
DE02_r003_c006,DE02,Heidelberg,train,True,False,False,False,False,False,no_training_minority_rule,no_training_minority_rule
DE02_r003_c007,DE02,Heidelberg,train,True,False,False,False,False,False,no_training_minority_rule,no_training_minority_rule
DE02_r003_c008,DE02,Heidelberg,train,True,False,False,False,False,False,no_training_minority_rule,no_training_minority_rule
DE02_r003_c009,DE02,Heidelberg,train,True,False,False,False,False,False,no_training_minority_rule,no_training_minority_rule
DE02_r003_c010,DE02,Heidelberg,train,True,False,False,False,False,False,no_training_minority_rule,no_training_minority_rule
DE02_r003_c011,DE02,Heidelberg,train,False,False,False,False,False,False,coverage_gate_failed,coverage_gate_failed
DE02_r004_c000,DE02,Heidelberg,train,False,True,True,False,True,False,coverage_gate_failed,coverage_gate_failed
DE02_r004_c001,DE02,Heidelberg,train,False,True,True,False,True,False,coverage_gate_failed,coverage_gate_failed
DE02_r004_c002,DE02,Heidelberg,train,True,False,False,False,False,False,no_training_minority_rule,no_training_minority_rule
DE02_r004_c003,DE02,Heidelberg,train,True,False,False,False,False,False,no_training_minority_rule,no_training_minority_rule
DE02_r004_c004,DE02,Heidelberg,train,True,False,False,False,False,False,no_training_minority_rule,no_training_minority_rule
DE02_r004_c005,DE02,Heidelberg,train,True,True,False,False,True,True,buildings>=0.075000+water>=0.050000,
DE02_r004_c006,DE02,Heidelberg,train,True,True,False,False,False,True,buildings>=0.075000,
DE02_r004_c007,DE02,Heidelberg,train,True,False,False,False,False,False,no_training_minority_rule,no_training_minority_rule
DE02_r004_c008,DE02,Heidelberg,train,True,False,False,False,False,False,no_training_minority_rule,no_training_minority_rule
DE02_r004_c009,DE02,Heidelberg,train,True,False,False,False,False,False,no_training_minority_rule,no_training_minority_rule
DE02_r004_c010,DE02,Heidelberg,train,True,False,False,False,False,False,no_training_minority_rule,no_training_minority_rule
DE02_r004_c011,DE02,Heidelberg,train,False,False,False,False,False,False,coverage_gate_failed,coverage_gate_failed
DE02_r005_c000,DE02,Heidelberg,train,True,False,False,False,True,True,water>=0.050000,
DE02_r005_c001,DE02,Heidelberg,train,False,True,True,False,True,False,coverage_gate_failed,coverage_gate_failed
DE02_r005_c002,DE02,Heidelberg,train,False,True,True,False,False,False,coverage_gate_failed,coverage_gate_failed
DE02_r005_c003,DE02,Heidelberg,train,True,False,False,False,False,False,no_training_minority_rule,no_training_minority_rule
DE02_r005_c004,DE02,Heidelberg,train,True,True,True,False,False,True,buildings>=0.075000+roads>=0.075000,
DE02_r005_c005,DE02,Heidelberg,train,True,True,True,True,True,True,buildings>=0.075000+roads>=0.075000+bare_land>=0.005000+water>=0.050000,
DE02_r005_c006,DE02,Heidelberg,train,True,True,True,False,True,True,buildings>=0.075000+roads>=0.075000+water>=0.050000,
DE02_r005_c007,DE02,Heidelberg,train,True,False,False,False,True,True,water>=0.050000,
DE02_r005_c008,DE02,Heidelberg,train,True,False,False,False,True,True,water>=0.050000,
DE02_r005_c009,DE02,Heidelberg,train,True,False,False,False,False,False,no_training_minority_rule,no_training_minority_rule
DE02_r005_c010,DE02,Heidelberg,train,True,False,False,False,True,True,water>=0.050000,
DE02_r005_c011,DE02,Heidelberg,train,False,False,False,False,True,False,coverage_gate_failed,coverage_gate_failed
DE02_r006_c000,DE02,Heidelberg,train,True,False,False,False,True,True,water>=0.050000,
DE02_r006_c001,DE02,Heidelberg,train,True,False,False,False,True,True,water>=0.050000,
DE02_r006_c002,DE02,Heidelberg,train,True,True,True,False,False,True,buildings>=0.075000+roads>=0.075000,
DE02_r006_c003,DE02,Heidelberg,train,True,True,True,False,False,True,buildings>=0.075000+roads>=0.075000,
DE02_r006_c004,DE02,Heidelberg,train,True,True,False,False,False,True,buildings>=0.075000,
DE02_r006_c005,DE02,Heidelberg,train,True,True,True,True,False,True,buildings>=0.075000+roads>=0.075000+bare_land>=0.005000,
DE02_r006_c006,DE02,Heidelberg,train,True,True,True,False,False,True,buildings>=0.075000+roads>=0.075000,
DE02_r006_c007,DE02,Heidelberg,train,True,False,False,False,False,False,no_training_minority_rule,no_training_minority_rule
DE02_r006_c008,DE02,Heidelberg,train,True,False,False,False,False,False,no_training_minority_rule,no_training_minority_rule
DE02_r006_c009,DE02,Heidelberg,train,True,False,False,False,False,False,no_training_minority_rule,no_training_minority_rule
DE02_r006_c010,DE02,Heidelberg,train,True,False,False,False,False,False,no_training_minority_rule,no_training_minority_rule
DE02_r006_c011,DE02,Heidelberg,train,False,False,False,False,False,False,coverage_gate_failed,coverage_gate_failed
DE02_r007_c000,DE02,Heidelberg,train,True,False,False,False,True,True,water>=0.050000,
DE02_r007_c001,DE02,Heidelberg,train,True,True,True,False,True,True,buildings>=0.075000+roads>=0.075000+water>=0.050000,
DE02_r007_c002,DE02,Heidelberg,train,True,False,False,False,False,False,no_training_minority_rule,no_training_minority_rule
DE02_r007_c003,DE02,Heidelberg,train,True,True,False,False,False,True,buildings>=0.075000,
DE02_r007_c004,DE02,Heidelberg,train,True,False,False,False,False,False,no_training_minority_rule,no_training_minority_rule
DE02_r007_c005,DE02,Heidelberg,train,True,False,False,False,False,False,no_training_minority_rule,no_training_minority_rule
DE02_r007_c006,DE02,Heidelberg,train,True,True,True,False,False,True,buildings>=0.075000+roads>=0.075000,
DE02_r007_c007,DE02,Heidelberg,train,True,False,False,False,False,False,no_training_minority_rule,no_training_minority_rule
DE02_r007_c008,DE02,Heidelberg,train,True,False,False,False,False,False,no_training_minority_rule,no_training_minority_rule
DE02_r007_c009,DE02,Heidelberg,train,True,False,False,False,False,False,no_training_minority_rule,no_training_minority_rule
DE02_r007_c010,DE02,Heidelberg,train,True,False,False,False,False,False,no_training_minority_rule,no_training_minority_rule
DE02_r007_c011,DE02,Heidelberg,train,False,False,False,False,False,False,coverage_gate_failed,coverage_gate_failed
DE02_r008_c000,DE02,Heidelberg,train,True,False,False,False,True,True,water>=0.050000,
DE02_r008_c001,DE02,Heidelberg,train,False,True,True,False,False,False,coverage_gate_failed,coverage_gate_failed
DE02_r008_c002,DE02,Heidelberg,train,True,True,True,False,False,True,buildings>=0.075000+roads>=0.075000,
DE02_r008_c003,DE02,Heidelberg,train,True,False,False,False,False,False,no_training_minority_rule,no_training_minority_rule
DE02_r008_c004,DE02,Heidelberg,train,True,False,False,False,False,False,no_training_minority_rule,no_training_minority_rule
DE02_r008_c005,DE02,Heidelberg,train,True,True,True,False,False,True,buildings>=0.075000+roads>=0.075000,
DE02_r008_c006,DE02,Heidelberg,train,True,True,True,False,False,True,buildings>=0.075000+roads>=0.075000,
DE02_r008_c007,DE02,Heidelberg,train,True,False,False,False,False,False,no_training_minority_rule,no_training_minority_rule
DE02_r008_c008,DE02,Heidelberg,train,True,False,False,False,False,False,no_training_minority_rule,no_training_minority_rule
DE02_r008_c009,DE02,Heidelberg,train,True,False,False,True,False,True,bare_land>=0.005000,
DE02_r008_c010,DE02,Heidelberg,train,True,False,False,False,False,False,no_training_minority_rule,no_training_minority_rule
DE02_r008_c011,DE02,Heidelberg,train,False,False,False,True,False,False,coverage_gate_failed,coverage_gate_failed
DE02_r009_c000,DE02,Heidelberg,train,True,False,False,False,True,True,water>=0.050000,
DE02_r009_c001,DE02,Heidelberg,train,False,False,False,False,False,False,coverage_gate_failed,coverage_gate_failed
DE02_r009_c002,DE02,Heidelberg,train,False,True,True,False,False,False,coverage_gate_failed,coverage_gate_failed
DE02_r009_c003,DE02,Heidelberg,train,True,False,False,False,False,False,no_training_minority_rule,no_training_minority_rule
DE02_r009_c004,DE02,Heidelberg,train,True,False,False,False,False,False,no_training_minority_rule,no_training_minority_rule
DE02_r009_c005,DE02,Heidelberg,train,True,False,False,False,False,False,no_training_minority_rule,no_training_minority_rule
DE02_r009_c006,DE02,Heidelberg,train,True,True,False,True,False,True,buildings>=0.075000+bare_land>=0.005000,
DE02_r009_c007,DE02,Heidelberg,train,True,False,False,True,False,True,bare_land>=0.005000,
DE02_r009_c008,DE02,Heidelberg,train,True,False,False,False,False,False,no_training_minority_rule,no_training_minority_rule
DE02_r009_c009,DE02,Heidelberg,train,True,False,False,False,False,False,no_training_minority_rule,no_training_minority_rule
DE02_r009_c010,DE02,Heidelberg,train,True,False,False,False,False,False,no_training_minority_rule,no_training_minority_rule
DE02_r009_c011,DE02,Heidelberg,train,False,True,True,False,False,False,coverage_gate_failed,coverage_gate_failed
DE02_r010_c000,DE02,Heidelberg,train,True,True,True,False,True,True,buildings>=0.075000+roads>=0.075000+water>=0.050000,
DE02_r010_c001,DE02,Heidelberg,train,False,True,True,False,False,False,coverage_gate_failed,coverage_gate_failed
DE02_r010_c002,DE02,Heidelberg,train,False,True,True,False,False,False,coverage_gate_failed,coverage_gate_failed
DE02_r010_c003,DE02,Heidelberg,train,True,False,False,True,False,True,bare_land>=0.005000,
DE02_r010_c004,DE02,Heidelberg,train,True,False,False,False,False,False,no_training_minority_rule,no_training_minority_rule
DE02_r010_c005,DE02,Heidelberg,train,True,True,True,False,False,True,buildings>=0.075000+roads>=0.075000,
DE02_r010_c006,DE02,Heidelberg,train,True,True,True,True,False,True,buildings>=0.075000+roads>=0.075000+bare_land>=0.005000,
DE02_r010_c007,DE02,Heidelberg,train,True,True,True,False,False,True,buildings>=0.075000+roads>=0.075000,
DE02_r010_c008,DE02,Heidelberg,train,True,False,False,False,False,False,no_training_minority_rule,no_training_minority_rule
DE02_r010_c009,DE02,Heidelberg,train,True,False,False,False,False,False,no_training_minority_rule,no_training_minority_rule
DE02_r010_c010,DE02,Heidelberg,train,True,False,False,False,False,False,no_training_minority_rule,no_training_minority_rule
DE02_r010_c011,DE02,Heidelberg,train,False,False,False,False,False,False,coverage_gate_failed,coverage_gate_failed
DE02_r011_c000,DE02,Heidelberg,train,False,True,True,False,True,False,coverage_gate_failed,coverage_gate_failed
DE02_r011_c001,DE02,Heidelberg,train,False,False,False,False,True,False,coverage_gate_failed,coverage_gate_failed
DE02_r011_c002,DE02,Heidelberg,train,False,False,False,False,False,False,coverage_gate_failed,coverage_gate_failed
DE02_r011_c003,DE02,Heidelberg,train,False,True,True,False,True,False,coverage_gate_failed,coverage_gate_failed
DE02_r011_c004,DE02,Heidelberg,train,False,True,True,False,False,False,coverage_gate_failed,coverage_gate_failed
DE02_r011_c005,DE02,Heidelberg,train,False,False,False,False,False,False,coverage_gate_failed,coverage_gate_failed
DE02_r011_c006,DE02,Heidelberg,train,False,True,True,False,False,False,coverage_gate_failed,coverage_gate_failed
DE02_r011_c007,DE02,Heidelberg,train,False,False,False,False,False,False,coverage_gate_failed,coverage_gate_failed
DE02_r011_c008,DE02,Heidelberg,train,False,False,False,False,False,False,coverage_gate_failed,coverage_gate_failed
DE02_r011_c009,DE02,Heidelberg,train,False,False,True,False,False,False,coverage_gate_failed,coverage_gate_failed
DE02_r011_c010,DE02,Heidelberg,train,False,True,True,False,False,False,coverage_gate_failed,coverage_gate_failed
DE02_r011_c011,DE02,Heidelberg,train,False,False,False,False,False,False,coverage_gate_failed,coverage_gate_failed
DE03_r000_c000,DE03,Karlsruhe,train,True,False,False,False,False,False,no_training_minority_rule,no_training_minority_rule
DE03_r000_c001,DE03,Karlsruhe,train,True,False,False,False,False,False,no_training_minority_rule,no_training_minority_rule
DE03_r000_c002,DE03,Karlsruhe,train,True,False,False,False,False,False,no_training_minority_rule,no_training_minority_rule
DE03_r000_c003,DE03,Karlsruhe,train,True,False,False,True,True,True,bare_land>=0.005000+water>=0.050000,
DE03_r000_c004,DE03,Karlsruhe,train,True,False,False,False,True,True,water>=0.050000,
DE03_r000_c005,DE03,Karlsruhe,train,True,False,False,False,True,True,water>=0.050000,
DE03_r000_c006,DE03,Karlsruhe,train,True,True,True,False,False,True,buildings>=0.075000+roads>=0.075000,
DE03_r000_c007,DE03,Karlsruhe,train,True,False,False,False,False,False,no_training_minority_rule,no_training_minority_rule
DE03_r000_c008,DE03,Karlsruhe,train,True,False,False,False,True,True,water>=0.050000,
DE03_r000_c009,DE03,Karlsruhe,train,True,True,False,False,False,True,buildings>=0.075000,
DE03_r000_c010,DE03,Karlsruhe,train,True,True,True,False,False,True,buildings>=0.075000+roads>=0.075000,
DE03_r000_c011,DE03,Karlsruhe,train,False,True,True,False,False,False,coverage_gate_failed,coverage_gate_failed
DE03_r001_c000,DE03,Karlsruhe,train,True,False,False,False,False,False,no_training_minority_rule,no_training_minority_rule
DE03_r001_c001,DE03,Karlsruhe,train,True,False,False,False,False,False,no_training_minority_rule,no_training_minority_rule
DE03_r001_c002,DE03,Karlsruhe,train,True,True,False,False,False,True,buildings>=0.075000,
DE03_r001_c003,DE03,Karlsruhe,train,True,False,False,True,True,True,bare_land>=0.005000+water>=0.050000,
DE03_r001_c004,DE03,Karlsruhe,train,True,False,False,False,True,True,water>=0.050000,
DE03_r001_c005,DE03,Karlsruhe,train,True,False,False,False,True,True,water>=0.050000,
DE03_r001_c006,DE03,Karlsruhe,train,True,False,False,False,False,False,no_training_minority_rule,no_training_minority_rule
DE03_r001_c007,DE03,Karlsruhe,train,True,False,False,False,False,False,no_training_minority_rule,no_training_minority_rule
DE03_r001_c008,DE03,Karlsruhe,train,True,False,False,False,False,False,no_training_minority_rule,no_training_minority_rule
DE03_r001_c009,DE03,Karlsruhe,train,True,False,False,False,True,True,water>=0.050000,
DE03_r001_c010,DE03,Karlsruhe,train,True,False,False,False,False,False,no_training_minority_rule,no_training_minority_rule
DE03_r001_c011,DE03,Karlsruhe,train,False,False,False,False,False,False,coverage_gate_failed,coverage_gate_failed
DE03_r002_c000,DE03,Karlsruhe,train,True,False,False,False,False,False,no_training_minority_rule,no_training_minority_rule
DE03_r002_c001,DE03,Karlsruhe,train,True,False,False,False,False,False,no_training_minority_rule,no_training_minority_rule
DE03_r002_c002,DE03,Karlsruhe,train,True,False,False,False,True,True,water>=0.050000,
DE03_r002_c003,DE03,Karlsruhe,train,True,False,False,False,True,True,water>=0.050000,
DE03_r002_c004,DE03,Karlsruhe,train,True,False,False,False,True,True,water>=0.050000,
DE03_r002_c005,DE03,Karlsruhe,train,True,True,True,False,True,True,buildings>=0.075000+roads>=0.075000+water>=0.050000,
DE03_r002_c006,DE03,Karlsruhe,train,True,False,False,False,False,False,no_training_minority_rule,no_training_minority_rule
DE03_r002_c007,DE03,Karlsruhe,train,True,False,False,False,False,False,no_training_minority_rule,no_training_minority_rule
DE03_r002_c008,DE03,Karlsruhe,train,True,False,False,False,False,False,no_training_minority_rule,no_training_minority_rule
DE03_r002_c009,DE03,Karlsruhe,train,True,False,False,False,True,True,water>=0.050000,
DE03_r002_c010,DE03,Karlsruhe,train,True,False,False,False,False,False,no_training_minority_rule,no_training_minority_rule
DE03_r002_c011,DE03,Karlsruhe,train,False,False,False,False,False,False,coverage_gate_failed,coverage_gate_failed
DE03_r003_c000,DE03,Karlsruhe,train,True,False,False,False,False,False,no_training_minority_rule,no_training_minority_rule
DE03_r003_c001,DE03,Karlsruhe,train,True,False,False,False,False,False,no_training_minority_rule,no_training_minority_rule
DE03_r003_c002,DE03,Karlsruhe,train,True,True,True,False,True,True,buildings>=0.075000+roads>=0.075000+water>=0.050000,
DE03_r003_c003,DE03,Karlsruhe,train,True,False,False,False,True,True,water>=0.050000,
DE03_r003_c004,DE03,Karlsruhe,train,True,False,False,True,True,True,bare_land>=0.005000+water>=0.050000,
DE03_r003_c005,DE03,Karlsruhe,train,True,True,True,True,False,True,buildings>=0.075000+roads>=0.075000+bare_land>=0.005000,
DE03_r003_c006,DE03,Karlsruhe,train,True,False,False,False,False,False,no_training_minority_rule,no_training_minority_rule
DE03_r003_c007,DE03,Karlsruhe,train,True,True,False,False,False,True,buildings>=0.075000,
DE03_r003_c008,DE03,Karlsruhe,train,True,False,False,True,False,True,bare_land>=0.005000,
DE03_r003_c009,DE03,Karlsruhe,train,True,True,False,False,False,True,buildings>=0.075000,
DE03_r003_c010,DE03,Karlsruhe,train,True,False,False,False,False,False,no_training_minority_rule,no_training_minority_rule
DE03_r003_c011,DE03,Karlsruhe,train,False,False,False,False,False,False,coverage_gate_failed,coverage_gate_failed
DE03_r004_c000,DE03,Karlsruhe,train,True,False,False,False,False,False,no_training_minority_rule,no_training_minority_rule
DE03_r004_c001,DE03,Karlsruhe,train,True,False,False,False,False,False,no_training_minority_rule,no_training_minority_rule
DE03_r004_c002,DE03,Karlsruhe,train,True,True,True,False,True,True,buildings>=0.075000+roads>=0.075000+water>=0.050000,
DE03_r004_c003,DE03,Karlsruhe,train,True,False,False,False,True,True,water>=0.050000,
DE03_r004_c004,DE03,Karlsruhe,train,True,True,True,False,False,True,buildings>=0.075000+roads>=0.075000,
DE03_r004_c005,DE03,Karlsruhe,train,True,True,True,False,False,True,buildings>=0.075000+roads>=0.075000,
DE03_r004_c006,DE03,Karlsruhe,train,True,False,False,False,False,False,no_training_minority_rule,no_training_minority_rule
DE03_r004_c007,DE03,Karlsruhe,train,True,True,True,False,False,True,buildings>=0.075000+roads>=0.075000,
DE03_r004_c008,DE03,Karlsruhe,train,True,False,False,False,True,True,water>=0.050000,
DE03_r004_c009,DE03,Karlsruhe,train,True,False,False,False,False,False,no_training_minority_rule,no_training_minority_rule
DE03_r004_c010,DE03,Karlsruhe,train,True,False,False,False,False,False,no_training_minority_rule,no_training_minority_rule
DE03_r004_c011,DE03,Karlsruhe,train,False,False,False,False,False,False,coverage_gate_failed,coverage_gate_failed
DE03_r005_c000,DE03,Karlsruhe,train,True,False,False,False,False,False,no_training_minority_rule,no_training_minority_rule
DE03_r005_c001,DE03,Karlsruhe,train,True,True,False,False,True,True,buildings>=0.075000+water>=0.050000,
DE03_r005_c002,DE03,Karlsruhe,train,True,False,False,True,True,True,bare_land>=0.005000+water>=0.050000,
DE03_r005_c003,DE03,Karlsruhe,train,True,True,True,False,True,True,buildings>=0.075000+roads>=0.075000+water>=0.050000,
DE03_r005_c004,DE03,Karlsruhe,train,True,True,True,False,False,True,buildings>=0.075000+roads>=0.075000,
DE03_r005_c005,DE03,Karlsruhe,train,True,True,True,False,False,True,buildings>=0.075000+roads>=0.075000,
DE03_r005_c006,DE03,Karlsruhe,train,True,True,True,False,False,True,buildings>=0.075000+roads>=0.075000,
DE03_r005_c007,DE03,Karlsruhe,train,True,True,True,False,False,True,buildings>=0.075000+roads>=0.075000,
DE03_r005_c008,DE03,Karlsruhe,train,True,False,False,False,False,False,no_training_minority_rule,no_training_minority_rule
DE03_r005_c009,DE03,Karlsruhe,train,True,False,False,False,False,False,no_training_minority_rule,no_training_minority_rule
DE03_r005_c010,DE03,Karlsruhe,train,True,False,False,False,False,False,no_training_minority_rule,no_training_minority_rule
DE03_r005_c011,DE03,Karlsruhe,train,False,False,False,False,False,False,coverage_gate_failed,coverage_gate_failed
DE03_r006_c000,DE03,Karlsruhe,train,True,False,False,True,True,True,bare_land>=0.005000+water>=0.050000,
DE03_r006_c001,DE03,Karlsruhe,train,True,False,False,False,True,True,water>=0.050000,
DE03_r006_c002,DE03,Karlsruhe,train,True,False,False,False,True,True,water>=0.050000,
DE03_r006_c003,DE03,Karlsruhe,train,True,False,True,False,False,True,roads>=0.075000,
DE03_r006_c004,DE03,Karlsruhe,train,True,True,True,False,False,True,buildings>=0.075000+roads>=0.075000,
DE03_r006_c005,DE03,Karlsruhe,train,True,True,True,False,False,True,buildings>=0.075000+roads>=0.075000,
DE03_r006_c006,DE03,Karlsruhe,train,True,True,True,False,False,True,buildings>=0.075000+roads>=0.075000,
DE03_r006_c007,DE03,Karlsruhe,train,True,True,True,False,False,True,buildings>=0.075000+roads>=0.075000,
DE03_r006_c008,DE03,Karlsruhe,train,True,False,False,True,False,True,bare_land>=0.005000,
DE03_r006_c009,DE03,Karlsruhe,train,True,True,False,False,False,True,buildings>=0.075000,
DE03_r006_c010,DE03,Karlsruhe,train,True,False,False,False,False,False,no_training_minority_rule,no_training_minority_rule
DE03_r006_c011,DE03,Karlsruhe,train,False,False,False,False,False,False,coverage_gate_failed,coverage_gate_failed
DE03_r007_c000,DE03,Karlsruhe,train,True,False,False,False,True,True,water>=0.050000,
DE03_r007_c001,DE03,Karlsruhe,train,True,False,False,False,True,True,water>=0.050000,
DE03_r007_c002,DE03,Karlsruhe,train,True,True,True,False,True,True,buildings>=0.075000+roads>=0.075000+water>=0.050000,
DE03_r007_c003,DE03,Karlsruhe,train,True,True,False,True,True,True,buildings>=0.075000+bare_land>=0.005000+water>=0.050000,
DE03_r007_c004,DE03,Karlsruhe,train,True,False,False,False,False,False,no_training_minority_rule,no_training_minority_rule
DE03_r007_c005,DE03,Karlsruhe,train,True,False,True,False,False,True,roads>=0.075000,
DE03_r007_c006,DE03,Karlsruhe,train,True,False,False,False,False,False,no_training_minority_rule,no_training_minority_rule
DE03_r007_c007,DE03,Karlsruhe,train,True,False,False,False,False,False,no_training_minority_rule,no_training_minority_rule
DE03_r007_c008,DE03,Karlsruhe,train,True,False,False,False,False,False,no_training_minority_rule,no_training_minority_rule
DE03_r007_c009,DE03,Karlsruhe,train,True,False,False,False,False,False,no_training_minority_rule,no_training_minority_rule
DE03_r007_c010,DE03,Karlsruhe,train,True,False,False,False,False,False,no_training_minority_rule,no_training_minority_rule
DE03_r007_c011,DE03,Karlsruhe,train,False,True,True,False,False,False,coverage_gate_failed,coverage_gate_failed
DE03_r008_c000,DE03,Karlsruhe,train,True,False,False,False,False,False,no_training_minority_rule,no_training_minority_rule
DE03_r008_c001,DE03,Karlsruhe,train,True,False,False,False,False,False,no_training_minority_rule,no_training_minority_rule
DE03_r008_c002,DE03,Karlsruhe,train,True,False,False,False,False,False,no_training_minority_rule,no_training_minority_rule
DE03_r008_c003,DE03,Karlsruhe,train,True,False,False,False,False,False,no_training_minority_rule,no_training_minority_rule
DE03_r008_c004,DE03,Karlsruhe,train,True,False,False,False,False,False,no_training_minority_rule,no_training_minority_rule
DE03_r008_c005,DE03,Karlsruhe,train,True,True,True,False,False,True,buildings>=0.075000+roads>=0.075000,
DE03_r008_c006,DE03,Karlsruhe,train,True,False,False,False,False,False,no_training_minority_rule,no_training_minority_rule
DE03_r008_c007,DE03,Karlsruhe,train,True,False,False,False,False,False,no_training_minority_rule,no_training_minority_rule
DE03_r008_c008,DE03,Karlsruhe,train,True,False,False,False,False,False,no_training_minority_rule,no_training_minority_rule
DE03_r008_c009,DE03,Karlsruhe,train,True,False,False,False,False,False,no_training_minority_rule,no_training_minority_rule
DE03_r008_c010,DE03,Karlsruhe,train,True,True,True,False,False,True,buildings>=0.075000+roads>=0.075000,
DE03_r008_c011,DE03,Karlsruhe,train,False,False,False,False,False,False,coverage_gate_failed,coverage_gate_failed
DE03_r009_c000,DE03,Karlsruhe,train,True,False,False,False,False,False,no_training_minority_rule,no_training_minority_rule
DE03_r009_c001,DE03,Karlsruhe,train,True,False,False,False,False,False,no_training_minority_rule,no_training_minority_rule
DE03_r009_c002,DE03,Karlsruhe,train,True,False,False,False,True,True,water>=0.050000,
DE03_r009_c003,DE03,Karlsruhe,train,True,False,False,False,True,True,water>=0.050000,
DE03_r009_c004,DE03,Karlsruhe,train,True,False,False,False,False,False,no_training_minority_rule,no_training_minority_rule
DE03_r009_c005,DE03,Karlsruhe,train,True,False,False,False,False,False,no_training_minority_rule,no_training_minority_rule
DE03_r009_c006,DE03,Karlsruhe,train,True,False,False,False,False,False,no_training_minority_rule,no_training_minority_rule
DE03_r009_c007,DE03,Karlsruhe,train,True,True,False,False,False,True,buildings>=0.075000,
DE03_r009_c008,DE03,Karlsruhe,train,True,True,False,False,False,True,buildings>=0.075000,
DE03_r009_c009,DE03,Karlsruhe,train,True,False,False,False,False,False,no_training_minority_rule,no_training_minority_rule
DE03_r009_c010,DE03,Karlsruhe,train,True,True,True,False,False,True,buildings>=0.075000+roads>=0.075000,
DE03_r009_c011,DE03,Karlsruhe,train,False,False,False,False,False,False,coverage_gate_failed,coverage_gate_failed
DE03_r010_c000,DE03,Karlsruhe,train,True,False,False,False,False,False,no_training_minority_rule,no_training_minority_rule
DE03_r010_c001,DE03,Karlsruhe,train,True,True,False,False,False,True,buildings>=0.075000,
DE03_r010_c002,DE03,Karlsruhe,train,True,False,False,True,False,True,bare_land>=0.005000,
DE03_r010_c003,DE03,Karlsruhe,train,True,False,False,False,True,True,water>=0.050000,
DE03_r010_c004,DE03,Karlsruhe,train,True,False,False,False,False,False,no_training_minority_rule,no_training_minority_rule
DE03_r010_c005,DE03,Karlsruhe,train,True,False,False,False,False,False,no_training_minority_rule,no_training_minority_rule
DE03_r010_c006,DE03,Karlsruhe,train,True,False,False,False,False,False,no_training_minority_rule,no_training_minority_rule
DE03_r010_c007,DE03,Karlsruhe,train,True,False,False,False,False,False,no_training_minority_rule,no_training_minority_rule
DE03_r010_c008,DE03,Karlsruhe,train,True,False,False,False,False,False,no_training_minority_rule,no_training_minority_rule
DE03_r010_c009,DE03,Karlsruhe,train,True,False,False,False,False,False,no_training_minority_rule,no_training_minority_rule
DE03_r010_c010,DE03,Karlsruhe,train,False,True,True,False,False,False,coverage_gate_failed,coverage_gate_failed
DE03_r010_c011,DE03,Karlsruhe,train,False,True,True,False,False,False,coverage_gate_failed,coverage_gate_failed
DE03_r011_c000,DE03,Karlsruhe,train,False,False,False,False,False,False,coverage_gate_failed,coverage_gate_failed
DE03_r011_c001,DE03,Karlsruhe,train,False,False,False,True,False,False,coverage_gate_failed,coverage_gate_failed
DE03_r011_c002,DE03,Karlsruhe,train,False,True,True,True,True,False,coverage_gate_failed,coverage_gate_failed
DE03_r011_c003,DE03,Karlsruhe,train,False,True,True,False,False,False,coverage_gate_failed,coverage_gate_failed
DE03_r011_c004,DE03,Karlsruhe,train,False,False,False,False,False,False,coverage_gate_failed,coverage_gate_failed
DE03_r011_c005,DE03,Karlsruhe,train,False,False,False,False,False,False,coverage_gate_failed,coverage_gate_failed
DE03_r011_c006,DE03,Karlsruhe,train,False,False,False,False,False,False,coverage_gate_failed,coverage_gate_failed
DE03_r011_c007,DE03,Karlsruhe,train,False,False,False,False,False,False,coverage_gate_failed,coverage_gate_failed
DE03_r011_c008,DE03,Karlsruhe,train,False,False,False,False,False,False,coverage_gate_failed,coverage_gate_failed
DE03_r011_c009,DE03,Karlsruhe,train,False,False,False,True,False,False,coverage_gate_failed,coverage_gate_failed
DE03_r011_c010,DE03,Karlsruhe,train,False,False,False,False,False,False,coverage_gate_failed,coverage_gate_failed
DE03_r011_c011,DE03,Karlsruhe,train,False,False,False,False,False,False,coverage_gate_failed,coverage_gate_failed
DE04_r000_c000,DE04,Stuttgart,train,True,False,False,False,False,False,no_training_minority_rule,no_training_minority_rule
DE04_r000_c001,DE04,Stuttgart,train,True,False,False,True,False,True,bare_land>=0.005000,
DE04_r000_c002,DE04,Stuttgart,train,True,False,False,True,False,True,bare_land>=0.005000,
DE04_r000_c003,DE04,Stuttgart,train,True,True,False,False,False,True,buildings>=0.075000,
DE04_r000_c004,DE04,Stuttgart,train,True,True,True,False,False,True,buildings>=0.075000+roads>=0.075000,
DE04_r000_c005,DE04,Stuttgart,train,True,True,True,False,False,True,buildings>=0.075000+roads>=0.075000,
DE04_r000_c006,DE04,Stuttgart,train,True,True,True,False,False,True,buildings>=0.075000+roads>=0.075000,
DE04_r000_c007,DE04,Stuttgart,train,True,True,False,False,False,True,buildings>=0.075000,
DE04_r000_c008,DE04,Stuttgart,train,True,False,False,False,False,False,no_training_minority_rule,no_training_minority_rule
DE04_r000_c009,DE04,Stuttgart,train,True,False,False,False,False,False,no_training_minority_rule,no_training_minority_rule
DE04_r000_c010,DE04,Stuttgart,train,True,False,False,False,False,False,no_training_minority_rule,no_training_minority_rule
DE04_r000_c011,DE04,Stuttgart,train,False,False,False,False,False,False,coverage_gate_failed,coverage_gate_failed
DE04_r001_c000,DE04,Stuttgart,train,True,False,False,False,False,False,no_training_minority_rule,no_training_minority_rule
DE04_r001_c001,DE04,Stuttgart,train,True,False,False,False,False,False,no_training_minority_rule,no_training_minority_rule
DE04_r001_c002,DE04,Stuttgart,train,True,True,True,True,False,True,buildings>=0.075000+roads>=0.075000+bare_land>=0.005000,
DE04_r001_c003,DE04,Stuttgart,train,True,False,False,False,False,False,no_training_minority_rule,no_training_minority_rule
DE04_r001_c004,DE04,Stuttgart,train,True,False,False,False,False,False,no_training_minority_rule,no_training_minority_rule
DE04_r001_c005,DE04,Stuttgart,train,True,True,False,False,False,True,buildings>=0.075000,
DE04_r001_c006,DE04,Stuttgart,train,True,True,True,False,False,True,buildings>=0.075000+roads>=0.075000,
DE04_r001_c007,DE04,Stuttgart,train,True,False,False,False,False,False,no_training_minority_rule,no_training_minority_rule
DE04_r001_c008,DE04,Stuttgart,train,True,True,True,False,True,True,buildings>=0.075000+roads>=0.075000+water>=0.050000,
DE04_r001_c009,DE04,Stuttgart,train,True,False,False,False,False,False,no_training_minority_rule,no_training_minority_rule
DE04_r001_c010,DE04,Stuttgart,train,True,True,False,False,False,True,buildings>=0.075000,
DE04_r001_c011,DE04,Stuttgart,train,False,False,False,False,False,False,coverage_gate_failed,coverage_gate_failed
DE04_r002_c000,DE04,Stuttgart,train,True,False,False,False,False,False,no_training_minority_rule,no_training_minority_rule
DE04_r002_c001,DE04,Stuttgart,train,True,False,False,False,False,False,no_training_minority_rule,no_training_minority_rule
DE04_r002_c002,DE04,Stuttgart,train,True,False,False,False,False,False,no_training_minority_rule,no_training_minority_rule
DE04_r002_c003,DE04,Stuttgart,train,True,True,False,False,False,True,buildings>=0.075000,
DE04_r002_c004,DE04,Stuttgart,train,True,False,False,False,False,False,no_training_minority_rule,no_training_minority_rule
DE04_r002_c005,DE04,Stuttgart,train,True,True,True,False,False,True,buildings>=0.075000+roads>=0.075000,
DE04_r002_c006,DE04,Stuttgart,train,True,True,False,False,False,True,buildings>=0.075000,
DE04_r002_c007,DE04,Stuttgart,train,True,True,False,False,False,True,buildings>=0.075000,
DE04_r002_c008,DE04,Stuttgart,train,True,False,False,False,False,False,no_training_minority_rule,no_training_minority_rule
DE04_r002_c009,DE04,Stuttgart,train,True,True,True,False,False,True,buildings>=0.075000+roads>=0.075000,
DE04_r002_c010,DE04,Stuttgart,train,True,False,False,False,False,False,no_training_minority_rule,no_training_minority_rule
DE04_r002_c011,DE04,Stuttgart,train,False,False,False,False,False,False,coverage_gate_failed,coverage_gate_failed
DE04_r003_c000,DE04,Stuttgart,train,True,False,False,True,False,True,bare_land>=0.005000,
DE04_r003_c001,DE04,Stuttgart,train,True,False,False,False,False,False,no_training_minority_rule,no_training_minority_rule
DE04_r003_c002,DE04,Stuttgart,train,True,True,True,False,False,True,buildings>=0.075000+roads>=0.075000,
DE04_r003_c003,DE04,Stuttgart,train,True,True,True,False,False,True,buildings>=0.075000+roads>=0.075000,
DE04_r003_c004,DE04,Stuttgart,train,True,True,True,False,False,True,buildings>=0.075000+roads>=0.075000,
DE04_r003_c005,DE04,Stuttgart,train,True,True,True,False,False,True,buildings>=0.075000+roads>=0.075000,
DE04_r003_c006,DE04,Stuttgart,train,True,True,True,False,True,True,buildings>=0.075000+roads>=0.075000+water>=0.050000,
DE04_r003_c007,DE04,Stuttgart,train,True,True,True,False,False,True,buildings>=0.075000+roads>=0.075000,
DE04_r003_c008,DE04,Stuttgart,train,True,True,True,False,False,True,buildings>=0.075000+roads>=0.075000,
DE04_r003_c009,DE04,Stuttgart,train,True,True,True,False,False,True,buildings>=0.075000+roads>=0.075000,
DE04_r003_c010,DE04,Stuttgart,train,True,True,True,False,False,True,buildings>=0.075000+roads>=0.075000,
DE04_r003_c011,DE04,Stuttgart,train,False,True,False,False,False,False,coverage_gate_failed,coverage_gate_failed
DE04_r004_c000,DE04,Stuttgart,train,True,True,False,False,False,True,buildings>=0.075000,
DE04_r004_c001,DE04,Stuttgart,train,True,True,False,False,False,True,buildings>=0.075000,
DE04_r004_c002,DE04,Stuttgart,train,True,True,True,False,False,True,buildings>=0.075000+roads>=0.075000,
DE04_r004_c003,DE04,Stuttgart,train,True,True,True,False,False,True,buildings>=0.075000+roads>=0.075000,
DE04_r004_c004,DE04,Stuttgart,train,True,True,True,False,False,True,buildings>=0.075000+roads>=0.075000,
DE04_r004_c005,DE04,Stuttgart,train,True,True,True,False,False,True,buildings>=0.075000+roads>=0.075000,
DE04_r004_c006,DE04,Stuttgart,train,True,True,True,False,True,True,buildings>=0.075000+roads>=0.075000+water>=0.050000,
DE04_r004_c007,DE04,Stuttgart,train,True,True,True,False,False,True,buildings>=0.075000+roads>=0.075000,
DE04_r004_c008,DE04,Stuttgart,train,True,True,True,False,False,True,buildings>=0.075000+roads>=0.075000,
DE04_r004_c009,DE04,Stuttgart,train,True,True,True,False,False,True,buildings>=0.075000+roads>=0.075000,
DE04_r004_c010,DE04,Stuttgart,train,True,False,False,False,False,False,no_training_minority_rule,no_training_minority_rule
DE04_r004_c011,DE04,Stuttgart,train,False,True,True,False,False,False,coverage_gate_failed,coverage_gate_failed
DE04_r005_c000,DE04,Stuttgart,train,True,True,True,False,False,True,buildings>=0.075000+roads>=0.075000,
DE04_r005_c001,DE04,Stuttgart,train,True,True,True,False,False,True,buildings>=0.075000+roads>=0.075000,
DE04_r005_c002,DE04,Stuttgart,train,True,False,False,False,False,False,no_training_minority_rule,no_training_minority_rule
DE04_r005_c003,DE04,Stuttgart,train,True,False,False,False,False,False,no_training_minority_rule,no_training_minority_rule
DE04_r005_c004,DE04,Stuttgart,train,True,True,True,False,False,True,buildings>=0.075000+roads>=0.075000,
DE04_r005_c005,DE04,Stuttgart,train,True,True,True,False,False,True,buildings>=0.075000+roads>=0.075000,
DE04_r005_c006,DE04,Stuttgart,train,True,True,True,False,False,True,buildings>=0.075000+roads>=0.075000,
DE04_r005_c007,DE04,Stuttgart,train,True,True,True,False,True,True,buildings>=0.075000+roads>=0.075000+water>=0.050000,
DE04_r005_c008,DE04,Stuttgart,train,True,False,False,False,False,False,no_training_minority_rule,no_training_minority_rule
DE04_r005_c009,DE04,Stuttgart,train,True,False,False,True,False,True,bare_land>=0.005000,
DE04_r005_c010,DE04,Stuttgart,train,True,False,False,False,False,False,no_training_minority_rule,no_training_minority_rule
DE04_r005_c011,DE04,Stuttgart,train,False,False,False,False,False,False,coverage_gate_failed,coverage_gate_failed
DE04_r006_c000,DE04,Stuttgart,train,True,False,False,False,False,False,no_training_minority_rule,no_training_minority_rule
DE04_r006_c001,DE04,Stuttgart,train,True,False,False,False,False,False,no_training_minority_rule,no_training_minority_rule
DE04_r006_c002,DE04,Stuttgart,train,True,False,False,False,False,False,no_training_minority_rule,no_training_minority_rule
DE04_r006_c003,DE04,Stuttgart,train,True,False,False,False,False,False,no_training_minority_rule,no_training_minority_rule
DE04_r006_c004,DE04,Stuttgart,train,True,False,False,False,False,False,no_training_minority_rule,no_training_minority_rule
DE04_r006_c005,DE04,Stuttgart,train,True,True,True,False,False,True,buildings>=0.075000+roads>=0.075000,
DE04_r006_c006,DE04,Stuttgart,train,True,False,False,False,False,False,no_training_minority_rule,no_training_minority_rule
DE04_r006_c007,DE04,Stuttgart,train,True,True,True,False,False,True,buildings>=0.075000+roads>=0.075000,
DE04_r006_c008,DE04,Stuttgart,train,True,True,True,False,False,True,buildings>=0.075000+roads>=0.075000,
DE04_r006_c009,DE04,Stuttgart,train,True,True,True,False,False,True,buildings>=0.075000+roads>=0.075000,
DE04_r006_c010,DE04,Stuttgart,train,True,False,False,False,False,False,no_training_minority_rule,no_training_minority_rule
DE04_r006_c011,DE04,Stuttgart,train,False,False,False,False,False,False,coverage_gate_failed,coverage_gate_failed
DE04_r007_c000,DE04,Stuttgart,train,True,False,False,False,False,False,no_training_minority_rule,no_training_minority_rule
DE04_r007_c001,DE04,Stuttgart,train,True,False,False,False,False,False,no_training_minority_rule,no_training_minority_rule
DE04_r007_c002,DE04,Stuttgart,train,True,False,False,False,False,False,no_training_minority_rule,no_training_minority_rule
DE04_r007_c003,DE04,Stuttgart,train,True,True,True,False,False,True,buildings>=0.075000+roads>=0.075000,
DE04_r007_c004,DE04,Stuttgart,train,True,True,True,False,False,True,buildings>=0.075000+roads>=0.075000,
DE04_r007_c005,DE04,Stuttgart,train,True,True,True,False,False,True,buildings>=0.075000+roads>=0.075000,
DE04_r007_c006,DE04,Stuttgart,train,True,True,False,False,False,True,buildings>=0.075000,
DE04_r007_c007,DE04,Stuttgart,train,True,True,False,False,False,True,buildings>=0.075000,
DE04_r007_c008,DE04,Stuttgart,train,True,True,True,True,False,True,buildings>=0.075000+roads>=0.075000+bare_land>=0.005000,
DE04_r007_c009,DE04,Stuttgart,train,True,True,True,False,True,True,buildings>=0.075000+roads>=0.075000+water>=0.050000,
DE04_r007_c010,DE04,Stuttgart,train,True,True,True,False,False,True,buildings>=0.075000+roads>=0.075000,
DE04_r007_c011,DE04,Stuttgart,train,False,False,False,False,False,False,coverage_gate_failed,coverage_gate_failed
DE04_r008_c000,DE04,Stuttgart,train,True,True,True,False,False,True,buildings>=0.075000+roads>=0.075000,
DE04_r008_c001,DE04,Stuttgart,train,True,True,False,False,False,True,buildings>=0.075000,
DE04_r008_c002,DE04,Stuttgart,train,True,False,False,False,False,False,no_training_minority_rule,no_training_minority_rule
DE04_r008_c003,DE04,Stuttgart,train,True,True,True,False,False,True,buildings>=0.075000+roads>=0.075000,
DE04_r008_c004,DE04,Stuttgart,train,True,True,True,False,False,True,buildings>=0.075000+roads>=0.075000,
DE04_r008_c005,DE04,Stuttgart,train,True,True,True,True,False,True,buildings>=0.075000+roads>=0.075000+bare_land>=0.005000,
DE04_r008_c006,DE04,Stuttgart,train,True,True,False,False,False,True,buildings>=0.075000,
DE04_r008_c007,DE04,Stuttgart,train,True,True,False,False,False,True,buildings>=0.075000,
DE04_r008_c008,DE04,Stuttgart,train,True,True,False,False,False,True,buildings>=0.075000,
DE04_r008_c009,DE04,Stuttgart,train,True,True,True,False,False,True,buildings>=0.075000+roads>=0.075000,
DE04_r008_c010,DE04,Stuttgart,train,True,True,False,False,True,True,buildings>=0.075000+water>=0.050000,
DE04_r008_c011,DE04,Stuttgart,train,False,True,True,False,True,False,coverage_gate_failed,coverage_gate_failed
DE04_r009_c000,DE04,Stuttgart,train,True,True,True,False,False,True,buildings>=0.075000+roads>=0.075000,
DE04_r009_c001,DE04,Stuttgart,train,True,True,True,False,False,True,buildings>=0.075000+roads>=0.075000,
DE04_r009_c002,DE04,Stuttgart,train,True,False,False,True,False,True,bare_land>=0.005000,
DE04_r009_c003,DE04,Stuttgart,train,True,False,False,False,False,False,no_training_minority_rule,no_training_minority_rule
DE04_r009_c004,DE04,Stuttgart,train,True,True,True,False,False,True,buildings>=0.075000+roads>=0.075000,
DE04_r009_c005,DE04,Stuttgart,train,True,True,True,False,False,True,buildings>=0.075000+roads>=0.075000,
DE04_r009_c006,DE04,Stuttgart,train,True,True,True,True,False,True,buildings>=0.075000+roads>=0.075000+bare_land>=0.005000,
DE04_r009_c007,DE04,Stuttgart,train,True,False,False,False,False,False,no_training_minority_rule,no_training_minority_rule
DE04_r009_c008,DE04,Stuttgart,train,True,True,True,False,False,True,buildings>=0.075000+roads>=0.075000,
DE04_r009_c009,DE04,Stuttgart,train,True,True,True,False,False,True,buildings>=0.075000+roads>=0.075000,
DE04_r009_c010,DE04,Stuttgart,train,True,False,False,False,False,False,no_training_minority_rule,no_training_minority_rule
DE04_r009_c011,DE04,Stuttgart,train,False,True,True,False,False,False,coverage_gate_failed,coverage_gate_failed
DE04_r010_c000,DE04,Stuttgart,train,True,True,True,False,False,True,buildings>=0.075000+roads>=0.075000,
DE04_r010_c001,DE04,Stuttgart,train,True,False,False,False,False,False,no_training_minority_rule,no_training_minority_rule
DE04_r010_c002,DE04,Stuttgart,train,True,False,False,False,False,False,no_training_minority_rule,no_training_minority_rule
DE04_r010_c003,DE04,Stuttgart,train,True,False,False,False,False,False,no_training_minority_rule,no_training_minority_rule
DE04_r010_c004,DE04,Stuttgart,train,True,False,False,False,False,False,no_training_minority_rule,no_training_minority_rule
DE04_r010_c005,DE04,Stuttgart,train,True,False,False,False,False,False,no_training_minority_rule,no_training_minority_rule
DE04_r010_c006,DE04,Stuttgart,train,True,True,True,False,False,True,buildings>=0.075000+roads>=0.075000,
DE04_r010_c007,DE04,Stuttgart,train,True,True,False,False,False,True,buildings>=0.075000,
DE04_r010_c008,DE04,Stuttgart,train,True,False,False,False,False,False,no_training_minority_rule,no_training_minority_rule
DE04_r010_c009,DE04,Stuttgart,train,True,False,False,False,False,False,no_training_minority_rule,no_training_minority_rule
DE04_r010_c010,DE04,Stuttgart,train,True,False,False,False,False,False,no_training_minority_rule,no_training_minority_rule
DE04_r010_c011,DE04,Stuttgart,train,False,True,True,False,False,False,coverage_gate_failed,coverage_gate_failed
DE04_r011_c000,DE04,Stuttgart,train,False,False,False,False,False,False,coverage_gate_failed,coverage_gate_failed
DE04_r011_c001,DE04,Stuttgart,train,False,False,False,False,False,False,coverage_gate_failed,coverage_gate_failed
DE04_r011_c002,DE04,Stuttgart,train,False,False,False,False,False,False,coverage_gate_failed,coverage_gate_failed
DE04_r011_c003,DE04,Stuttgart,train,False,False,False,False,False,False,coverage_gate_failed,coverage_gate_failed
DE04_r011_c004,DE04,Stuttgart,train,False,False,False,False,False,False,coverage_gate_failed,coverage_gate_failed
DE04_r011_c005,DE04,Stuttgart,train,False,False,False,False,False,False,coverage_gate_failed,coverage_gate_failed
DE04_r011_c006,DE04,Stuttgart,train,False,True,True,False,False,False,coverage_gate_failed,coverage_gate_failed
DE04_r011_c007,DE04,Stuttgart,train,False,True,False,False,False,False,coverage_gate_failed,coverage_gate_failed
DE04_r011_c008,DE04,Stuttgart,train,False,False,False,False,False,False,coverage_gate_failed,coverage_gate_failed
DE04_r011_c009,DE04,Stuttgart,train,False,False,False,False,False,False,coverage_gate_failed,coverage_gate_failed
DE04_r011_c010,DE04,Stuttgart,train,False,True,True,False,False,False,coverage_gate_failed,coverage_gate_failed
DE04_r011_c011,DE04,Stuttgart,train,False,True,True,False,False,False,coverage_gate_failed,coverage_gate_failed
DE05_r000_c000,DE05,Munich,train,True,False,False,False,False,False,no_training_minority_rule,no_training_minority_rule
DE05_r000_c001,DE05,Munich,train,True,True,True,True,False,True,buildings>=0.075000+roads>=0.075000+bare_land>=0.005000,
DE05_r000_c002,DE05,Munich,train,True,True,True,True,False,True,buildings>=0.075000+roads>=0.075000+bare_land>=0.005000,
DE05_r000_c003,DE05,Munich,train,True,False,False,False,False,False,no_training_minority_rule,no_training_minority_rule
DE05_r000_c004,DE05,Munich,train,True,True,True,False,False,True,buildings>=0.075000+roads>=0.075000,
DE05_r000_c005,DE05,Munich,train,True,False,False,False,False,False,no_training_minority_rule,no_training_minority_rule
DE05_r000_c006,DE05,Munich,train,True,True,True,False,False,True,buildings>=0.075000+roads>=0.075000,
DE05_r000_c007,DE05,Munich,train,True,True,True,False,False,True,buildings>=0.075000+roads>=0.075000,
DE05_r000_c008,DE05,Munich,train,True,False,False,False,False,False,no_training_minority_rule,no_training_minority_rule
DE05_r000_c009,DE05,Munich,train,True,False,False,False,False,False,no_training_minority_rule,no_training_minority_rule
DE05_r000_c010,DE05,Munich,train,True,False,False,False,False,False,no_training_minority_rule,no_training_minority_rule
DE05_r000_c011,DE05,Munich,train,False,False,False,False,False,False,coverage_gate_failed,coverage_gate_failed
DE05_r001_c000,DE05,Munich,train,True,False,False,False,False,False,no_training_minority_rule,no_training_minority_rule
DE05_r001_c001,DE05,Munich,train,True,True,True,False,False,True,buildings>=0.075000+roads>=0.075000,
DE05_r001_c002,DE05,Munich,train,True,True,True,False,True,True,buildings>=0.075000+roads>=0.075000+water>=0.050000,
DE05_r001_c003,DE05,Munich,train,True,False,False,False,True,True,water>=0.050000,
DE05_r001_c004,DE05,Munich,train,True,False,False,True,False,True,bare_land>=0.005000,
DE05_r001_c005,DE05,Munich,train,True,False,False,False,False,False,no_training_minority_rule,no_training_minority_rule
DE05_r001_c006,DE05,Munich,train,True,False,False,False,False,False,no_training_minority_rule,no_training_minority_rule
DE05_r001_c007,DE05,Munich,train,True,False,False,True,False,True,bare_land>=0.005000,
DE05_r001_c008,DE05,Munich,train,True,True,True,False,False,True,buildings>=0.075000+roads>=0.075000,
DE05_r001_c009,DE05,Munich,train,True,False,False,False,False,False,no_training_minority_rule,no_training_minority_rule
DE05_r001_c010,DE05,Munich,train,True,False,False,False,True,True,water>=0.050000,
DE05_r001_c011,DE05,Munich,train,False,False,False,False,True,False,coverage_gate_failed,coverage_gate_failed
DE05_r002_c000,DE05,Munich,train,True,False,False,False,False,False,no_training_minority_rule,no_training_minority_rule
DE05_r002_c001,DE05,Munich,train,True,False,False,False,False,False,no_training_minority_rule,no_training_minority_rule
DE05_r002_c002,DE05,Munich,train,True,True,True,False,False,True,buildings>=0.075000+roads>=0.075000,
DE05_r002_c003,DE05,Munich,train,True,False,False,True,False,True,bare_land>=0.005000,
DE05_r002_c004,DE05,Munich,train,True,True,True,True,False,True,buildings>=0.075000+roads>=0.075000+bare_land>=0.005000,
DE05_r002_c005,DE05,Munich,train,True,True,True,False,False,True,buildings>=0.075000+roads>=0.075000,
DE05_r002_c006,DE05,Munich,train,True,True,True,False,False,True,buildings>=0.075000+roads>=0.075000,
DE05_r002_c007,DE05,Munich,train,True,False,False,False,False,False,no_training_minority_rule,no_training_minority_rule
DE05_r002_c008,DE05,Munich,train,True,False,False,False,True,True,water>=0.050000,
DE05_r002_c009,DE05,Munich,train,True,False,False,False,True,True,water>=0.050000,
DE05_r002_c010,DE05,Munich,train,True,False,False,False,True,True,water>=0.050000,
DE05_r002_c011,DE05,Munich,train,False,False,False,False,True,False,coverage_gate_failed,coverage_gate_failed
DE05_r003_c000,DE05,Munich,train,True,False,False,False,False,False,no_training_minority_rule,no_training_minority_rule
DE05_r003_c001,DE05,Munich,train,True,False,False,True,True,True,bare_land>=0.005000+water>=0.050000,
DE05_r003_c002,DE05,Munich,train,True,True,True,False,False,True,buildings>=0.075000+roads>=0.075000,
DE05_r003_c003,DE05,Munich,train,True,True,True,False,False,True,buildings>=0.075000+roads>=0.075000,
DE05_r003_c004,DE05,Munich,train,False,True,True,False,False,False,coverage_gate_failed,coverage_gate_failed
DE05_r003_c005,DE05,Munich,train,True,True,True,False,False,True,buildings>=0.075000+roads>=0.075000,
DE05_r003_c006,DE05,Munich,train,True,True,True,True,False,True,buildings>=0.075000+roads>=0.075000+bare_land>=0.005000,
DE05_r003_c007,DE05,Munich,train,True,True,True,True,False,True,buildings>=0.075000+roads>=0.075000+bare_land>=0.005000,
DE05_r003_c008,DE05,Munich,train,True,False,False,False,True,True,water>=0.050000,
DE05_r003_c009,DE05,Munich,train,True,False,False,True,False,True,bare_land>=0.005000,
DE05_r003_c010,DE05,Munich,train,True,False,False,True,False,True,bare_land>=0.005000,
DE05_r003_c011,DE05,Munich,train,False,True,False,True,True,False,coverage_gate_failed,coverage_gate_failed
DE05_r004_c000,DE05,Munich,train,True,True,True,False,False,True,buildings>=0.075000+roads>=0.075000,
DE05_r004_c001,DE05,Munich,train,True,True,True,False,False,True,buildings>=0.075000+roads>=0.075000,
DE05_r004_c002,DE05,Munich,train,True,True,True,False,False,True,buildings>=0.075000+roads>=0.075000,
DE05_r004_c003,DE05,Munich,train,True,True,True,False,False,True,buildings>=0.075000+roads>=0.075000,
DE05_r004_c004,DE05,Munich,train,False,True,True,False,False,False,coverage_gate_failed,coverage_gate_failed
DE05_r004_c005,DE05,Munich,train,True,True,True,False,False,True,buildings>=0.075000+roads>=0.075000,
DE05_r004_c006,DE05,Munich,train,True,True,True,False,True,True,buildings>=0.075000+roads>=0.075000+water>=0.050000,
DE05_r004_c007,DE05,Munich,train,True,True,True,False,False,True,buildings>=0.075000+roads>=0.075000,
DE05_r004_c008,DE05,Munich,train,True,False,False,True,False,True,bare_land>=0.005000,
DE05_r004_c009,DE05,Munich,train,True,False,False,False,False,False,no_training_minority_rule,no_training_minority_rule
DE05_r004_c010,DE05,Munich,train,True,True,True,True,False,True,buildings>=0.075000+roads>=0.075000+bare_land>=0.005000,
DE05_r004_c011,DE05,Munich,train,False,True,False,True,False,False,coverage_gate_failed,coverage_gate_failed
DE05_r005_c000,DE05,Munich,train,True,True,True,True,False,True,buildings>=0.075000+roads>=0.075000+bare_land>=0.005000,
DE05_r005_c001,DE05,Munich,train,False,True,True,False,False,False,coverage_gate_failed,coverage_gate_failed
DE05_r005_c002,DE05,Munich,train,False,True,True,False,False,False,coverage_gate_failed,coverage_gate_failed
DE05_r005_c003,DE05,Munich,train,True,True,True,False,False,True,buildings>=0.075000+roads>=0.075000,
DE05_r005_c004,DE05,Munich,train,True,True,True,False,False,True,buildings>=0.075000+roads>=0.075000,
DE05_r005_c005,DE05,Munich,train,True,True,True,False,False,True,buildings>=0.075000+roads>=0.075000,
DE05_r005_c006,DE05,Munich,train,True,True,True,False,False,True,buildings>=0.075000+roads>=0.075000,
DE05_r005_c007,DE05,Munich,train,False,True,True,False,False,False,coverage_gate_failed,coverage_gate_failed
DE05_r005_c008,DE05,Munich,train,False,True,True,True,False,False,coverage_gate_failed,coverage_gate_failed
DE05_r005_c009,DE05,Munich,train,True,True,True,True,False,True,buildings>=0.075000+roads>=0.075000+bare_land>=0.005000,
DE05_r005_c010,DE05,Munich,train,True,True,True,False,False,True,buildings>=0.075000+roads>=0.075000,
DE05_r005_c011,DE05,Munich,train,False,False,False,True,False,False,coverage_gate_failed,coverage_gate_failed
DE05_r006_c000,DE05,Munich,train,True,False,False,False,False,False,no_training_minority_rule,no_training_minority_rule
DE05_r006_c001,DE05,Munich,train,True,True,True,True,False,True,buildings>=0.075000+roads>=0.075000+bare_land>=0.005000,
DE05_r006_c002,DE05,Munich,train,True,True,True,False,False,True,buildings>=0.075000+roads>=0.075000,
DE05_r006_c003,DE05,Munich,train,False,True,True,False,False,False,coverage_gate_failed,coverage_gate_failed
DE05_r006_c004,DE05,Munich,train,False,True,True,False,False,False,coverage_gate_failed,coverage_gate_failed
DE05_r006_c005,DE05,Munich,train,True,True,True,False,True,True,buildings>=0.075000+roads>=0.075000+water>=0.050000,
DE05_r006_c006,DE05,Munich,train,True,True,True,True,False,True,buildings>=0.075000+roads>=0.075000+bare_land>=0.005000,
DE05_r006_c007,DE05,Munich,train,True,True,True,False,False,True,buildings>=0.075000+roads>=0.075000,
DE05_r006_c008,DE05,Munich,train,True,True,True,False,False,True,buildings>=0.075000+roads>=0.075000,
DE05_r006_c009,DE05,Munich,train,True,True,True,True,False,True,buildings>=0.075000+roads>=0.075000+bare_land>=0.005000,
DE05_r006_c010,DE05,Munich,train,True,True,True,False,False,True,buildings>=0.075000+roads>=0.075000,
DE05_r006_c011,DE05,Munich,train,False,True,False,False,False,False,coverage_gate_failed,coverage_gate_failed
DE05_r007_c000,DE05,Munich,train,True,False,False,False,False,False,no_training_minority_rule,no_training_minority_rule
DE05_r007_c001,DE05,Munich,train,True,True,True,True,False,True,buildings>=0.075000+roads>=0.075000+bare_land>=0.005000,
DE05_r007_c002,DE05,Munich,train,True,True,True,False,False,True,buildings>=0.075000+roads>=0.075000,
DE05_r007_c003,DE05,Munich,train,True,True,True,False,False,True,buildings>=0.075000+roads>=0.075000,
DE05_r007_c004,DE05,Munich,train,True,True,True,True,True,True,buildings>=0.075000+roads>=0.075000+bare_land>=0.005000+water>=0.050000,
DE05_r007_c005,DE05,Munich,train,True,True,True,False,False,True,buildings>=0.075000+roads>=0.075000,
DE05_r007_c006,DE05,Munich,train,True,True,True,False,False,True,buildings>=0.075000+roads>=0.075000,
DE05_r007_c007,DE05,Munich,train,True,True,True,False,False,True,buildings>=0.075000+roads>=0.075000,
DE05_r007_c008,DE05,Munich,train,True,True,True,True,False,True,buildings>=0.075000+roads>=0.075000+bare_land>=0.005000,
DE05_r007_c009,DE05,Munich,train,True,False,False,False,False,False,no_training_minority_rule,no_training_minority_rule
DE05_r007_c010,DE05,Munich,train,True,False,False,False,False,False,no_training_minority_rule,no_training_minority_rule
DE05_r007_c011,DE05,Munich,train,False,True,True,False,False,False,coverage_gate_failed,coverage_gate_failed
DE05_r008_c000,DE05,Munich,train,True,True,False,False,False,True,buildings>=0.075000,
DE05_r008_c001,DE05,Munich,train,True,False,False,False,False,False,no_training_minority_rule,no_training_minority_rule
DE05_r008_c002,DE05,Munich,train,True,False,False,False,False,False,no_training_minority_rule,no_training_minority_rule
DE05_r008_c003,DE05,Munich,train,True,True,True,False,False,True,buildings>=0.075000+roads>=0.075000,
DE05_r008_c004,DE05,Munich,train,True,True,True,False,True,True,buildings>=0.075000+roads>=0.075000+water>=0.050000,
DE05_r008_c005,DE05,Munich,train,True,False,False,False,False,False,no_training_minority_rule,no_training_minority_rule
DE05_r008_c006,DE05,Munich,train,True,True,True,False,False,True,buildings>=0.075000+roads>=0.075000,
DE05_r008_c007,DE05,Munich,train,True,True,True,False,False,True,buildings>=0.075000+roads>=0.075000,
DE05_r008_c008,DE05,Munich,train,True,True,True,False,False,True,buildings>=0.075000+roads>=0.075000,
DE05_r008_c009,DE05,Munich,train,True,True,False,False,False,True,buildings>=0.075000,
DE05_r008_c010,DE05,Munich,train,True,False,False,True,False,True,bare_land>=0.005000,
DE05_r008_c011,DE05,Munich,train,False,False,False,False,False,False,coverage_gate_failed,coverage_gate_failed
DE05_r009_c000,DE05,Munich,train,True,False,False,False,False,False,no_training_minority_rule,no_training_minority_rule
DE05_r009_c001,DE05,Munich,train,True,False,False,False,False,False,no_training_minority_rule,no_training_minority_rule
DE05_r009_c002,DE05,Munich,train,True,False,False,False,False,False,no_training_minority_rule,no_training_minority_rule
DE05_r009_c003,DE05,Munich,train,True,False,False,False,False,False,no_training_minority_rule,no_training_minority_rule
DE05_r009_c004,DE05,Munich,train,True,True,True,False,True,True,buildings>=0.075000+roads>=0.075000+water>=0.050000,
DE05_r009_c005,DE05,Munich,train,True,False,False,False,False,False,no_training_minority_rule,no_training_minority_rule
DE05_r009_c006,DE05,Munich,train,True,True,False,False,False,True,buildings>=0.075000,
DE05_r009_c007,DE05,Munich,train,True,True,False,False,False,True,buildings>=0.075000,
DE05_r009_c008,DE05,Munich,train,True,True,True,False,False,True,buildings>=0.075000+roads>=0.075000,
DE05_r009_c009,DE05,Munich,train,True,False,False,False,False,False,no_training_minority_rule,no_training_minority_rule
DE05_r009_c010,DE05,Munich,train,True,False,False,False,False,False,no_training_minority_rule,no_training_minority_rule
DE05_r009_c011,DE05,Munich,train,False,False,False,False,False,False,coverage_gate_failed,coverage_gate_failed
DE05_r010_c000,DE05,Munich,train,True,False,False,False,False,False,no_training_minority_rule,no_training_minority_rule
DE05_r010_c001,DE05,Munich,train,True,False,False,False,False,False,no_training_minority_rule,no_training_minority_rule
DE05_r010_c002,DE05,Munich,train,True,False,False,False,False,False,no_training_minority_rule,no_training_minority_rule
DE05_r010_c003,DE05,Munich,train,True,False,False,False,False,False,no_training_minority_rule,no_training_minority_rule
DE05_r010_c004,DE05,Munich,train,True,False,False,False,False,False,no_training_minority_rule,no_training_minority_rule
DE05_r010_c005,DE05,Munich,train,True,False,False,False,False,False,no_training_minority_rule,no_training_minority_rule
DE05_r010_c006,DE05,Munich,train,True,True,True,True,False,True,buildings>=0.075000+roads>=0.075000+bare_land>=0.005000,
DE05_r010_c007,DE05,Munich,train,True,False,False,True,False,True,bare_land>=0.005000,
DE05_r010_c008,DE05,Munich,train,True,False,False,True,False,True,bare_land>=0.005000,
DE05_r010_c009,DE05,Munich,train,True,False,False,False,False,False,no_training_minority_rule,no_training_minority_rule
DE05_r010_c010,DE05,Munich,train,True,False,False,False,False,False,no_training_minority_rule,no_training_minority_rule
DE05_r010_c011,DE05,Munich,train,False,False,False,False,False,False,coverage_gate_failed,coverage_gate_failed
DE05_r011_c000,DE05,Munich,train,False,False,False,False,False,False,coverage_gate_failed,coverage_gate_failed
DE05_r011_c001,DE05,Munich,train,False,False,False,False,False,False,coverage_gate_failed,coverage_gate_failed
DE05_r011_c002,DE05,Munich,train,False,False,False,False,False,False,coverage_gate_failed,coverage_gate_failed
DE05_r011_c003,DE05,Munich,train,False,False,False,False,False,False,coverage_gate_failed,coverage_gate_failed
DE05_r011_c004,DE05,Munich,train,False,False,False,False,False,False,coverage_gate_failed,coverage_gate_failed
DE05_r011_c005,DE05,Munich,train,False,False,False,False,False,False,coverage_gate_failed,coverage_gate_failed
DE05_r011_c006,DE05,Munich,train,False,False,False,False,False,False,coverage_gate_failed,coverage_gate_failed
DE05_r011_c007,DE05,Munich,train,False,False,False,False,False,False,coverage_gate_failed,coverage_gate_failed
DE05_r011_c008,DE05,Munich,train,False,False,False,False,False,False,coverage_gate_failed,coverage_gate_failed
DE05_r011_c009,DE05,Munich,train,False,False,False,False,False,False,coverage_gate_failed,coverage_gate_failed
DE05_r011_c010,DE05,Munich,train,False,False,False,False,False,False,coverage_gate_failed,coverage_gate_failed
DE05_r011_c011,DE05,Munich,train,False,False,False,False,False,False,coverage_gate_failed,coverage_gate_failed
DE06_r000_c000,DE06,Nuremberg,train,False,True,True,False,False,False,coverage_gate_failed,coverage_gate_failed
DE06_r000_c001,DE06,Nuremberg,train,True,True,True,False,False,True,buildings>=0.075000+roads>=0.075000,
DE06_r000_c002,DE06,Nuremberg,train,False,True,True,False,False,False,coverage_gate_failed,coverage_gate_failed
DE06_r000_c003,DE06,Nuremberg,train,False,True,True,False,False,False,coverage_gate_failed,coverage_gate_failed
DE06_r000_c004,DE06,Nuremberg,train,True,True,False,False,False,True,buildings>=0.075000,
DE06_r000_c005,DE06,Nuremberg,train,True,False,False,False,False,False,no_training_minority_rule,no_training_minority_rule
DE06_r000_c006,DE06,Nuremberg,train,True,False,False,False,False,False,no_training_minority_rule,no_training_minority_rule
DE06_r000_c007,DE06,Nuremberg,train,True,False,False,False,False,False,no_training_minority_rule,no_training_minority_rule
DE06_r000_c008,DE06,Nuremberg,train,True,False,False,False,False,False,no_training_minority_rule,no_training_minority_rule
DE06_r000_c009,DE06,Nuremberg,train,True,True,True,False,False,True,buildings>=0.075000+roads>=0.075000,
DE06_r000_c010,DE06,Nuremberg,train,True,False,False,False,False,False,no_training_minority_rule,no_training_minority_rule
DE06_r000_c011,DE06,Nuremberg,train,False,False,False,False,False,False,coverage_gate_failed,coverage_gate_failed
DE06_r001_c000,DE06,Nuremberg,train,False,True,True,False,False,False,coverage_gate_failed,coverage_gate_failed
DE06_r001_c001,DE06,Nuremberg,train,False,True,True,False,False,False,coverage_gate_failed,coverage_gate_failed
DE06_r001_c002,DE06,Nuremberg,train,False,True,True,False,True,False,coverage_gate_failed,coverage_gate_failed
DE06_r001_c003,DE06,Nuremberg,train,False,True,True,False,False,False,coverage_gate_failed,coverage_gate_failed
DE06_r001_c004,DE06,Nuremberg,train,True,True,False,False,False,True,buildings>=0.075000,
DE06_r001_c005,DE06,Nuremberg,train,True,False,False,False,False,False,no_training_minority_rule,no_training_minority_rule
DE06_r001_c006,DE06,Nuremberg,train,True,False,False,False,False,False,no_training_minority_rule,no_training_minority_rule
DE06_r001_c007,DE06,Nuremberg,train,True,False,False,True,False,True,bare_land>=0.005000,
DE06_r001_c008,DE06,Nuremberg,train,True,False,False,False,False,False,no_training_minority_rule,no_training_minority_rule
DE06_r001_c009,DE06,Nuremberg,train,True,False,False,False,False,False,no_training_minority_rule,no_training_minority_rule
DE06_r001_c010,DE06,Nuremberg,train,True,False,False,False,False,False,no_training_minority_rule,no_training_minority_rule
DE06_r001_c011,DE06,Nuremberg,train,False,False,False,False,False,False,coverage_gate_failed,coverage_gate_failed
DE06_r002_c000,DE06,Nuremberg,train,True,False,False,False,False,False,no_training_minority_rule,no_training_minority_rule
DE06_r002_c001,DE06,Nuremberg,train,True,False,False,False,False,False,no_training_minority_rule,no_training_minority_rule
DE06_r002_c002,DE06,Nuremberg,train,True,False,False,False,True,True,water>=0.050000,
DE06_r002_c003,DE06,Nuremberg,train,True,False,False,False,False,False,no_training_minority_rule,no_training_minority_rule
DE06_r002_c004,DE06,Nuremberg,train,True,False,False,False,False,False,no_training_minority_rule,no_training_minority_rule
DE06_r002_c005,DE06,Nuremberg,train,True,False,False,False,False,False,no_training_minority_rule,no_training_minority_rule
DE06_r002_c006,DE06,Nuremberg,train,True,False,False,False,False,False,no_training_minority_rule,no_training_minority_rule
DE06_r002_c007,DE06,Nuremberg,train,True,False,False,False,False,False,no_training_minority_rule,no_training_minority_rule
DE06_r002_c008,DE06,Nuremberg,train,True,False,False,False,False,False,no_training_minority_rule,no_training_minority_rule
DE06_r002_c009,DE06,Nuremberg,train,True,False,False,False,False,False,no_training_minority_rule,no_training_minority_rule
DE06_r002_c010,DE06,Nuremberg,train,True,False,False,False,False,False,no_training_minority_rule,no_training_minority_rule
DE06_r002_c011,DE06,Nuremberg,train,False,True,True,False,False,False,coverage_gate_failed,coverage_gate_failed
DE06_r003_c000,DE06,Nuremberg,train,True,False,False,False,False,False,no_training_minority_rule,no_training_minority_rule
DE06_r003_c001,DE06,Nuremberg,train,True,False,False,False,False,False,no_training_minority_rule,no_training_minority_rule
DE06_r003_c002,DE06,Nuremberg,train,True,True,False,False,True,True,buildings>=0.075000+water>=0.050000,
DE06_r003_c003,DE06,Nuremberg,train,True,True,True,False,False,True,buildings>=0.075000+roads>=0.075000,
DE06_r003_c004,DE06,Nuremberg,train,True,True,False,False,False,True,buildings>=0.075000,
DE06_r003_c005,DE06,Nuremberg,train,True,False,False,False,False,False,no_training_minority_rule,no_training_minority_rule
DE06_r003_c006,DE06,Nuremberg,train,True,False,False,False,False,False,no_training_minority_rule,no_training_minority_rule
DE06_r003_c007,DE06,Nuremberg,train,True,False,False,False,False,False,no_training_minority_rule,no_training_minority_rule
DE06_r003_c008,DE06,Nuremberg,train,True,False,False,False,False,False,no_training_minority_rule,no_training_minority_rule
DE06_r003_c009,DE06,Nuremberg,train,True,False,False,False,False,False,no_training_minority_rule,no_training_minority_rule
DE06_r003_c010,DE06,Nuremberg,train,True,False,False,False,False,False,no_training_minority_rule,no_training_minority_rule
DE06_r003_c011,DE06,Nuremberg,train,False,True,True,False,False,False,coverage_gate_failed,coverage_gate_failed
DE06_r004_c000,DE06,Nuremberg,train,True,False,False,False,False,False,no_training_minority_rule,no_training_minority_rule
DE06_r004_c001,DE06,Nuremberg,train,True,True,False,False,False,True,buildings>=0.075000,
DE06_r004_c002,DE06,Nuremberg,train,True,True,True,False,False,True,buildings>=0.075000+roads>=0.075000,
DE06_r004_c003,DE06,Nuremberg,train,True,True,True,False,False,True,buildings>=0.075000+roads>=0.075000,
DE06_r004_c004,DE06,Nuremberg,train,True,True,False,False,False,True,buildings>=0.075000,
DE06_r004_c005,DE06,Nuremberg,train,True,True,True,False,False,True,buildings>=0.075000+roads>=0.075000,
DE06_r004_c006,DE06,Nuremberg,train,True,True,True,False,False,True,buildings>=0.075000+roads>=0.075000,
DE06_r004_c007,DE06,Nuremberg,train,True,True,False,False,False,True,buildings>=0.075000,
DE06_r004_c008,DE06,Nuremberg,train,True,False,False,False,False,False,no_training_minority_rule,no_training_minority_rule
DE06_r004_c009,DE06,Nuremberg,train,True,True,False,False,False,True,buildings>=0.075000,
DE06_r004_c010,DE06,Nuremberg,train,True,True,True,True,False,True,buildings>=0.075000+roads>=0.075000+bare_land>=0.005000,
DE06_r004_c011,DE06,Nuremberg,train,False,False,False,False,False,False,coverage_gate_failed,coverage_gate_failed
DE06_r005_c000,DE06,Nuremberg,train,True,False,False,False,False,False,no_training_minority_rule,no_training_minority_rule
DE06_r005_c001,DE06,Nuremberg,train,True,False,False,False,False,False,no_training_minority_rule,no_training_minority_rule
DE06_r005_c002,DE06,Nuremberg,train,True,True,True,False,False,True,buildings>=0.075000+roads>=0.075000,
DE06_r005_c003,DE06,Nuremberg,train,True,True,True,False,False,True,buildings>=0.075000+roads>=0.075000,
DE06_r005_c004,DE06,Nuremberg,train,True,True,True,False,False,True,buildings>=0.075000+roads>=0.075000,
DE06_r005_c005,DE06,Nuremberg,train,True,True,True,False,False,True,buildings>=0.075000+roads>=0.075000,
DE06_r005_c006,DE06,Nuremberg,train,True,True,True,False,True,True,buildings>=0.075000+roads>=0.075000+water>=0.050000,
DE06_r005_c007,DE06,Nuremberg,train,True,True,True,False,False,True,buildings>=0.075000+roads>=0.075000,
DE06_r005_c008,DE06,Nuremberg,train,True,False,False,False,False,False,no_training_minority_rule,no_training_minority_rule
DE06_r005_c009,DE06,Nuremberg,train,True,False,False,False,False,False,no_training_minority_rule,no_training_minority_rule
DE06_r005_c010,DE06,Nuremberg,train,True,False,False,True,False,True,bare_land>=0.005000,
DE06_r005_c011,DE06,Nuremberg,train,False,False,False,True,False,False,coverage_gate_failed,coverage_gate_failed
DE06_r006_c000,DE06,Nuremberg,train,True,False,False,False,False,False,no_training_minority_rule,no_training_minority_rule
DE06_r006_c001,DE06,Nuremberg,train,True,False,False,True,False,True,bare_land>=0.005000,
DE06_r006_c002,DE06,Nuremberg,train,True,True,True,False,False,True,buildings>=0.075000+roads>=0.075000,
DE06_r006_c003,DE06,Nuremberg,train,True,True,True,False,False,True,buildings>=0.075000+roads>=0.075000,
DE06_r006_c004,DE06,Nuremberg,train,True,True,True,True,False,True,buildings>=0.075000+roads>=0.075000+bare_land>=0.005000,
DE06_r006_c005,DE06,Nuremberg,train,True,True,True,False,False,True,buildings>=0.075000+roads>=0.075000,
DE06_r006_c006,DE06,Nuremberg,train,True,True,True,True,True,True,buildings>=0.075000+roads>=0.075000+bare_land>=0.005000+water>=0.050000,
DE06_r006_c007,DE06,Nuremberg,train,True,True,True,False,False,True,buildings>=0.075000+roads>=0.075000,
DE06_r006_c008,DE06,Nuremberg,train,True,False,False,False,False,False,no_training_minority_rule,no_training_minority_rule
DE06_r006_c009,DE06,Nuremberg,train,True,False,False,False,False,False,no_training_minority_rule,no_training_minority_rule
DE06_r006_c010,DE06,Nuremberg,train,True,False,False,False,False,False,no_training_minority_rule,no_training_minority_rule
DE06_r006_c011,DE06,Nuremberg,train,False,False,False,True,False,False,coverage_gate_failed,coverage_gate_failed
DE06_r007_c000,DE06,Nuremberg,train,True,False,False,False,False,False,no_training_minority_rule,no_training_minority_rule
DE06_r007_c001,DE06,Nuremberg,train,True,False,False,False,False,False,no_training_minority_rule,no_training_minority_rule
DE06_r007_c002,DE06,Nuremberg,train,True,False,False,False,False,False,no_training_minority_rule,no_training_minority_rule
DE06_r007_c003,DE06,Nuremberg,train,True,True,True,False,False,True,buildings>=0.075000+roads>=0.075000,
DE06_r007_c004,DE06,Nuremberg,train,True,True,True,False,False,True,buildings>=0.075000+roads>=0.075000,
DE06_r007_c005,DE06,Nuremberg,train,False,True,True,False,True,False,coverage_gate_failed,coverage_gate_failed
DE06_r007_c006,DE06,Nuremberg,train,False,True,True,True,False,False,coverage_gate_failed,coverage_gate_failed
DE06_r007_c007,DE06,Nuremberg,train,True,True,True,False,False,True,buildings>=0.075000+roads>=0.075000,
DE06_r007_c008,DE06,Nuremberg,train,True,True,False,False,False,True,buildings>=0.075000,
DE06_r007_c009,DE06,Nuremberg,train,True,False,False,False,False,False,no_training_minority_rule,no_training_minority_rule
DE06_r007_c010,DE06,Nuremberg,train,True,False,False,False,False,False,no_training_minority_rule,no_training_minority_rule
DE06_r007_c011,DE06,Nuremberg,train,False,False,False,False,False,False,coverage_gate_failed,coverage_gate_failed
DE06_r008_c000,DE06,Nuremberg,train,True,True,False,False,False,True,buildings>=0.075000,
DE06_r008_c001,DE06,Nuremberg,train,True,False,False,False,False,False,no_training_minority_rule,no_training_minority_rule
DE06_r008_c002,DE06,Nuremberg,train,True,False,False,False,False,False,no_training_minority_rule,no_training_minority_rule
DE06_r008_c003,DE06,Nuremberg,train,True,False,False,False,False,False,no_training_minority_rule,no_training_minority_rule
DE06_r008_c004,DE06,Nuremberg,train,True,True,True,False,False,True,buildings>=0.075000+roads>=0.075000,
DE06_r008_c005,DE06,Nuremberg,train,True,True,True,True,True,True,buildings>=0.075000+roads>=0.075000+bare_land>=0.005000+water>=0.050000,
DE06_r008_c006,DE06,Nuremberg,train,True,False,False,False,False,False,no_training_minority_rule,no_training_minority_rule
DE06_r008_c007,DE06,Nuremberg,train,True,False,False,False,False,False,no_training_minority_rule,no_training_minority_rule
DE06_r008_c008,DE06,Nuremberg,train,True,True,False,False,False,True,buildings>=0.075000,
DE06_r008_c009,DE06,Nuremberg,train,True,False,False,False,False,False,no_training_minority_rule,no_training_minority_rule
DE06_r008_c010,DE06,Nuremberg,train,True,False,False,False,False,False,no_training_minority_rule,no_training_minority_rule
DE06_r008_c011,DE06,Nuremberg,train,False,False,False,False,False,False,coverage_gate_failed,coverage_gate_failed
DE06_r009_c000,DE06,Nuremberg,train,True,False,False,False,False,False,no_training_minority_rule,no_training_minority_rule
DE06_r009_c001,DE06,Nuremberg,train,True,False,False,False,False,False,no_training_minority_rule,no_training_minority_rule
DE06_r009_c002,DE06,Nuremberg,train,True,False,False,False,False,False,no_training_minority_rule,no_training_minority_rule
DE06_r009_c003,DE06,Nuremberg,train,True,False,False,False,False,False,no_training_minority_rule,no_training_minority_rule
DE06_r009_c004,DE06,Nuremberg,train,True,True,True,False,False,True,buildings>=0.075000+roads>=0.075000,
DE06_r009_c005,DE06,Nuremberg,train,True,True,False,False,False,True,buildings>=0.075000,
DE06_r009_c006,DE06,Nuremberg,train,True,False,False,True,False,True,bare_land>=0.005000,
DE06_r009_c007,DE06,Nuremberg,train,True,False,False,False,False,False,no_training_minority_rule,no_training_minority_rule
DE06_r009_c008,DE06,Nuremberg,train,True,False,False,False,False,False,no_training_minority_rule,no_training_minority_rule
DE06_r009_c009,DE06,Nuremberg,train,True,False,True,True,False,True,roads>=0.075000+bare_land>=0.005000,
DE06_r009_c010,DE06,Nuremberg,train,True,False,False,True,False,True,bare_land>=0.005000,
DE06_r009_c011,DE06,Nuremberg,train,False,False,False,False,False,False,coverage_gate_failed,coverage_gate_failed
DE06_r010_c000,DE06,Nuremberg,train,True,False,False,False,False,False,no_training_minority_rule,no_training_minority_rule
DE06_r010_c001,DE06,Nuremberg,train,True,False,False,False,False,False,no_training_minority_rule,no_training_minority_rule
DE06_r010_c002,DE06,Nuremberg,train,True,False,False,False,False,False,no_training_minority_rule,no_training_minority_rule
DE06_r010_c003,DE06,Nuremberg,train,True,False,False,False,False,False,no_training_minority_rule,no_training_minority_rule
DE06_r010_c004,DE06,Nuremberg,train,True,False,False,True,False,True,bare_land>=0.005000,
DE06_r010_c005,DE06,Nuremberg,train,True,False,False,True,False,True,bare_land>=0.005000,
DE06_r010_c006,DE06,Nuremberg,train,True,False,False,True,False,True,bare_land>=0.005000,
DE06_r010_c007,DE06,Nuremberg,train,True,False,False,False,False,False,no_training_minority_rule,no_training_minority_rule
DE06_r010_c008,DE06,Nuremberg,train,True,False,False,False,False,False,no_training_minority_rule,no_training_minority_rule
DE06_r010_c009,DE06,Nuremberg,train,True,False,False,False,False,False,no_training_minority_rule,no_training_minority_rule
DE06_r010_c010,DE06,Nuremberg,train,True,False,False,False,False,False,no_training_minority_rule,no_training_minority_rule
DE06_r010_c011,DE06,Nuremberg,train,False,False,False,True,False,False,coverage_gate_failed,coverage_gate_failed
DE06_r011_c000,DE06,Nuremberg,train,False,False,False,False,False,False,coverage_gate_failed,coverage_gate_failed
DE06_r011_c001,DE06,Nuremberg,train,False,False,False,False,False,False,coverage_gate_failed,coverage_gate_failed
DE06_r011_c002,DE06,Nuremberg,train,False,False,False,False,False,False,coverage_gate_failed,coverage_gate_failed
DE06_r011_c003,DE06,Nuremberg,train,False,False,False,False,False,False,coverage_gate_failed,coverage_gate_failed
DE06_r011_c004,DE06,Nuremberg,train,False,True,True,False,False,False,coverage_gate_failed,coverage_gate_failed
DE06_r011_c005,DE06,Nuremberg,train,False,True,True,False,False,False,coverage_gate_failed,coverage_gate_failed
DE06_r011_c006,DE06,Nuremberg,train,False,False,False,False,False,False,coverage_gate_failed,coverage_gate_failed
DE06_r011_c007,DE06,Nuremberg,train,False,False,False,False,False,False,coverage_gate_failed,coverage_gate_failed
DE06_r011_c008,DE06,Nuremberg,train,False,False,False,False,False,False,coverage_gate_failed,coverage_gate_failed
DE06_r011_c009,DE06,Nuremberg,train,False,False,False,False,False,False,coverage_gate_failed,coverage_gate_failed
DE06_r011_c010,DE06,Nuremberg,train,False,False,False,True,False,False,coverage_gate_failed,coverage_gate_failed
DE06_r011_c011,DE06,Nuremberg,train,False,False,False,False,False,False,coverage_gate_failed,coverage_gate_failed
DE07_r000_c000,DE07,Frankfurt,train,True,False,False,False,False,False,no_training_minority_rule,no_training_minority_rule
DE07_r000_c001,DE07,Frankfurt,train,True,False,False,False,False,False,no_training_minority_rule,no_training_minority_rule
DE07_r000_c002,DE07,Frankfurt,train,True,False,False,False,False,False,no_training_minority_rule,no_training_minority_rule
DE07_r000_c003,DE07,Frankfurt,train,True,True,True,False,False,True,buildings>=0.075000+roads>=0.075000,
DE07_r000_c004,DE07,Frankfurt,train,True,True,True,False,False,True,buildings>=0.075000+roads>=0.075000,
DE07_r000_c005,DE07,Frankfurt,train,True,False,False,False,False,False,no_training_minority_rule,no_training_minority_rule
DE07_r000_c006,DE07,Frankfurt,train,True,False,False,False,False,False,no_training_minority_rule,no_training_minority_rule
DE07_r000_c007,DE07,Frankfurt,train,True,False,False,False,False,False,no_training_minority_rule,no_training_minority_rule
DE07_r000_c008,DE07,Frankfurt,train,True,True,True,False,False,True,buildings>=0.075000+roads>=0.075000,
DE07_r000_c009,DE07,Frankfurt,train,True,False,False,False,False,False,no_training_minority_rule,no_training_minority_rule
DE07_r000_c010,DE07,Frankfurt,train,True,False,False,False,False,False,no_training_minority_rule,no_training_minority_rule
DE07_r000_c011,DE07,Frankfurt,train,False,True,False,False,False,False,coverage_gate_failed,coverage_gate_failed
DE07_r001_c000,DE07,Frankfurt,train,True,False,False,False,False,False,no_training_minority_rule,no_training_minority_rule
DE07_r001_c001,DE07,Frankfurt,train,True,False,False,False,False,False,no_training_minority_rule,no_training_minority_rule
DE07_r001_c002,DE07,Frankfurt,train,True,True,True,False,False,True,buildings>=0.075000+roads>=0.075000,
DE07_r001_c003,DE07,Frankfurt,train,True,True,True,False,False,True,buildings>=0.075000+roads>=0.075000,
DE07_r001_c004,DE07,Frankfurt,train,True,True,True,False,False,True,buildings>=0.075000+roads>=0.075000,
DE07_r001_c005,DE07,Frankfurt,train,True,False,False,False,False,False,no_training_minority_rule,no_training_minority_rule
DE07_r001_c006,DE07,Frankfurt,train,True,False,False,False,False,False,no_training_minority_rule,no_training_minority_rule
DE07_r001_c007,DE07,Frankfurt,train,True,False,False,False,False,False,no_training_minority_rule,no_training_minority_rule
DE07_r001_c008,DE07,Frankfurt,train,True,False,False,False,False,False,no_training_minority_rule,no_training_minority_rule
DE07_r001_c009,DE07,Frankfurt,train,True,False,False,False,False,False,no_training_minority_rule,no_training_minority_rule
DE07_r001_c010,DE07,Frankfurt,train,True,True,False,False,False,True,buildings>=0.075000,
DE07_r001_c011,DE07,Frankfurt,train,False,False,False,False,False,False,coverage_gate_failed,coverage_gate_failed
DE07_r002_c000,DE07,Frankfurt,train,True,True,True,False,False,True,buildings>=0.075000+roads>=0.075000,
DE07_r002_c001,DE07,Frankfurt,train,True,True,True,False,False,True,buildings>=0.075000+roads>=0.075000,
DE07_r002_c002,DE07,Frankfurt,train,True,False,False,False,False,False,no_training_minority_rule,no_training_minority_rule
DE07_r002_c003,DE07,Frankfurt,train,True,True,True,False,False,True,buildings>=0.075000+roads>=0.075000,
DE07_r002_c004,DE07,Frankfurt,train,True,True,True,False,False,True,buildings>=0.075000+roads>=0.075000,
DE07_r002_c005,DE07,Frankfurt,train,True,True,True,False,False,True,buildings>=0.075000+roads>=0.075000,
DE07_r002_c006,DE07,Frankfurt,train,True,False,False,False,False,False,no_training_minority_rule,no_training_minority_rule
DE07_r002_c007,DE07,Frankfurt,train,True,True,True,False,False,True,buildings>=0.075000+roads>=0.075000,
DE07_r002_c008,DE07,Frankfurt,train,True,False,False,False,False,False,no_training_minority_rule,no_training_minority_rule
DE07_r002_c009,DE07,Frankfurt,train,True,False,False,True,False,True,bare_land>=0.005000,
DE07_r002_c010,DE07,Frankfurt,train,True,False,False,False,False,False,no_training_minority_rule,no_training_minority_rule
DE07_r002_c011,DE07,Frankfurt,train,False,False,False,False,False,False,coverage_gate_failed,coverage_gate_failed
DE07_r003_c000,DE07,Frankfurt,train,True,True,False,False,False,True,buildings>=0.075000,
DE07_r003_c001,DE07,Frankfurt,train,True,True,True,False,False,True,buildings>=0.075000+roads>=0.075000,
DE07_r003_c002,DE07,Frankfurt,train,True,True,False,False,False,True,buildings>=0.075000,
DE07_r003_c003,DE07,Frankfurt,train,True,False,False,False,False,False,no_training_minority_rule,no_training_minority_rule
DE07_r003_c004,DE07,Frankfurt,train,True,True,True,False,False,True,buildings>=0.075000+roads>=0.075000,
DE07_r003_c005,DE07,Frankfurt,train,True,True,True,False,False,True,buildings>=0.075000+roads>=0.075000,
DE07_r003_c006,DE07,Frankfurt,train,True,True,True,False,False,True,buildings>=0.075000+roads>=0.075000,
DE07_r003_c007,DE07,Frankfurt,train,True,True,False,False,False,True,buildings>=0.075000,
DE07_r003_c008,DE07,Frankfurt,train,True,False,False,False,False,False,no_training_minority_rule,no_training_minority_rule
DE07_r003_c009,DE07,Frankfurt,train,True,False,False,False,False,False,no_training_minority_rule,no_training_minority_rule
DE07_r003_c010,DE07,Frankfurt,train,True,False,False,False,False,False,no_training_minority_rule,no_training_minority_rule
DE07_r003_c011,DE07,Frankfurt,train,False,False,False,False,False,False,coverage_gate_failed,coverage_gate_failed
DE07_r004_c000,DE07,Frankfurt,train,True,True,True,False,False,True,buildings>=0.075000+roads>=0.075000,
DE07_r004_c001,DE07,Frankfurt,train,True,True,True,False,False,True,buildings>=0.075000+roads>=0.075000,
DE07_r004_c002,DE07,Frankfurt,train,True,True,True,False,False,True,buildings>=0.075000+roads>=0.075000,
DE07_r004_c003,DE07,Frankfurt,train,True,True,True,False,False,True,buildings>=0.075000+roads>=0.075000,
DE07_r004_c004,DE07,Frankfurt,train,True,True,True,False,False,True,buildings>=0.075000+roads>=0.075000,
DE07_r004_c005,DE07,Frankfurt,train,False,True,True,False,False,False,coverage_gate_failed,coverage_gate_failed
DE07_r004_c006,DE07,Frankfurt,train,False,True,True,False,False,False,coverage_gate_failed,coverage_gate_failed
DE07_r004_c007,DE07,Frankfurt,train,False,True,True,True,False,False,coverage_gate_failed,coverage_gate_failed
DE07_r004_c008,DE07,Frankfurt,train,True,False,False,False,True,True,water>=0.050000,
DE07_r004_c009,DE07,Frankfurt,train,True,True,True,False,True,True,buildings>=0.075000+roads>=0.075000+water>=0.050000,
DE07_r004_c010,DE07,Frankfurt,train,True,True,True,False,False,True,buildings>=0.075000+roads>=0.075000,
DE07_r004_c011,DE07,Frankfurt,train,False,True,True,True,False,False,coverage_gate_failed,coverage_gate_failed
DE07_r005_c000,DE07,Frankfurt,train,True,True,True,False,False,True,buildings>=0.075000+roads>=0.075000,
DE07_r005_c001,DE07,Frankfurt,train,True,True,True,False,False,True,buildings>=0.075000+roads>=0.075000,
DE07_r005_c002,DE07,Frankfurt,train,True,True,True,False,False,True,buildings>=0.075000+roads>=0.075000,
DE07_r005_c003,DE07,Frankfurt,train,True,True,True,False,False,True,buildings>=0.075000+roads>=0.075000,
DE07_r005_c004,DE07,Frankfurt,train,True,True,True,True,False,True,buildings>=0.075000+roads>=0.075000+bare_land>=0.005000,
DE07_r005_c005,DE07,Frankfurt,train,True,True,True,False,False,True,buildings>=0.075000+roads>=0.075000,
DE07_r005_c006,DE07,Frankfurt,train,True,True,True,False,True,True,buildings>=0.075000+roads>=0.075000+water>=0.050000,
DE07_r005_c007,DE07,Frankfurt,train,True,True,True,False,True,True,buildings>=0.075000+roads>=0.075000+water>=0.050000,
DE07_r005_c008,DE07,Frankfurt,train,True,True,True,False,True,True,buildings>=0.075000+roads>=0.075000+water>=0.050000,
DE07_r005_c009,DE07,Frankfurt,train,True,True,True,False,False,True,buildings>=0.075000+roads>=0.075000,
DE07_r005_c010,DE07,Frankfurt,train,True,True,True,False,True,True,buildings>=0.075000+roads>=0.075000+water>=0.050000,
DE07_r005_c011,DE07,Frankfurt,train,False,False,False,False,True,False,coverage_gate_failed,coverage_gate_failed
DE07_r006_c000,DE07,Frankfurt,train,True,True,True,False,False,True,buildings>=0.075000+roads>=0.075000,
DE07_r006_c001,DE07,Frankfurt,train,True,True,True,False,True,True,buildings>=0.075000+roads>=0.075000+water>=0.050000,
DE07_r006_c002,DE07,Frankfurt,train,True,True,True,False,True,True,buildings>=0.075000+roads>=0.075000+water>=0.050000,
DE07_r006_c003,DE07,Frankfurt,train,False,True,True,False,True,False,coverage_gate_failed,coverage_gate_failed
DE07_r006_c004,DE07,Frankfurt,train,False,True,True,False,True,False,coverage_gate_failed,coverage_gate_failed
DE07_r006_c005,DE07,Frankfurt,train,True,True,True,False,True,True,buildings>=0.075000+roads>=0.075000+water>=0.050000,
DE07_r006_c006,DE07,Frankfurt,train,True,True,True,False,True,True,buildings>=0.075000+roads>=0.075000+water>=0.050000,
DE07_r006_c007,DE07,Frankfurt,train,True,True,True,False,False,True,buildings>=0.075000+roads>=0.075000,
DE07_r006_c008,DE07,Frankfurt,train,True,True,True,False,False,True,buildings>=0.075000+roads>=0.075000,
DE07_r006_c009,DE07,Frankfurt,train,True,True,True,True,False,True,buildings>=0.075000+roads>=0.075000+bare_land>=0.005000,
DE07_r006_c010,DE07,Frankfurt,train,True,False,False,False,False,False,no_training_minority_rule,no_training_minority_rule
DE07_r006_c011,DE07,Frankfurt,train,False,False,False,False,False,False,coverage_gate_failed,coverage_gate_failed
DE07_r007_c000,DE07,Frankfurt,train,True,True,True,False,False,True,buildings>=0.075000+roads>=0.075000,
DE07_r007_c001,DE07,Frankfurt,train,True,True,True,False,True,True,buildings>=0.075000+roads>=0.075000+water>=0.050000,
DE07_r007_c002,DE07,Frankfurt,train,True,False,False,False,False,False,no_training_minority_rule,no_training_minority_rule
DE07_r007_c003,DE07,Frankfurt,train,True,False,False,False,False,False,no_training_minority_rule,no_training_minority_rule
DE07_r007_c004,DE07,Frankfurt,train,True,True,True,False,False,True,buildings>=0.075000+roads>=0.075000,
DE07_r007_c005,DE07,Frankfurt,train,True,False,False,False,False,False,no_training_minority_rule,no_training_minority_rule
DE07_r007_c006,DE07,Frankfurt,train,True,False,False,False,False,False,no_training_minority_rule,no_training_minority_rule
DE07_r007_c007,DE07,Frankfurt,train,True,False,False,False,False,False,no_training_minority_rule,no_training_minority_rule
DE07_r007_c008,DE07,Frankfurt,train,True,False,False,True,False,True,bare_land>=0.005000,
DE07_r007_c009,DE07,Frankfurt,train,True,False,False,False,False,False,no_training_minority_rule,no_training_minority_rule
DE07_r007_c010,DE07,Frankfurt,train,True,True,True,False,False,True,buildings>=0.075000+roads>=0.075000,
DE07_r007_c011,DE07,Frankfurt,train,False,True,False,False,False,False,coverage_gate_failed,coverage_gate_failed
DE07_r008_c000,DE07,Frankfurt,train,True,True,False,False,True,True,buildings>=0.075000+water>=0.050000,
DE07_r008_c001,DE07,Frankfurt,train,True,True,True,False,True,True,buildings>=0.075000+roads>=0.075000+water>=0.050000,
DE07_r008_c002,DE07,Frankfurt,train,True,True,True,False,False,True,buildings>=0.075000+roads>=0.075000,
DE07_r008_c003,DE07,Frankfurt,train,True,True,True,False,False,True,buildings>=0.075000+roads>=0.075000,
DE07_r008_c004,DE07,Frankfurt,train,True,False,False,False,False,False,no_training_minority_rule,no_training_minority_rule
DE07_r008_c005,DE07,Frankfurt,train,True,True,True,False,False,True,buildings>=0.075000+roads>=0.075000,
DE07_r008_c006,DE07,Frankfurt,train,True,True,True,False,False,True,buildings>=0.075000+roads>=0.075000,
DE07_r008_c007,DE07,Frankfurt,train,True,False,False,False,False,False,no_training_minority_rule,no_training_minority_rule
DE07_r008_c008,DE07,Frankfurt,train,True,False,False,False,False,False,no_training_minority_rule,no_training_minority_rule
DE07_r008_c009,DE07,Frankfurt,train,True,True,False,True,False,True,buildings>=0.075000+bare_land>=0.005000,
DE07_r008_c010,DE07,Frankfurt,train,True,False,False,False,False,False,no_training_minority_rule,no_training_minority_rule
DE07_r008_c011,DE07,Frankfurt,train,False,True,True,True,False,False,coverage_gate_failed,coverage_gate_failed
DE07_r009_c000,DE07,Frankfurt,train,True,True,True,True,True,True,buildings>=0.075000+roads>=0.075000+bare_land>=0.005000+water>=0.050000,
DE07_r009_c001,DE07,Frankfurt,train,True,False,False,False,False,False,no_training_minority_rule,no_training_minority_rule
DE07_r009_c002,DE07,Frankfurt,train,True,True,True,False,False,True,buildings>=0.075000+roads>=0.075000,
DE07_r009_c003,DE07,Frankfurt,train,True,False,True,False,False,True,roads>=0.075000,
DE07_r009_c004,DE07,Frankfurt,train,True,False,False,True,False,True,bare_land>=0.005000,
DE07_r009_c005,DE07,Frankfurt,train,True,False,False,False,False,False,no_training_minority_rule,no_training_minority_rule
DE07_r009_c006,DE07,Frankfurt,train,True,True,True,False,False,True,buildings>=0.075000+roads>=0.075000,
DE07_r009_c007,DE07,Frankfurt,train,True,False,False,False,False,False,no_training_minority_rule,no_training_minority_rule
DE07_r009_c008,DE07,Frankfurt,train,True,True,True,False,False,True,buildings>=0.075000+roads>=0.075000,
DE07_r009_c009,DE07,Frankfurt,train,True,True,False,False,False,True,buildings>=0.075000,
DE07_r009_c010,DE07,Frankfurt,train,True,False,False,False,False,False,no_training_minority_rule,no_training_minority_rule
DE07_r009_c011,DE07,Frankfurt,train,False,True,True,True,False,False,coverage_gate_failed,coverage_gate_failed
DE07_r010_c000,DE07,Frankfurt,train,True,False,False,False,False,False,no_training_minority_rule,no_training_minority_rule
DE07_r010_c001,DE07,Frankfurt,train,True,False,False,False,False,False,no_training_minority_rule,no_training_minority_rule
DE07_r010_c002,DE07,Frankfurt,train,True,True,False,False,False,True,buildings>=0.075000,
DE07_r010_c003,DE07,Frankfurt,train,True,False,False,False,True,True,water>=0.050000,
DE07_r010_c004,DE07,Frankfurt,train,True,False,False,True,True,True,bare_land>=0.005000+water>=0.050000,
DE07_r010_c005,DE07,Frankfurt,train,True,True,False,True,False,True,buildings>=0.075000+bare_land>=0.005000,
DE07_r010_c006,DE07,Frankfurt,train,True,True,True,False,False,True,buildings>=0.075000+roads>=0.075000,
DE07_r010_c007,DE07,Frankfurt,train,True,False,False,False,False,False,no_training_minority_rule,no_training_minority_rule
DE07_r010_c008,DE07,Frankfurt,train,True,True,True,False,False,True,buildings>=0.075000+roads>=0.075000,
DE07_r010_c009,DE07,Frankfurt,train,True,False,False,False,False,False,no_training_minority_rule,no_training_minority_rule
DE07_r010_c010,DE07,Frankfurt,train,True,False,False,True,True,True,bare_land>=0.005000+water>=0.050000,
DE07_r010_c011,DE07,Frankfurt,train,False,True,True,True,True,False,coverage_gate_failed,coverage_gate_failed
DE07_r011_c000,DE07,Frankfurt,train,False,False,False,False,False,False,coverage_gate_failed,coverage_gate_failed
DE07_r011_c001,DE07,Frankfurt,train,False,False,False,False,False,False,coverage_gate_failed,coverage_gate_failed
DE07_r011_c002,DE07,Frankfurt,train,False,True,True,False,False,False,coverage_gate_failed,coverage_gate_failed
DE07_r011_c003,DE07,Frankfurt,train,False,False,False,False,False,False,coverage_gate_failed,coverage_gate_failed
DE07_r011_c004,DE07,Frankfurt,train,False,False,False,False,False,False,coverage_gate_failed,coverage_gate_failed
DE07_r011_c005,DE07,Frankfurt,train,False,True,True,False,False,False,coverage_gate_failed,coverage_gate_failed
DE07_r011_c006,DE07,Frankfurt,train,False,False,False,False,False,False,coverage_gate_failed,coverage_gate_failed
DE07_r011_c007,DE07,Frankfurt,train,False,False,False,False,False,False,coverage_gate_failed,coverage_gate_failed
DE07_r011_c008,DE07,Frankfurt,train,False,False,False,False,False,False,coverage_gate_failed,coverage_gate_failed
DE07_r011_c009,DE07,Frankfurt,train,False,True,True,True,False,False,coverage_gate_failed,coverage_gate_failed
DE07_r011_c010,DE07,Frankfurt,train,False,False,False,False,False,False,coverage_gate_failed,coverage_gate_failed
DE07_r011_c011,DE07,Frankfurt,train,False,True,False,False,False,False,coverage_gate_failed,coverage_gate_failed
DE08_r000_c000,DE08,Cologne,train,True,False,False,False,False,False,no_training_minority_rule,no_training_minority_rule
DE08_r000_c001,DE08,Cologne,train,True,False,False,False,False,False,no_training_minority_rule,no_training_minority_rule
DE08_r000_c002,DE08,Cologne,train,True,True,True,False,False,True,buildings>=0.075000+roads>=0.075000,
DE08_r000_c003,DE08,Cologne,train,True,False,False,False,True,True,water>=0.050000,
DE08_r000_c004,DE08,Cologne,train,True,False,False,False,True,True,water>=0.050000,
DE08_r000_c005,DE08,Cologne,train,True,True,True,False,True,True,buildings>=0.075000+roads>=0.075000+water>=0.050000,
DE08_r000_c006,DE08,Cologne,train,True,True,True,False,False,True,buildings>=0.075000+roads>=0.075000,
DE08_r000_c007,DE08,Cologne,train,True,True,True,False,False,True,buildings>=0.075000+roads>=0.075000,
DE08_r000_c008,DE08,Cologne,train,True,True,True,False,False,True,buildings>=0.075000+roads>=0.075000,
DE08_r000_c009,DE08,Cologne,train,True,False,False,False,False,False,no_training_minority_rule,no_training_minority_rule
DE08_r000_c010,DE08,Cologne,train,True,False,False,True,False,True,bare_land>=0.005000,
DE08_r000_c011,DE08,Cologne,train,False,False,False,False,False,False,coverage_gate_failed,coverage_gate_failed
DE08_r001_c000,DE08,Cologne,train,True,False,False,False,False,False,no_training_minority_rule,no_training_minority_rule
DE08_r001_c001,DE08,Cologne,train,True,False,False,False,True,True,water>=0.050000,
DE08_r001_c002,DE08,Cologne,train,True,False,False,False,False,False,no_training_minority_rule,no_training_minority_rule
DE08_r001_c003,DE08,Cologne,train,True,False,False,False,False,False,no_training_minority_rule,no_training_minority_rule
DE08_r001_c004,DE08,Cologne,train,True,True,True,False,True,True,buildings>=0.075000+roads>=0.075000+water>=0.050000,
DE08_r001_c005,DE08,Cologne,train,True,True,False,True,True,True,buildings>=0.075000+bare_land>=0.005000+water>=0.050000,
DE08_r001_c006,DE08,Cologne,train,True,True,True,True,True,True,buildings>=0.075000+roads>=0.075000+bare_land>=0.005000+water>=0.050000,
DE08_r001_c007,DE08,Cologne,train,True,True,True,False,False,True,buildings>=0.075000+roads>=0.075000,
DE08_r001_c008,DE08,Cologne,train,True,True,True,False,False,True,buildings>=0.075000+roads>=0.075000,
DE08_r001_c009,DE08,Cologne,train,True,False,False,False,False,False,no_training_minority_rule,no_training_minority_rule
DE08_r001_c010,DE08,Cologne,train,True,False,False,False,False,False,no_training_minority_rule,no_training_minority_rule
DE08_r001_c011,DE08,Cologne,train,False,False,False,False,False,False,coverage_gate_failed,coverage_gate_failed
DE08_r002_c000,DE08,Cologne,train,True,False,False,False,False,False,no_training_minority_rule,no_training_minority_rule
DE08_r002_c001,DE08,Cologne,train,True,True,False,False,False,True,buildings>=0.075000,
DE08_r002_c002,DE08,Cologne,train,True,False,False,False,False,False,no_training_minority_rule,no_training_minority_rule
DE08_r002_c003,DE08,Cologne,train,True,True,True,False,True,True,buildings>=0.075000+roads>=0.075000+water>=0.050000,
DE08_r002_c004,DE08,Cologne,train,True,True,True,False,True,True,buildings>=0.075000+roads>=0.075000+water>=0.050000,
DE08_r002_c005,DE08,Cologne,train,True,True,True,False,True,True,buildings>=0.075000+roads>=0.075000+water>=0.050000,
DE08_r002_c006,DE08,Cologne,train,True,True,True,False,True,True,buildings>=0.075000+roads>=0.075000+water>=0.050000,
DE08_r002_c007,DE08,Cologne,train,True,False,True,False,True,True,roads>=0.075000+water>=0.050000,
DE08_r002_c008,DE08,Cologne,train,True,False,False,False,False,False,no_training_minority_rule,no_training_minority_rule
DE08_r002_c009,DE08,Cologne,train,True,True,True,False,False,True,buildings>=0.075000+roads>=0.075000,
DE08_r002_c010,DE08,Cologne,train,True,False,False,False,False,False,no_training_minority_rule,no_training_minority_rule
DE08_r002_c011,DE08,Cologne,train,False,False,False,False,False,False,coverage_gate_failed,coverage_gate_failed
DE08_r003_c000,DE08,Cologne,train,True,False,False,False,False,False,no_training_minority_rule,no_training_minority_rule
DE08_r003_c001,DE08,Cologne,train,True,True,True,False,False,True,buildings>=0.075000+roads>=0.075000,
DE08_r003_c002,DE08,Cologne,train,True,True,False,True,True,True,buildings>=0.075000+bare_land>=0.005000+water>=0.050000,
DE08_r003_c003,DE08,Cologne,train,True,True,True,False,True,True,buildings>=0.075000+roads>=0.075000+water>=0.050000,
DE08_r003_c004,DE08,Cologne,train,True,True,True,True,False,True,buildings>=0.075000+roads>=0.075000+bare_land>=0.005000,
DE08_r003_c005,DE08,Cologne,train,True,True,True,False,True,True,buildings>=0.075000+roads>=0.075000+water>=0.050000,
DE08_r003_c006,DE08,Cologne,train,True,True,True,False,True,True,buildings>=0.075000+roads>=0.075000+water>=0.050000,
DE08_r003_c007,DE08,Cologne,train,True,True,True,False,False,True,buildings>=0.075000+roads>=0.075000,
DE08_r003_c008,DE08,Cologne,train,True,True,False,False,False,True,buildings>=0.075000,
DE08_r003_c009,DE08,Cologne,train,True,True,True,False,False,True,buildings>=0.075000+roads>=0.075000,
DE08_r003_c010,DE08,Cologne,train,True,True,True,True,False,True,buildings>=0.075000+roads>=0.075000+bare_land>=0.005000,
DE08_r003_c011,DE08,Cologne,train,False,False,False,False,False,False,coverage_gate_failed,coverage_gate_failed
DE08_r004_c000,DE08,Cologne,train,True,True,True,False,False,True,buildings>=0.075000+roads>=0.075000,
DE08_r004_c001,DE08,Cologne,train,True,True,False,False,False,True,buildings>=0.075000,
DE08_r004_c002,DE08,Cologne,train,True,True,True,True,False,True,buildings>=0.075000+roads>=0.075000+bare_land>=0.005000,
DE08_r004_c003,DE08,Cologne,train,True,True,True,False,False,True,buildings>=0.075000+roads>=0.075000,
DE08_r004_c004,DE08,Cologne,train,True,True,True,True,False,True,buildings>=0.075000+roads>=0.075000+bare_land>=0.005000,
DE08_r004_c005,DE08,Cologne,train,True,True,True,False,False,True,buildings>=0.075000+roads>=0.075000,
DE08_r004_c006,DE08,Cologne,train,True,True,True,False,True,True,buildings>=0.075000+roads>=0.075000+water>=0.050000,
DE08_r004_c007,DE08,Cologne,train,True,True,True,False,False,True,buildings>=0.075000+roads>=0.075000,
DE08_r004_c008,DE08,Cologne,train,True,True,True,False,False,True,buildings>=0.075000+roads>=0.075000,
DE08_r004_c009,DE08,Cologne,train,True,True,True,False,False,True,buildings>=0.075000+roads>=0.075000,
DE08_r004_c010,DE08,Cologne,train,True,True,True,False,False,True,buildings>=0.075000+roads>=0.075000,
DE08_r004_c011,DE08,Cologne,train,False,True,True,False,False,False,coverage_gate_failed,coverage_gate_failed
DE08_r005_c000,DE08,Cologne,train,True,True,False,False,False,True,buildings>=0.075000,
DE08_r005_c001,DE08,Cologne,train,True,False,False,False,False,False,no_training_minority_rule,no_training_minority_rule
DE08_r005_c002,DE08,Cologne,train,True,True,True,False,False,True,buildings>=0.075000+roads>=0.075000,
DE08_r005_c003,DE08,Cologne,train,True,True,True,False,False,True,buildings>=0.075000+roads>=0.075000,
DE08_r005_c004,DE08,Cologne,train,True,True,True,False,False,True,buildings>=0.075000+roads>=0.075000,
DE08_r005_c005,DE08,Cologne,train,True,True,True,False,True,True,buildings>=0.075000+roads>=0.075000+water>=0.050000,
DE08_r005_c006,DE08,Cologne,train,True,True,True,True,True,True,buildings>=0.075000+roads>=0.075000+bare_land>=0.005000+water>=0.050000,
DE08_r005_c007,DE08,Cologne,train,True,True,True,False,False,True,buildings>=0.075000+roads>=0.075000,
DE08_r005_c008,DE08,Cologne,train,True,True,True,False,False,True,buildings>=0.075000+roads>=0.075000,
DE08_r005_c009,DE08,Cologne,train,True,True,True,False,False,True,buildings>=0.075000+roads>=0.075000,
DE08_r005_c010,DE08,Cologne,train,True,True,True,False,False,True,buildings>=0.075000+roads>=0.075000,
DE08_r005_c011,DE08,Cologne,train,False,False,False,False,False,False,coverage_gate_failed,coverage_gate_failed
DE08_r006_c000,DE08,Cologne,train,True,False,False,True,False,True,bare_land>=0.005000,
DE08_r006_c001,DE08,Cologne,train,True,True,True,True,False,True,buildings>=0.075000+roads>=0.075000+bare_land>=0.005000,
DE08_r006_c002,DE08,Cologne,train,True,True,True,False,False,True,buildings>=0.075000+roads>=0.075000,
DE08_r006_c003,DE08,Cologne,train,True,True,False,False,False,True,buildings>=0.075000,
DE08_r006_c004,DE08,Cologne,train,True,True,True,False,False,True,buildings>=0.075000+roads>=0.075000,
DE08_r006_c005,DE08,Cologne,train,True,True,True,False,False,True,buildings>=0.075000+roads>=0.075000,
DE08_r006_c006,DE08,Cologne,train,True,True,True,False,True,True,buildings>=0.075000+roads>=0.075000+water>=0.050000,
DE08_r006_c007,DE08,Cologne,train,True,True,True,True,True,True,buildings>=0.075000+roads>=0.075000+bare_land>=0.005000+water>=0.050000,
DE08_r006_c008,DE08,Cologne,train,True,True,True,False,True,True,buildings>=0.075000+roads>=0.075000+water>=0.050000,
DE08_r006_c009,DE08,Cologne,train,True,True,True,False,False,True,buildings>=0.075000+roads>=0.075000,
DE08_r006_c010,DE08,Cologne,train,True,False,False,False,False,False,no_training_minority_rule,no_training_minority_rule
DE08_r006_c011,DE08,Cologne,train,False,False,False,False,False,False,coverage_gate_failed,coverage_gate_failed
DE08_r007_c000,DE08,Cologne,train,True,False,False,False,False,False,no_training_minority_rule,no_training_minority_rule
DE08_r007_c001,DE08,Cologne,train,True,True,True,False,False,True,buildings>=0.075000+roads>=0.075000,
DE08_r007_c002,DE08,Cologne,train,True,True,False,False,False,True,buildings>=0.075000,
DE08_r007_c003,DE08,Cologne,train,True,True,False,False,False,True,buildings>=0.075000,
DE08_r007_c004,DE08,Cologne,train,True,True,True,False,True,True,buildings>=0.075000+roads>=0.075000+water>=0.050000,
DE08_r007_c005,DE08,Cologne,train,True,True,True,False,False,True,buildings>=0.075000+roads>=0.075000,
DE08_r007_c006,DE08,Cologne,train,True,True,True,False,True,True,buildings>=0.075000+roads>=0.075000+water>=0.050000,
DE08_r007_c007,DE08,Cologne,train,True,True,True,False,True,True,buildings>=0.075000+roads>=0.075000+water>=0.050000,
DE08_r007_c008,DE08,Cologne,train,False,True,True,False,True,False,coverage_gate_failed,coverage_gate_failed
DE08_r007_c009,DE08,Cologne,train,True,False,False,False,False,False,no_training_minority_rule,no_training_minority_rule
DE08_r007_c010,DE08,Cologne,train,True,False,False,False,False,False,no_training_minority_rule,no_training_minority_rule
DE08_r007_c011,DE08,Cologne,train,False,True,True,False,False,False,coverage_gate_failed,coverage_gate_failed
DE08_r008_c000,DE08,Cologne,train,True,False,False,False,False,False,no_training_minority_rule,no_training_minority_rule
DE08_r008_c001,DE08,Cologne,train,True,False,False,False,False,False,no_training_minority_rule,no_training_minority_rule
DE08_r008_c002,DE08,Cologne,train,True,False,False,False,True,True,water>=0.050000,
DE08_r008_c003,DE08,Cologne,train,True,True,True,False,False,True,buildings>=0.075000+roads>=0.075000,
DE08_r008_c004,DE08,Cologne,train,True,True,True,True,False,True,buildings>=0.075000+roads>=0.075000+bare_land>=0.005000,
DE08_r008_c005,DE08,Cologne,train,True,True,False,True,False,True,buildings>=0.075000+bare_land>=0.005000,
DE08_r008_c006,DE08,Cologne,train,True,True,True,False,False,True,buildings>=0.075000+roads>=0.075000,
DE08_r008_c007,DE08,Cologne,train,True,True,True,False,True,True,buildings>=0.075000+roads>=0.075000+water>=0.050000,
DE08_r008_c008,DE08,Cologne,train,True,True,True,False,True,True,buildings>=0.075000+roads>=0.075000+water>=0.050000,
DE08_r008_c009,DE08,Cologne,train,True,True,True,False,False,True,buildings>=0.075000+roads>=0.075000,
DE08_r008_c010,DE08,Cologne,train,True,True,False,False,False,True,buildings>=0.075000,
DE08_r008_c011,DE08,Cologne,train,False,False,False,False,False,False,coverage_gate_failed,coverage_gate_failed
DE08_r009_c000,DE08,Cologne,train,True,True,False,False,False,True,buildings>=0.075000,
DE08_r009_c001,DE08,Cologne,train,True,False,False,False,True,True,water>=0.050000,
DE08_r009_c002,DE08,Cologne,train,True,False,False,True,False,True,bare_land>=0.005000,
DE08_r009_c003,DE08,Cologne,train,True,True,False,False,False,True,buildings>=0.075000,
DE08_r009_c004,DE08,Cologne,train,True,True,True,True,False,True,buildings>=0.075000+roads>=0.075000+bare_land>=0.005000,
DE08_r009_c005,DE08,Cologne,train,True,False,True,True,True,True,roads>=0.075000+bare_land>=0.005000+water>=0.050000,
DE08_r009_c006,DE08,Cologne,train,True,True,True,False,True,True,buildings>=0.075000+roads>=0.075000+water>=0.050000,
DE08_r009_c007,DE08,Cologne,train,True,False,False,False,True,True,water>=0.050000,
DE08_r009_c008,DE08,Cologne,train,True,False,False,False,False,False,no_training_minority_rule,no_training_minority_rule
DE08_r009_c009,DE08,Cologne,train,True,True,True,False,False,True,buildings>=0.075000+roads>=0.075000,
DE08_r009_c010,DE08,Cologne,train,True,False,False,False,False,False,no_training_minority_rule,no_training_minority_rule
DE08_r009_c011,DE08,Cologne,train,False,False,False,False,False,False,coverage_gate_failed,coverage_gate_failed
DE08_r010_c000,DE08,Cologne,train,True,False,False,True,False,True,bare_land>=0.005000,
DE08_r010_c001,DE08,Cologne,train,True,True,False,True,False,True,buildings>=0.075000+bare_land>=0.005000,
DE08_r010_c002,DE08,Cologne,train,True,False,False,True,True,True,bare_land>=0.005000+water>=0.050000,
DE08_r010_c003,DE08,Cologne,train,True,True,True,False,True,True,buildings>=0.075000+roads>=0.075000+water>=0.050000,
DE08_r010_c004,DE08,Cologne,train,True,True,True,True,False,True,buildings>=0.075000+roads>=0.075000+bare_land>=0.005000,
DE08_r010_c005,DE08,Cologne,train,True,True,True,True,False,True,buildings>=0.075000+roads>=0.075000+bare_land>=0.005000,
DE08_r010_c006,DE08,Cologne,train,True,True,True,False,True,True,buildings>=0.075000+roads>=0.075000+water>=0.050000,
DE08_r010_c007,DE08,Cologne,train,True,True,True,False,True,True,buildings>=0.075000+roads>=0.075000+water>=0.050000,
DE08_r010_c008,DE08,Cologne,train,True,False,False,False,False,False,no_training_minority_rule,no_training_minority_rule
DE08_r010_c009,DE08,Cologne,train,True,True,True,True,True,True,buildings>=0.075000+roads>=0.075000+bare_land>=0.005000+water>=0.050000,
DE08_r010_c010,DE08,Cologne,train,True,True,False,True,False,True,buildings>=0.075000+bare_land>=0.005000,
DE08_r010_c011,DE08,Cologne,train,False,False,False,False,False,False,coverage_gate_failed,coverage_gate_failed
DE08_r011_c000,DE08,Cologne,train,False,True,True,False,False,False,coverage_gate_failed,coverage_gate_failed
DE08_r011_c001,DE08,Cologne,train,False,True,True,False,False,False,coverage_gate_failed,coverage_gate_failed
DE08_r011_c002,DE08,Cologne,train,False,False,False,False,True,False,coverage_gate_failed,coverage_gate_failed
DE08_r011_c003,DE08,Cologne,train,False,True,False,False,False,False,coverage_gate_failed,coverage_gate_failed
DE08_r011_c004,DE08,Cologne,train,False,False,False,True,False,False,coverage_gate_failed,coverage_gate_failed
DE08_r011_c005,DE08,Cologne,train,False,False,False,True,True,False,coverage_gate_failed,coverage_gate_failed
DE08_r011_c006,DE08,Cologne,train,False,True,True,False,False,False,coverage_gate_failed,coverage_gate_failed
DE08_r011_c007,DE08,Cologne,train,False,True,True,False,True,False,coverage_gate_failed,coverage_gate_failed
DE08_r011_c008,DE08,Cologne,train,False,False,False,True,True,False,coverage_gate_failed,coverage_gate_failed
DE08_r011_c009,DE08,Cologne,train,False,True,True,False,True,False,coverage_gate_failed,coverage_gate_failed
DE08_r011_c010,DE08,Cologne,train,False,True,True,False,False,False,coverage_gate_failed,coverage_gate_failed
DE08_r011_c011,DE08,Cologne,train,False,True,True,False,False,False,coverage_gate_failed,coverage_gate_failed
DE09_r000_c000,DE09,Dusseldorf,train,False,True,True,False,False,False,coverage_gate_failed,coverage_gate_failed
DE09_r000_c001,DE09,Dusseldorf,train,False,True,True,False,False,False,coverage_gate_failed,coverage_gate_failed
DE09_r000_c002,DE09,Dusseldorf,train,False,True,True,False,True,False,coverage_gate_failed,coverage_gate_failed
DE09_r000_c003,DE09,Dusseldorf,train,False,True,True,False,True,False,coverage_gate_failed,coverage_gate_failed
DE09_r000_c004,DE09,Dusseldorf,train,True,True,True,False,False,True,buildings>=0.075000+roads>=0.075000,
DE09_r000_c005,DE09,Dusseldorf,train,True,False,True,False,True,True,roads>=0.075000+water>=0.050000,
DE09_r000_c006,DE09,Dusseldorf,train,True,True,False,False,False,True,buildings>=0.075000,
DE09_r000_c007,DE09,Dusseldorf,train,True,False,False,False,False,False,no_training_minority_rule,no_training_minority_rule
DE09_r000_c008,DE09,Dusseldorf,train,True,False,True,False,False,True,roads>=0.075000,
DE09_r000_c009,DE09,Dusseldorf,train,True,False,False,False,False,False,no_training_minority_rule,no_training_minority_rule
DE09_r000_c010,DE09,Dusseldorf,train,True,True,True,False,False,True,buildings>=0.075000+roads>=0.075000,
DE09_r000_c011,DE09,Dusseldorf,train,False,False,False,False,False,False,coverage_gate_failed,coverage_gate_failed
DE09_r001_c000,DE09,Dusseldorf,train,True,True,True,False,False,True,buildings>=0.075000+roads>=0.075000,
DE09_r001_c001,DE09,Dusseldorf,train,False,True,True,False,False,False,coverage_gate_failed,coverage_gate_failed
DE09_r001_c002,DE09,Dusseldorf,train,False,True,True,False,False,False,coverage_gate_failed,coverage_gate_failed
DE09_r001_c003,DE09,Dusseldorf,train,True,True,True,False,True,True,buildings>=0.075000+roads>=0.075000+water>=0.050000,
DE09_r001_c004,DE09,Dusseldorf,train,True,False,False,False,True,True,water>=0.050000,
DE09_r001_c005,DE09,Dusseldorf,train,True,False,False,False,False,False,no_training_minority_rule,no_training_minority_rule
DE09_r001_c006,DE09,Dusseldorf,train,True,False,False,False,True,True,water>=0.050000,
DE09_r001_c007,DE09,Dusseldorf,train,True,True,True,False,False,True,buildings>=0.075000+roads>=0.075000,
DE09_r001_c008,DE09,Dusseldorf,train,True,False,False,False,False,False,no_training_minority_rule,no_training_minority_rule
DE09_r001_c009,DE09,Dusseldorf,train,True,True,True,False,False,True,buildings>=0.075000+roads>=0.075000,
DE09_r001_c010,DE09,Dusseldorf,train,True,True,True,False,False,True,buildings>=0.075000+roads>=0.075000,
DE09_r001_c011,DE09,Dusseldorf,train,False,True,True,False,False,False,coverage_gate_failed,coverage_gate_failed
DE09_r002_c000,DE09,Dusseldorf,train,False,True,True,False,False,False,coverage_gate_failed,coverage_gate_failed
DE09_r002_c001,DE09,Dusseldorf,train,False,True,True,False,True,False,coverage_gate_failed,coverage_gate_failed
DE09_r002_c002,DE09,Dusseldorf,train,True,False,False,False,False,False,no_training_minority_rule,no_training_minority_rule
DE09_r002_c003,DE09,Dusseldorf,train,True,True,False,False,False,True,buildings>=0.075000,
DE09_r002_c004,DE09,Dusseldorf,train,True,False,False,False,True,True,water>=0.050000,
DE09_r002_c005,DE09,Dusseldorf,train,True,True,True,False,True,True,buildings>=0.075000+roads>=0.075000+water>=0.050000,
DE09_r002_c006,DE09,Dusseldorf,train,True,False,False,False,False,False,no_training_minority_rule,no_training_minority_rule
DE09_r002_c007,DE09,Dusseldorf,train,True,True,True,False,False,True,buildings>=0.075000+roads>=0.075000,
DE09_r002_c008,DE09,Dusseldorf,train,True,True,False,False,False,True,buildings>=0.075000,
DE09_r002_c009,DE09,Dusseldorf,train,True,False,False,False,False,False,no_training_minority_rule,no_training_minority_rule
DE09_r002_c010,DE09,Dusseldorf,train,True,False,False,False,False,False,no_training_minority_rule,no_training_minority_rule
DE09_r002_c011,DE09,Dusseldorf,train,False,False,False,False,False,False,coverage_gate_failed,coverage_gate_failed
DE09_r003_c000,DE09,Dusseldorf,train,True,False,False,False,False,False,no_training_minority_rule,no_training_minority_rule
DE09_r003_c001,DE09,Dusseldorf,train,True,True,True,False,False,True,buildings>=0.075000+roads>=0.075000,
DE09_r003_c002,DE09,Dusseldorf,train,True,True,True,False,False,True,buildings>=0.075000+roads>=0.075000,
DE09_r003_c003,DE09,Dusseldorf,train,True,False,False,False,False,False,no_training_minority_rule,no_training_minority_rule
DE09_r003_c004,DE09,Dusseldorf,train,True,False,False,False,True,True,water>=0.050000,
DE09_r003_c005,DE09,Dusseldorf,train,False,True,True,False,False,False,coverage_gate_failed,coverage_gate_failed
DE09_r003_c006,DE09,Dusseldorf,train,True,True,True,False,True,True,buildings>=0.075000+roads>=0.075000+water>=0.050000,
DE09_r003_c007,DE09,Dusseldorf,train,True,True,True,False,True,True,buildings>=0.075000+roads>=0.075000+water>=0.050000,
DE09_r003_c008,DE09,Dusseldorf,train,True,True,True,True,False,True,buildings>=0.075000+roads>=0.075000+bare_land>=0.005000,
DE09_r003_c009,DE09,Dusseldorf,train,True,False,False,False,False,False,no_training_minority_rule,no_training_minority_rule
DE09_r003_c010,DE09,Dusseldorf,train,True,False,False,False,False,False,no_training_minority_rule,no_training_minority_rule
DE09_r003_c011,DE09,Dusseldorf,train,False,False,False,False,False,False,coverage_gate_failed,coverage_gate_failed
DE09_r004_c000,DE09,Dusseldorf,train,True,False,False,False,False,False,no_training_minority_rule,no_training_minority_rule
DE09_r004_c001,DE09,Dusseldorf,train,True,False,False,True,True,True,bare_land>=0.005000+water>=0.050000,
DE09_r004_c002,DE09,Dusseldorf,train,True,False,False,True,True,True,bare_land>=0.005000+water>=0.050000,
DE09_r004_c003,DE09,Dusseldorf,train,True,True,True,False,False,True,buildings>=0.075000+roads>=0.075000,
DE09_r004_c004,DE09,Dusseldorf,train,True,True,True,False,True,True,buildings>=0.075000+roads>=0.075000+water>=0.050000,
DE09_r004_c005,DE09,Dusseldorf,train,True,True,True,True,True,True,buildings>=0.075000+roads>=0.075000+bare_land>=0.005000+water>=0.050000,
DE09_r004_c006,DE09,Dusseldorf,train,False,True,True,True,False,False,coverage_gate_failed,coverage_gate_failed
DE09_r004_c007,DE09,Dusseldorf,train,True,True,False,False,False,True,buildings>=0.075000,
DE09_r004_c008,DE09,Dusseldorf,train,True,False,False,False,False,False,no_training_minority_rule,no_training_minority_rule
DE09_r004_c009,DE09,Dusseldorf,train,True,False,False,False,False,False,no_training_minority_rule,no_training_minority_rule
DE09_r004_c010,DE09,Dusseldorf,train,True,True,True,False,False,True,buildings>=0.075000+roads>=0.075000,
DE09_r004_c011,DE09,Dusseldorf,train,False,True,True,False,False,False,coverage_gate_failed,coverage_gate_failed
DE09_r005_c000,DE09,Dusseldorf,train,True,False,False,False,True,True,water>=0.050000,
DE09_r005_c001,DE09,Dusseldorf,train,True,True,True,False,False,True,buildings>=0.075000+roads>=0.075000,
DE09_r005_c002,DE09,Dusseldorf,train,True,False,False,True,True,True,bare_land>=0.005000+water>=0.050000,
DE09_r005_c003,DE09,Dusseldorf,train,True,True,True,False,False,True,buildings>=0.075000+roads>=0.075000,
DE09_r005_c004,DE09,Dusseldorf,train,True,True,True,True,True,True,buildings>=0.075000+roads>=0.075000+bare_land>=0.005000+water>=0.050000,
DE09_r005_c005,DE09,Dusseldorf,train,True,True,True,False,True,True,buildings>=0.075000+roads>=0.075000+water>=0.050000,
DE09_r005_c006,DE09,Dusseldorf,train,True,True,True,False,False,True,buildings>=0.075000+roads>=0.075000,
DE09_r005_c007,DE09,Dusseldorf,train,True,True,True,True,False,True,buildings>=0.075000+roads>=0.075000+bare_land>=0.005000,
DE09_r005_c008,DE09,Dusseldorf,train,True,True,False,False,False,True,buildings>=0.075000,
DE09_r005_c009,DE09,Dusseldorf,train,True,False,False,True,False,True,bare_land>=0.005000,
DE09_r005_c010,DE09,Dusseldorf,train,True,False,False,True,False,True,bare_land>=0.005000,
DE09_r005_c011,DE09,Dusseldorf,train,False,True,True,False,False,False,coverage_gate_failed,coverage_gate_failed
DE09_r006_c000,DE09,Dusseldorf,train,True,True,False,False,False,True,buildings>=0.075000,
DE09_r006_c001,DE09,Dusseldorf,train,True,True,True,True,False,True,buildings>=0.075000+roads>=0.075000+bare_land>=0.005000,
DE09_r006_c002,DE09,Dusseldorf,train,True,True,True,False,False,True,buildings>=0.075000+roads>=0.075000,
DE09_r006_c003,DE09,Dusseldorf,train,False,True,True,True,True,False,coverage_gate_failed,coverage_gate_failed
DE09_r006_c004,DE09,Dusseldorf,train,True,True,True,False,True,True,buildings>=0.075000+roads>=0.075000+water>=0.050000,
DE09_r006_c005,DE09,Dusseldorf,train,True,True,True,False,True,True,buildings>=0.075000+roads>=0.075000+water>=0.050000,
DE09_r006_c006,DE09,Dusseldorf,train,True,True,True,True,False,True,buildings>=0.075000+roads>=0.075000+bare_land>=0.005000,
DE09_r006_c007,DE09,Dusseldorf,train,False,True,True,True,False,False,coverage_gate_failed,coverage_gate_failed
DE09_r006_c008,DE09,Dusseldorf,train,True,True,True,True,False,True,buildings>=0.075000+roads>=0.075000+bare_land>=0.005000,
DE09_r006_c009,DE09,Dusseldorf,train,True,True,True,False,False,True,buildings>=0.075000+roads>=0.075000,
DE09_r006_c010,DE09,Dusseldorf,train,True,True,True,False,False,True,buildings>=0.075000+roads>=0.075000,
DE09_r006_c011,DE09,Dusseldorf,train,False,False,False,False,False,False,coverage_gate_failed,coverage_gate_failed
DE09_r007_c000,DE09,Dusseldorf,train,True,False,False,False,False,False,no_training_minority_rule,no_training_minority_rule
DE09_r007_c001,DE09,Dusseldorf,train,True,False,False,False,False,False,no_training_minority_rule,no_training_minority_rule
DE09_r007_c002,DE09,Dusseldorf,train,True,False,False,False,False,False,no_training_minority_rule,no_training_minority_rule
DE09_r007_c003,DE09,Dusseldorf,train,True,True,True,True,False,True,buildings>=0.075000+roads>=0.075000+bare_land>=0.005000,
DE09_r007_c004,DE09,Dusseldorf,train,True,True,True,True,True,True,buildings>=0.075000+roads>=0.075000+bare_land>=0.005000+water>=0.050000,
DE09_r007_c005,DE09,Dusseldorf,train,True,True,True,False,True,True,buildings>=0.075000+roads>=0.075000+water>=0.050000,
DE09_r007_c006,DE09,Dusseldorf,train,True,True,True,False,True,True,buildings>=0.075000+roads>=0.075000+water>=0.050000,
DE09_r007_c007,DE09,Dusseldorf,train,False,True,True,False,False,False,coverage_gate_failed,coverage_gate_failed
DE09_r007_c008,DE09,Dusseldorf,train,True,True,True,False,True,True,buildings>=0.075000+roads>=0.075000+water>=0.050000,
DE09_r007_c009,DE09,Dusseldorf,train,True,True,True,False,True,True,buildings>=0.075000+roads>=0.075000+water>=0.050000,
DE09_r007_c010,DE09,Dusseldorf,train,True,True,True,False,False,True,buildings>=0.075000+roads>=0.075000,
DE09_r007_c011,DE09,Dusseldorf,train,False,False,False,False,False,False,coverage_gate_failed,coverage_gate_failed
DE09_r008_c000,DE09,Dusseldorf,train,True,True,False,False,False,True,buildings>=0.075000,
DE09_r008_c001,DE09,Dusseldorf,train,True,False,False,False,False,False,no_training_minority_rule,no_training_minority_rule
DE09_r008_c002,DE09,Dusseldorf,train,True,True,True,True,False,True,buildings>=0.075000+roads>=0.075000+bare_land>=0.005000,
DE09_r008_c003,DE09,Dusseldorf,train,True,True,True,False,False,True,buildings>=0.075000+roads>=0.075000,
DE09_r008_c004,DE09,Dusseldorf,train,True,True,True,False,False,True,buildings>=0.075000+roads>=0.075000,
DE09_r008_c005,DE09,Dusseldorf,train,True,True,True,False,True,True,buildings>=0.075000+roads>=0.075000+water>=0.050000,
DE09_r008_c006,DE09,Dusseldorf,train,True,False,False,False,True,True,water>=0.050000,
DE09_r008_c007,DE09,Dusseldorf,train,True,True,True,False,True,True,buildings>=0.075000+roads>=0.075000+water>=0.050000,
DE09_r008_c008,DE09,Dusseldorf,train,True,True,True,True,False,True,buildings>=0.075000+roads>=0.075000+bare_land>=0.005000,
DE09_r008_c009,DE09,Dusseldorf,train,True,True,True,False,True,True,buildings>=0.075000+roads>=0.075000+water>=0.050000,
DE09_r008_c010,DE09,Dusseldorf,train,True,True,True,True,False,True,buildings>=0.075000+roads>=0.075000+bare_land>=0.005000,
DE09_r008_c011,DE09,Dusseldorf,train,False,True,True,False,False,False,coverage_gate_failed,coverage_gate_failed
DE09_r009_c000,DE09,Dusseldorf,train,True,False,False,False,False,False,no_training_minority_rule,no_training_minority_rule
DE09_r009_c001,DE09,Dusseldorf,train,True,False,False,False,False,False,no_training_minority_rule,no_training_minority_rule
DE09_r009_c002,DE09,Dusseldorf,train,True,False,False,False,False,False,no_training_minority_rule,no_training_minority_rule
DE09_r009_c003,DE09,Dusseldorf,train,True,False,False,False,False,False,no_training_minority_rule,no_training_minority_rule
DE09_r009_c004,DE09,Dusseldorf,train,True,True,False,False,False,True,buildings>=0.075000,
DE09_r009_c005,DE09,Dusseldorf,train,True,True,False,False,False,True,buildings>=0.075000,
DE09_r009_c006,DE09,Dusseldorf,train,True,True,False,False,True,True,buildings>=0.075000+water>=0.050000,
DE09_r009_c007,DE09,Dusseldorf,train,True,False,False,False,True,True,water>=0.050000,
DE09_r009_c008,DE09,Dusseldorf,train,True,True,True,False,False,True,buildings>=0.075000+roads>=0.075000,
DE09_r009_c009,DE09,Dusseldorf,train,True,True,False,False,False,True,buildings>=0.075000,
DE09_r009_c010,DE09,Dusseldorf,train,True,True,True,False,True,True,buildings>=0.075000+roads>=0.075000+water>=0.050000,
DE09_r009_c011,DE09,Dusseldorf,train,False,False,False,False,False,False,coverage_gate_failed,coverage_gate_failed
DE09_r010_c000,DE09,Dusseldorf,train,True,False,False,False,False,False,no_training_minority_rule,no_training_minority_rule
DE09_r010_c001,DE09,Dusseldorf,train,True,True,False,False,False,True,buildings>=0.075000,
DE09_r010_c002,DE09,Dusseldorf,train,True,False,False,False,False,False,no_training_minority_rule,no_training_minority_rule
DE09_r010_c003,DE09,Dusseldorf,train,True,False,False,False,False,False,no_training_minority_rule,no_training_minority_rule
DE09_r010_c004,DE09,Dusseldorf,train,True,False,False,False,False,False,no_training_minority_rule,no_training_minority_rule
DE09_r010_c005,DE09,Dusseldorf,train,True,True,False,False,False,True,buildings>=0.075000,
DE09_r010_c006,DE09,Dusseldorf,train,True,False,False,False,False,False,no_training_minority_rule,no_training_minority_rule
DE09_r010_c007,DE09,Dusseldorf,train,True,False,False,False,True,True,water>=0.050000,
DE09_r010_c008,DE09,Dusseldorf,train,True,False,False,False,True,True,water>=0.050000,
DE09_r010_c009,DE09,Dusseldorf,train,True,True,True,False,False,True,buildings>=0.075000+roads>=0.075000,
DE09_r010_c010,DE09,Dusseldorf,train,True,True,True,False,False,True,buildings>=0.075000+roads>=0.075000,
DE09_r010_c011,DE09,Dusseldorf,train,False,True,True,False,False,False,coverage_gate_failed,coverage_gate_failed
DE09_r011_c000,DE09,Dusseldorf,train,False,True,True,False,False,False,coverage_gate_failed,coverage_gate_failed
DE09_r011_c001,DE09,Dusseldorf,train,False,True,False,False,False,False,coverage_gate_failed,coverage_gate_failed
DE09_r011_c002,DE09,Dusseldorf,train,False,False,False,False,False,False,coverage_gate_failed,coverage_gate_failed
DE09_r011_c003,DE09,Dusseldorf,train,False,False,False,False,False,False,coverage_gate_failed,coverage_gate_failed
DE09_r011_c004,DE09,Dusseldorf,train,False,False,False,False,False,False,coverage_gate_failed,coverage_gate_failed
DE09_r011_c005,DE09,Dusseldorf,train,False,False,False,False,True,False,coverage_gate_failed,coverage_gate_failed
DE09_r011_c006,DE09,Dusseldorf,train,False,True,True,True,True,False,coverage_gate_failed,coverage_gate_failed
DE09_r011_c007,DE09,Dusseldorf,train,False,True,True,False,False,False,coverage_gate_failed,coverage_gate_failed
DE09_r011_c008,DE09,Dusseldorf,train,False,True,False,True,True,False,coverage_gate_failed,coverage_gate_failed
DE09_r011_c009,DE09,Dusseldorf,train,False,True,False,True,False,False,coverage_gate_failed,coverage_gate_failed
DE09_r011_c010,DE09,Dusseldorf,train,False,True,True,False,False,False,coverage_gate_failed,coverage_gate_failed
DE09_r011_c011,DE09,Dusseldorf,train,False,False,False,False,False,False,coverage_gate_failed,coverage_gate_failed
DE10_r000_c000,DE10,Dortmund,train,True,True,True,False,False,True,buildings>=0.075000+roads>=0.075000,
DE10_r000_c001,DE10,Dortmund,train,True,False,False,False,False,False,no_training_minority_rule,no_training_minority_rule
DE10_r000_c002,DE10,Dortmund,train,True,True,True,True,False,True,buildings>=0.075000+roads>=0.075000+bare_land>=0.005000,
DE10_r000_c003,DE10,Dortmund,train,True,False,False,False,False,False,no_training_minority_rule,no_training_minority_rule
DE10_r000_c004,DE10,Dortmund,train,True,True,False,False,False,True,buildings>=0.075000,
DE10_r000_c005,DE10,Dortmund,train,True,False,False,True,False,True,bare_land>=0.005000,
DE10_r000_c006,DE10,Dortmund,train,True,False,False,False,False,False,no_training_minority_rule,no_training_minority_rule
DE10_r000_c007,DE10,Dortmund,train,True,True,False,False,False,True,buildings>=0.075000,
DE10_r000_c008,DE10,Dortmund,train,True,False,False,False,False,False,no_training_minority_rule,no_training_minority_rule
DE10_r000_c009,DE10,Dortmund,train,True,False,False,True,False,True,bare_land>=0.005000,
DE10_r000_c010,DE10,Dortmund,train,True,False,False,True,True,True,bare_land>=0.005000+water>=0.050000,
DE10_r000_c011,DE10,Dortmund,train,False,True,True,False,False,False,coverage_gate_failed,coverage_gate_failed
DE10_r001_c000,DE10,Dortmund,train,True,True,True,False,False,True,buildings>=0.075000+roads>=0.075000,
DE10_r001_c001,DE10,Dortmund,train,True,False,False,False,False,False,no_training_minority_rule,no_training_minority_rule
DE10_r001_c002,DE10,Dortmund,train,True,False,False,False,True,True,water>=0.050000,
DE10_r001_c003,DE10,Dortmund,train,True,False,False,False,False,False,no_training_minority_rule,no_training_minority_rule
DE10_r001_c004,DE10,Dortmund,train,True,True,True,False,False,True,buildings>=0.075000+roads>=0.075000,
DE10_r001_c005,DE10,Dortmund,train,True,False,False,True,True,True,bare_land>=0.005000+water>=0.050000,
DE10_r001_c006,DE10,Dortmund,train,True,False,False,False,False,False,no_training_minority_rule,no_training_minority_rule
DE10_r001_c007,DE10,Dortmund,train,True,True,True,False,False,True,buildings>=0.075000+roads>=0.075000,
DE10_r001_c008,DE10,Dortmund,train,True,True,True,True,False,True,buildings>=0.075000+roads>=0.075000+bare_land>=0.005000,
DE10_r001_c009,DE10,Dortmund,train,True,True,True,True,False,True,buildings>=0.075000+roads>=0.075000+bare_land>=0.005000,
DE10_r001_c010,DE10,Dortmund,train,True,True,True,True,False,True,buildings>=0.075000+roads>=0.075000+bare_land>=0.005000,
DE10_r001_c011,DE10,Dortmund,train,False,True,True,False,False,False,coverage_gate_failed,coverage_gate_failed
DE10_r002_c000,DE10,Dortmund,train,True,False,False,False,False,False,no_training_minority_rule,no_training_minority_rule
DE10_r002_c001,DE10,Dortmund,train,True,True,True,False,True,True,buildings>=0.075000+roads>=0.075000+water>=0.050000,
DE10_r002_c002,DE10,Dortmund,train,True,True,True,False,False,True,buildings>=0.075000+roads>=0.075000,
DE10_r002_c003,DE10,Dortmund,train,True,False,False,False,False,False,no_training_minority_rule,no_training_minority_rule
DE10_r002_c004,DE10,Dortmund,train,True,False,False,False,False,False,no_training_minority_rule,no_training_minority_rule
DE10_r002_c005,DE10,Dortmund,train,True,True,True,False,False,True,buildings>=0.075000+roads>=0.075000,
DE10_r002_c006,DE10,Dortmund,train,True,False,False,False,False,False,no_training_minority_rule,no_training_minority_rule
DE10_r002_c007,DE10,Dortmund,train,True,True,True,False,False,True,buildings>=0.075000+roads>=0.075000,
DE10_r002_c008,DE10,Dortmund,train,True,True,True,False,False,True,buildings>=0.075000+roads>=0.075000,
DE10_r002_c009,DE10,Dortmund,train,True,False,False,False,False,False,no_training_minority_rule,no_training_minority_rule
DE10_r002_c010,DE10,Dortmund,train,True,True,True,False,False,True,buildings>=0.075000+roads>=0.075000,
DE10_r002_c011,DE10,Dortmund,train,False,True,True,False,False,False,coverage_gate_failed,coverage_gate_failed
DE10_r003_c000,DE10,Dortmund,train,True,False,False,False,True,True,water>=0.050000,
DE10_r003_c001,DE10,Dortmund,train,True,True,True,False,False,True,buildings>=0.075000+roads>=0.075000,
DE10_r003_c002,DE10,Dortmund,train,True,False,False,True,False,True,bare_land>=0.005000,
DE10_r003_c003,DE10,Dortmund,train,True,True,True,True,False,True,buildings>=0.075000+roads>=0.075000+bare_land>=0.005000,
DE10_r003_c004,DE10,Dortmund,train,True,True,False,False,False,True,buildings>=0.075000,
DE10_r003_c005,DE10,Dortmund,train,True,False,False,False,False,False,no_training_minority_rule,no_training_minority_rule
DE10_r003_c006,DE10,Dortmund,train,True,False,True,False,False,True,roads>=0.075000,
DE10_r003_c007,DE10,Dortmund,train,True,True,True,True,False,True,buildings>=0.075000+roads>=0.075000+bare_land>=0.005000,
DE10_r003_c008,DE10,Dortmund,train,True,False,False,True,False,True,bare_land>=0.005000,
DE10_r003_c009,DE10,Dortmund,train,True,True,False,False,False,True,buildings>=0.075000,
DE10_r003_c010,DE10,Dortmund,train,True,False,False,False,False,False,no_training_minority_rule,no_training_minority_rule
DE10_r003_c011,DE10,Dortmund,train,False,True,True,False,False,False,coverage_gate_failed,coverage_gate_failed
DE10_r004_c000,DE10,Dortmund,train,True,True,True,False,False,True,buildings>=0.075000+roads>=0.075000,
DE10_r004_c001,DE10,Dortmund,train,True,True,True,False,False,True,buildings>=0.075000+roads>=0.075000,
DE10_r004_c002,DE10,Dortmund,train,True,False,False,False,False,False,no_training_minority_rule,no_training_minority_rule
DE10_r004_c003,DE10,Dortmund,train,True,True,True,False,False,True,buildings>=0.075000+roads>=0.075000,
DE10_r004_c004,DE10,Dortmund,train,True,True,True,False,False,True,buildings>=0.075000+roads>=0.075000,
DE10_r004_c005,DE10,Dortmund,train,True,True,True,False,True,True,buildings>=0.075000+roads>=0.075000+water>=0.050000,
DE10_r004_c006,DE10,Dortmund,train,False,True,True,True,False,False,coverage_gate_failed,coverage_gate_failed
DE10_r004_c007,DE10,Dortmund,train,True,True,True,False,False,True,buildings>=0.075000+roads>=0.075000,
DE10_r004_c008,DE10,Dortmund,train,True,True,False,False,False,True,buildings>=0.075000,
DE10_r004_c009,DE10,Dortmund,train,True,True,False,False,False,True,buildings>=0.075000,
DE10_r004_c010,DE10,Dortmund,train,True,True,False,False,False,True,buildings>=0.075000,
DE10_r004_c011,DE10,Dortmund,train,False,True,True,False,False,False,coverage_gate_failed,coverage_gate_failed
DE10_r005_c000,DE10,Dortmund,train,True,True,True,False,False,True,buildings>=0.075000+roads>=0.075000,
DE10_r005_c001,DE10,Dortmund,train,True,True,False,False,False,True,buildings>=0.075000,
DE10_r005_c002,DE10,Dortmund,train,True,True,True,False,False,True,buildings>=0.075000+roads>=0.075000,
DE10_r005_c003,DE10,Dortmund,train,True,True,True,False,False,True,buildings>=0.075000+roads>=0.075000,
DE10_r005_c004,DE10,Dortmund,train,True,True,True,False,True,True,buildings>=0.075000+roads>=0.075000+water>=0.050000,
DE10_r005_c005,DE10,Dortmund,train,True,True,True,False,True,True,buildings>=0.075000+roads>=0.075000+water>=0.050000,
DE10_r005_c006,DE10,Dortmund,train,True,True,True,True,False,True,buildings>=0.075000+roads>=0.075000+bare_land>=0.005000,
DE10_r005_c007,DE10,Dortmund,train,False,True,True,False,False,False,coverage_gate_failed,coverage_gate_failed
DE10_r005_c008,DE10,Dortmund,train,True,True,True,False,False,True,buildings>=0.075000+roads>=0.075000,
DE10_r005_c009,DE10,Dortmund,train,True,True,True,False,False,True,buildings>=0.075000+roads>=0.075000,
DE10_r005_c010,DE10,Dortmund,train,True,True,True,False,False,True,buildings>=0.075000+roads>=0.075000,
DE10_r005_c011,DE10,Dortmund,train,False,True,True,False,False,False,coverage_gate_failed,coverage_gate_failed
DE10_r006_c000,DE10,Dortmund,train,True,True,True,True,False,True,buildings>=0.075000+roads>=0.075000+bare_land>=0.005000,
DE10_r006_c001,DE10,Dortmund,train,True,True,True,True,False,True,buildings>=0.075000+roads>=0.075000+bare_land>=0.005000,
DE10_r006_c002,DE10,Dortmund,train,True,True,True,False,False,True,buildings>=0.075000+roads>=0.075000,
DE10_r006_c003,DE10,Dortmund,train,True,True,True,False,False,True,buildings>=0.075000+roads>=0.075000,
DE10_r006_c004,DE10,Dortmund,train,True,True,True,False,False,True,buildings>=0.075000+roads>=0.075000,
DE10_r006_c005,DE10,Dortmund,train,True,True,True,False,False,True,buildings>=0.075000+roads>=0.075000,
DE10_r006_c006,DE10,Dortmund,train,True,True,True,True,False,True,buildings>=0.075000+roads>=0.075000+bare_land>=0.005000,
DE10_r006_c007,DE10,Dortmund,train,True,True,True,False,True,True,buildings>=0.075000+roads>=0.075000+water>=0.050000,
DE10_r006_c008,DE10,Dortmund,train,True,True,True,False,False,True,buildings>=0.075000+roads>=0.075000,
DE10_r006_c009,DE10,Dortmund,train,True,True,True,False,False,True,buildings>=0.075000+roads>=0.075000,
DE10_r006_c010,DE10,Dortmund,train,True,True,True,False,False,True,buildings>=0.075000+roads>=0.075000,
DE10_r006_c011,DE10,Dortmund,train,False,False,False,False,False,False,coverage_gate_failed,coverage_gate_failed
DE10_r007_c000,DE10,Dortmund,train,True,True,True,True,False,True,buildings>=0.075000+roads>=0.075000+bare_land>=0.005000,
DE10_r007_c001,DE10,Dortmund,train,True,True,True,True,False,True,buildings>=0.075000+roads>=0.075000+bare_land>=0.005000,
DE10_r007_c002,DE10,Dortmund,train,True,True,False,False,False,True,buildings>=0.075000,
DE10_r007_c003,DE10,Dortmund,train,True,True,False,False,False,True,buildings>=0.075000,
DE10_r007_c004,DE10,Dortmund,train,True,True,True,False,False,True,buildings>=0.075000+roads>=0.075000,
DE10_r007_c005,DE10,Dortmund,train,True,True,True,False,False,True,buildings>=0.075000+roads>=0.075000,
DE10_r007_c006,DE10,Dortmund,train,True,True,True,False,False,True,buildings>=0.075000+roads>=0.075000,
DE10_r007_c007,DE10,Dortmund,train,True,True,True,False,False,True,buildings>=0.075000+roads>=0.075000,
DE10_r007_c008,DE10,Dortmund,train,True,True,True,False,False,True,buildings>=0.075000+roads>=0.075000,
DE10_r007_c009,DE10,Dortmund,train,True,True,True,False,False,True,buildings>=0.075000+roads>=0.075000,
DE10_r007_c010,DE10,Dortmund,train,True,False,False,False,False,False,no_training_minority_rule,no_training_minority_rule
DE10_r007_c011,DE10,Dortmund,train,False,False,False,False,False,False,coverage_gate_failed,coverage_gate_failed
DE10_r008_c000,DE10,Dortmund,train,True,True,True,False,False,True,buildings>=0.075000+roads>=0.075000,
DE10_r008_c001,DE10,Dortmund,train,True,True,True,False,False,True,buildings>=0.075000+roads>=0.075000,
DE10_r008_c002,DE10,Dortmund,train,True,True,True,False,False,True,buildings>=0.075000+roads>=0.075000,
DE10_r008_c003,DE10,Dortmund,train,True,True,True,False,False,True,buildings>=0.075000+roads>=0.075000,
DE10_r008_c004,DE10,Dortmund,train,True,True,True,False,False,True,buildings>=0.075000+roads>=0.075000,
DE10_r008_c005,DE10,Dortmund,train,True,True,True,False,False,True,buildings>=0.075000+roads>=0.075000,
DE10_r008_c006,DE10,Dortmund,train,True,False,True,False,False,True,roads>=0.075000,
DE10_r008_c007,DE10,Dortmund,train,True,True,True,False,False,True,buildings>=0.075000+roads>=0.075000,
DE10_r008_c008,DE10,Dortmund,train,True,True,True,False,False,True,buildings>=0.075000+roads>=0.075000,
DE10_r008_c009,DE10,Dortmund,train,True,True,False,False,False,True,buildings>=0.075000,
DE10_r008_c010,DE10,Dortmund,train,True,False,False,False,True,True,water>=0.050000,
DE10_r008_c011,DE10,Dortmund,train,False,False,False,False,False,False,coverage_gate_failed,coverage_gate_failed
DE10_r009_c000,DE10,Dortmund,train,True,False,False,False,True,True,water>=0.050000,
DE10_r009_c001,DE10,Dortmund,train,True,True,False,False,True,True,buildings>=0.075000+water>=0.050000,
DE10_r009_c002,DE10,Dortmund,train,True,True,True,False,True,True,buildings>=0.075000+roads>=0.075000+water>=0.050000,
DE10_r009_c003,DE10,Dortmund,train,True,False,False,False,False,False,no_training_minority_rule,no_training_minority_rule
DE10_r009_c004,DE10,Dortmund,train,True,True,True,False,False,True,buildings>=0.075000+roads>=0.075000,
DE10_r009_c005,DE10,Dortmund,train,True,False,False,False,False,False,no_training_minority_rule,no_training_minority_rule
DE10_r009_c006,DE10,Dortmund,train,True,False,False,False,False,False,no_training_minority_rule,no_training_minority_rule
DE10_r009_c007,DE10,Dortmund,train,True,False,True,False,False,True,roads>=0.075000,
DE10_r009_c008,DE10,Dortmund,train,True,True,True,False,False,True,buildings>=0.075000+roads>=0.075000,
DE10_r009_c009,DE10,Dortmund,train,True,False,False,False,False,False,no_training_minority_rule,no_training_minority_rule
DE10_r009_c010,DE10,Dortmund,train,True,False,False,False,False,False,no_training_minority_rule,no_training_minority_rule
DE10_r009_c011,DE10,Dortmund,train,False,True,True,False,False,False,coverage_gate_failed,coverage_gate_failed
DE10_r010_c000,DE10,Dortmund,train,True,False,False,False,False,False,no_training_minority_rule,no_training_minority_rule
DE10_r010_c001,DE10,Dortmund,train,True,False,False,False,False,False,no_training_minority_rule,no_training_minority_rule
DE10_r010_c002,DE10,Dortmund,train,True,True,False,False,False,True,buildings>=0.075000,
DE10_r010_c003,DE10,Dortmund,train,True,False,False,False,False,False,no_training_minority_rule,no_training_minority_rule
DE10_r010_c004,DE10,Dortmund,train,True,True,True,False,True,True,buildings>=0.075000+roads>=0.075000+water>=0.050000,
DE10_r010_c005,DE10,Dortmund,train,True,False,False,False,True,True,water>=0.050000,
DE10_r010_c006,DE10,Dortmund,train,True,True,True,False,True,True,buildings>=0.075000+roads>=0.075000+water>=0.050000,
DE10_r010_c007,DE10,Dortmund,train,True,False,False,False,False,False,no_training_minority_rule,no_training_minority_rule
DE10_r010_c008,DE10,Dortmund,train,True,False,False,False,False,False,no_training_minority_rule,no_training_minority_rule
DE10_r010_c009,DE10,Dortmund,train,True,False,False,False,False,False,no_training_minority_rule,no_training_minority_rule
DE10_r010_c010,DE10,Dortmund,train,True,False,False,False,False,False,no_training_minority_rule,no_training_minority_rule
DE10_r010_c011,DE10,Dortmund,train,False,False,False,False,False,False,coverage_gate_failed,coverage_gate_failed
DE10_r011_c000,DE10,Dortmund,train,False,False,False,False,False,False,coverage_gate_failed,coverage_gate_failed
DE10_r011_c001,DE10,Dortmund,train,False,False,False,False,False,False,coverage_gate_failed,coverage_gate_failed
DE10_r011_c002,DE10,Dortmund,train,False,False,False,False,False,False,coverage_gate_failed,coverage_gate_failed
DE10_r011_c003,DE10,Dortmund,train,False,True,True,False,True,False,coverage_gate_failed,coverage_gate_failed
DE10_r011_c004,DE10,Dortmund,train,False,True,True,False,True,False,coverage_gate_failed,coverage_gate_failed
DE10_r011_c005,DE10,Dortmund,train,False,True,True,False,False,False,coverage_gate_failed,coverage_gate_failed
DE10_r011_c006,DE10,Dortmund,train,False,True,True,False,False,False,coverage_gate_failed,coverage_gate_failed
DE10_r011_c007,DE10,Dortmund,train,False,True,True,False,False,False,coverage_gate_failed,coverage_gate_failed
DE10_r011_c008,DE10,Dortmund,train,False,False,False,False,False,False,coverage_gate_failed,coverage_gate_failed
DE10_r011_c009,DE10,Dortmund,train,False,False,False,False,False,False,coverage_gate_failed,coverage_gate_failed
DE10_r011_c010,DE10,Dortmund,train,False,False,False,False,False,False,coverage_gate_failed,coverage_gate_failed
DE10_r011_c011,DE10,Dortmund,train,False,True,True,False,False,False,coverage_gate_failed,coverage_gate_failed
DE11_r000_c000,DE11,Hamburg,train,True,True,True,False,False,True,buildings>=0.075000+roads>=0.075000,
DE11_r000_c001,DE11,Hamburg,train,True,False,False,False,False,False,no_training_minority_rule,no_training_minority_rule
DE11_r000_c002,DE11,Hamburg,train,True,False,False,False,False,False,no_training_minority_rule,no_training_minority_rule
DE11_r000_c003,DE11,Hamburg,train,True,False,False,False,False,False,no_training_minority_rule,no_training_minority_rule
DE11_r000_c004,DE11,Hamburg,train,True,False,False,False,False,False,no_training_minority_rule,no_training_minority_rule
DE11_r000_c005,DE11,Hamburg,train,True,True,True,False,False,True,buildings>=0.075000+roads>=0.075000,
DE11_r000_c006,DE11,Hamburg,train,True,True,True,False,False,True,buildings>=0.075000+roads>=0.075000,
DE11_r000_c007,DE11,Hamburg,train,True,True,False,False,False,True,buildings>=0.075000,
DE11_r000_c008,DE11,Hamburg,train,True,True,True,False,False,True,buildings>=0.075000+roads>=0.075000,
DE11_r000_c009,DE11,Hamburg,train,True,True,True,False,False,True,buildings>=0.075000+roads>=0.075000,
DE11_r000_c010,DE11,Hamburg,train,True,False,False,False,False,False,no_training_minority_rule,no_training_minority_rule
DE11_r000_c011,DE11,Hamburg,train,False,True,True,False,True,False,coverage_gate_failed,coverage_gate_failed
DE11_r001_c000,DE11,Hamburg,train,True,True,True,True,False,True,buildings>=0.075000+roads>=0.075000+bare_land>=0.005000,
DE11_r001_c001,DE11,Hamburg,train,True,True,True,False,False,True,buildings>=0.075000+roads>=0.075000,
DE11_r001_c002,DE11,Hamburg,train,True,False,False,False,False,False,no_training_minority_rule,no_training_minority_rule
DE11_r001_c003,DE11,Hamburg,train,True,True,True,False,False,True,buildings>=0.075000+roads>=0.075000,
DE11_r001_c004,DE11,Hamburg,train,True,False,False,False,False,False,no_training_minority_rule,no_training_minority_rule
DE11_r001_c005,DE11,Hamburg,train,True,True,True,False,False,True,buildings>=0.075000+roads>=0.075000,
DE11_r001_c006,DE11,Hamburg,train,True,True,True,False,False,True,buildings>=0.075000+roads>=0.075000,
DE11_r001_c007,DE11,Hamburg,train,True,True,True,False,False,True,buildings>=0.075000+roads>=0.075000,
DE11_r001_c008,DE11,Hamburg,train,False,True,True,False,False,False,coverage_gate_failed,coverage_gate_failed
DE11_r001_c009,DE11,Hamburg,train,True,True,True,False,False,True,buildings>=0.075000+roads>=0.075000,
DE11_r001_c010,DE11,Hamburg,train,True,True,True,False,False,True,buildings>=0.075000+roads>=0.075000,
DE11_r001_c011,DE11,Hamburg,train,False,False,False,False,False,False,coverage_gate_failed,coverage_gate_failed
DE11_r002_c000,DE11,Hamburg,train,True,False,False,False,False,False,no_training_minority_rule,no_training_minority_rule
DE11_r002_c001,DE11,Hamburg,train,True,True,True,False,False,True,buildings>=0.075000+roads>=0.075000,
DE11_r002_c002,DE11,Hamburg,train,False,True,True,False,False,False,coverage_gate_failed,coverage_gate_failed
DE11_r002_c003,DE11,Hamburg,train,False,True,True,False,False,False,coverage_gate_failed,coverage_gate_failed
DE11_r002_c004,DE11,Hamburg,train,True,True,True,False,False,True,buildings>=0.075000+roads>=0.075000,
DE11_r002_c005,DE11,Hamburg,train,False,True,True,True,False,False,coverage_gate_failed,coverage_gate_failed
DE11_r002_c006,DE11,Hamburg,train,True,True,True,False,False,True,buildings>=0.075000+roads>=0.075000,
DE11_r002_c007,DE11,Hamburg,train,True,True,True,False,False,True,buildings>=0.075000+roads>=0.075000,
DE11_r002_c008,DE11,Hamburg,train,False,True,True,False,False,False,coverage_gate_failed,coverage_gate_failed
DE11_r002_c009,DE11,Hamburg,train,False,True,True,False,False,False,coverage_gate_failed,coverage_gate_failed
DE11_r002_c010,DE11,Hamburg,train,True,True,True,False,False,True,buildings>=0.075000+roads>=0.075000,
DE11_r002_c011,DE11,Hamburg,train,False,False,False,False,False,False,coverage_gate_failed,coverage_gate_failed
DE11_r003_c000,DE11,Hamburg,train,True,False,False,False,False,False,no_training_minority_rule,no_training_minority_rule
DE11_r003_c001,DE11,Hamburg,train,True,True,True,False,False,True,buildings>=0.075000+roads>=0.075000,
DE11_r003_c002,DE11,Hamburg,train,False,True,True,False,False,False,coverage_gate_failed,coverage_gate_failed
DE11_r003_c003,DE11,Hamburg,train,False,True,True,True,False,False,coverage_gate_failed,coverage_gate_failed
DE11_r003_c004,DE11,Hamburg,train,True,True,True,False,False,True,buildings>=0.075000+roads>=0.075000,
DE11_r003_c005,DE11,Hamburg,train,False,True,True,False,True,False,coverage_gate_failed,coverage_gate_failed
DE11_r003_c006,DE11,Hamburg,train,True,True,True,False,False,True,buildings>=0.075000+roads>=0.075000,
DE11_r003_c007,DE11,Hamburg,train,False,True,True,False,False,False,coverage_gate_failed,coverage_gate_failed
DE11_r003_c008,DE11,Hamburg,train,False,True,True,False,False,False,coverage_gate_failed,coverage_gate_failed
DE11_r003_c009,DE11,Hamburg,train,False,True,True,False,False,False,coverage_gate_failed,coverage_gate_failed
DE11_r003_c010,DE11,Hamburg,train,True,True,True,False,False,True,buildings>=0.075000+roads>=0.075000,
DE11_r003_c011,DE11,Hamburg,train,False,False,False,False,False,False,coverage_gate_failed,coverage_gate_failed
DE11_r004_c000,DE11,Hamburg,train,True,False,False,False,False,False,no_training_minority_rule,no_training_minority_rule
DE11_r004_c001,DE11,Hamburg,train,True,True,True,False,False,True,buildings>=0.075000+roads>=0.075000,
DE11_r004_c002,DE11,Hamburg,train,False,True,True,False,False,False,coverage_gate_failed,coverage_gate_failed
DE11_r004_c003,DE11,Hamburg,train,True,True,True,False,False,True,buildings>=0.075000+roads>=0.075000,
DE11_r004_c004,DE11,Hamburg,train,False,True,True,False,False,False,coverage_gate_failed,coverage_gate_failed
DE11_r004_c005,DE11,Hamburg,train,True,True,True,False,False,True,buildings>=0.075000+roads>=0.075000,
DE11_r004_c006,DE11,Hamburg,train,True,True,True,False,True,True,buildings>=0.075000+roads>=0.075000+water>=0.050000,
DE11_r004_c007,DE11,Hamburg,train,True,True,True,False,False,True,buildings>=0.075000+roads>=0.075000,
DE11_r004_c008,DE11,Hamburg,train,False,True,True,True,False,False,coverage_gate_failed,coverage_gate_failed
DE11_r004_c009,DE11,Hamburg,train,False,True,True,False,False,False,coverage_gate_failed,coverage_gate_failed
DE11_r004_c010,DE11,Hamburg,train,True,True,True,False,False,True,buildings>=0.075000+roads>=0.075000,
DE11_r004_c011,DE11,Hamburg,train,False,False,False,False,False,False,coverage_gate_failed,coverage_gate_failed
DE11_r005_c000,DE11,Hamburg,train,True,False,False,False,True,True,water>=0.050000,
DE11_r005_c001,DE11,Hamburg,train,True,True,True,False,True,True,buildings>=0.075000+roads>=0.075000+water>=0.050000,
DE11_r005_c002,DE11,Hamburg,train,False,True,True,False,False,False,coverage_gate_failed,coverage_gate_failed
DE11_r005_c003,DE11,Hamburg,train,False,True,True,False,False,False,coverage_gate_failed,coverage_gate_failed
DE11_r005_c004,DE11,Hamburg,train,True,True,True,False,False,True,buildings>=0.075000+roads>=0.075000,
DE11_r005_c005,DE11,Hamburg,train,True,True,True,False,True,True,buildings>=0.075000+roads>=0.075000+water>=0.050000,
DE11_r005_c006,DE11,Hamburg,train,True,True,True,False,True,True,buildings>=0.075000+roads>=0.075000+water>=0.050000,
DE11_r005_c007,DE11,Hamburg,train,False,True,True,False,False,False,coverage_gate_failed,coverage_gate_failed
DE11_r005_c008,DE11,Hamburg,train,False,True,True,False,False,False,coverage_gate_failed,coverage_gate_failed
DE11_r005_c009,DE11,Hamburg,train,True,True,True,False,True,True,buildings>=0.075000+roads>=0.075000+water>=0.050000,
DE11_r005_c010,DE11,Hamburg,train,True,True,True,False,False,True,buildings>=0.075000+roads>=0.075000,
DE11_r005_c011,DE11,Hamburg,train,False,True,True,False,False,False,coverage_gate_failed,coverage_gate_failed
DE11_r006_c000,DE11,Hamburg,train,True,False,False,False,True,True,water>=0.050000,
DE11_r006_c001,DE11,Hamburg,train,True,True,True,False,True,True,buildings>=0.075000+roads>=0.075000+water>=0.050000,
DE11_r006_c002,DE11,Hamburg,train,True,True,True,False,True,True,buildings>=0.075000+roads>=0.075000+water>=0.050000,
DE11_r006_c003,DE11,Hamburg,train,True,True,True,False,True,True,buildings>=0.075000+roads>=0.075000+water>=0.050000,
DE11_r006_c004,DE11,Hamburg,train,True,True,True,False,True,True,buildings>=0.075000+roads>=0.075000+water>=0.050000,
DE11_r006_c005,DE11,Hamburg,train,True,True,True,False,True,True,buildings>=0.075000+roads>=0.075000+water>=0.050000,
DE11_r006_c006,DE11,Hamburg,train,True,True,True,True,True,True,buildings>=0.075000+roads>=0.075000+bare_land>=0.005000+water>=0.050000,
DE11_r006_c007,DE11,Hamburg,train,True,True,True,False,True,True,buildings>=0.075000+roads>=0.075000+water>=0.050000,
DE11_r006_c008,DE11,Hamburg,train,True,True,True,False,True,True,buildings>=0.075000+roads>=0.075000+water>=0.050000,
DE11_r006_c009,DE11,Hamburg,train,True,True,True,False,False,True,buildings>=0.075000+roads>=0.075000,
DE11_r006_c010,DE11,Hamburg,train,True,False,False,False,False,False,no_training_minority_rule,no_training_minority_rule
DE11_r006_c011,DE11,Hamburg,train,False,True,False,False,False,False,coverage_gate_failed,coverage_gate_failed
DE11_r007_c000,DE11,Hamburg,train,True,False,False,False,False,False,no_training_minority_rule,no_training_minority_rule
DE11_r007_c001,DE11,Hamburg,train,True,False,False,False,True,True,water>=0.050000,
DE11_r007_c002,DE11,Hamburg,train,True,False,False,False,True,True,water>=0.050000,
DE11_r007_c003,DE11,Hamburg,train,True,True,True,False,True,True,buildings>=0.075000+roads>=0.075000+water>=0.050000,
DE11_r007_c004,DE11,Hamburg,train,True,True,True,False,True,True,buildings>=0.075000+roads>=0.075000+water>=0.050000,
DE11_r007_c005,DE11,Hamburg,train,True,True,True,False,True,True,buildings>=0.075000+roads>=0.075000+water>=0.050000,
DE11_r007_c006,DE11,Hamburg,train,False,True,True,True,True,False,coverage_gate_failed,coverage_gate_failed
DE11_r007_c007,DE11,Hamburg,train,True,True,True,False,True,True,buildings>=0.075000+roads>=0.075000+water>=0.050000,
DE11_r007_c008,DE11,Hamburg,train,True,True,True,True,True,True,buildings>=0.075000+roads>=0.075000+bare_land>=0.005000+water>=0.050000,
DE11_r007_c009,DE11,Hamburg,train,True,False,False,False,False,False,no_training_minority_rule,no_training_minority_rule
DE11_r007_c010,DE11,Hamburg,train,True,True,True,False,False,True,buildings>=0.075000+roads>=0.075000,
DE11_r007_c011,DE11,Hamburg,train,False,True,True,False,False,False,coverage_gate_failed,coverage_gate_failed
DE11_r008_c000,DE11,Hamburg,train,True,False,False,True,False,True,bare_land>=0.005000,
DE11_r008_c001,DE11,Hamburg,train,True,False,False,False,False,False,no_training_minority_rule,no_training_minority_rule
DE11_r008_c002,DE11,Hamburg,train,True,False,False,False,False,False,no_training_minority_rule,no_training_minority_rule
DE11_r008_c003,DE11,Hamburg,train,True,False,False,True,False,True,bare_land>=0.005000,
DE11_r008_c004,DE11,Hamburg,train,True,False,True,True,True,True,roads>=0.075000+bare_land>=0.005000+water>=0.050000,
DE11_r008_c005,DE11,Hamburg,train,False,True,True,False,True,False,coverage_gate_failed,coverage_gate_failed
DE11_r008_c006,DE11,Hamburg,train,True,True,True,False,False,True,buildings>=0.075000+roads>=0.075000,
DE11_r008_c007,DE11,Hamburg,train,True,False,False,False,True,True,water>=0.050000,
DE11_r008_c008,DE11,Hamburg,train,True,True,False,True,True,True,buildings>=0.075000+bare_land>=0.005000+water>=0.050000,
DE11_r008_c009,DE11,Hamburg,train,True,True,False,False,False,True,buildings>=0.075000,
DE11_r008_c010,DE11,Hamburg,train,True,True,True,False,False,True,buildings>=0.075000+roads>=0.075000,
DE11_r008_c011,DE11,Hamburg,train,False,True,True,False,False,False,coverage_gate_failed,coverage_gate_failed
DE11_r009_c000,DE11,Hamburg,train,True,True,True,False,False,True,buildings>=0.075000+roads>=0.075000,
DE11_r009_c001,DE11,Hamburg,train,True,True,False,False,False,True,buildings>=0.075000,
DE11_r009_c002,DE11,Hamburg,train,True,True,True,False,False,True,buildings>=0.075000+roads>=0.075000,
DE11_r009_c003,DE11,Hamburg,train,True,True,False,False,False,True,buildings>=0.075000,
DE11_r009_c004,DE11,Hamburg,train,True,True,True,True,False,True,buildings>=0.075000+roads>=0.075000+bare_land>=0.005000,
DE11_r009_c005,DE11,Hamburg,train,True,True,True,False,True,True,buildings>=0.075000+roads>=0.075000+water>=0.050000,
DE11_r009_c006,DE11,Hamburg,train,True,False,True,False,True,True,roads>=0.075000+water>=0.050000,
DE11_r009_c007,DE11,Hamburg,train,True,False,False,False,True,True,water>=0.050000,
DE11_r009_c008,DE11,Hamburg,train,True,False,False,False,False,False,no_training_minority_rule,no_training_minority_rule
DE11_r009_c009,DE11,Hamburg,train,True,False,False,False,False,False,no_training_minority_rule,no_training_minority_rule
DE11_r009_c010,DE11,Hamburg,train,True,False,False,False,False,False,no_training_minority_rule,no_training_minority_rule
DE11_r009_c011,DE11,Hamburg,train,False,False,False,False,False,False,coverage_gate_failed,coverage_gate_failed
DE11_r010_c000,DE11,Hamburg,train,True,False,False,True,False,True,bare_land>=0.005000,
DE11_r010_c001,DE11,Hamburg,train,True,False,False,False,False,False,no_training_minority_rule,no_training_minority_rule
DE11_r010_c002,DE11,Hamburg,train,True,False,False,False,False,False,no_training_minority_rule,no_training_minority_rule
DE11_r010_c003,DE11,Hamburg,train,True,False,False,False,False,False,no_training_minority_rule,no_training_minority_rule
DE11_r010_c004,DE11,Hamburg,train,True,True,True,False,False,True,buildings>=0.075000+roads>=0.075000,
DE11_r010_c005,DE11,Hamburg,train,True,True,True,False,True,True,buildings>=0.075000+roads>=0.075000+water>=0.050000,
DE11_r010_c006,DE11,Hamburg,train,True,True,True,False,False,True,buildings>=0.075000+roads>=0.075000,
DE11_r010_c007,DE11,Hamburg,train,True,False,False,False,False,False,no_training_minority_rule,no_training_minority_rule
DE11_r010_c008,DE11,Hamburg,train,True,False,False,False,True,True,water>=0.050000,
DE11_r010_c009,DE11,Hamburg,train,True,False,False,False,False,False,no_training_minority_rule,no_training_minority_rule
DE11_r010_c010,DE11,Hamburg,train,True,False,False,False,False,False,no_training_minority_rule,no_training_minority_rule
DE11_r010_c011,DE11,Hamburg,train,False,False,False,False,False,False,coverage_gate_failed,coverage_gate_failed
DE11_r011_c000,DE11,Hamburg,train,False,False,False,False,False,False,coverage_gate_failed,coverage_gate_failed
DE11_r011_c001,DE11,Hamburg,train,False,False,False,False,False,False,coverage_gate_failed,coverage_gate_failed
DE11_r011_c002,DE11,Hamburg,train,False,False,False,False,False,False,coverage_gate_failed,coverage_gate_failed
DE11_r011_c003,DE11,Hamburg,train,False,False,False,False,False,False,coverage_gate_failed,coverage_gate_failed
DE11_r011_c004,DE11,Hamburg,train,False,False,False,True,False,False,coverage_gate_failed,coverage_gate_failed
DE11_r011_c005,DE11,Hamburg,train,False,True,True,False,False,False,coverage_gate_failed,coverage_gate_failed
DE11_r011_c006,DE11,Hamburg,train,False,True,True,False,False,False,coverage_gate_failed,coverage_gate_failed
DE11_r011_c007,DE11,Hamburg,train,False,False,False,False,True,False,coverage_gate_failed,coverage_gate_failed
DE11_r011_c008,DE11,Hamburg,train,False,False,False,False,True,False,coverage_gate_failed,coverage_gate_failed
DE11_r011_c009,DE11,Hamburg,train,False,False,False,False,True,False,coverage_gate_failed,coverage_gate_failed
DE11_r011_c010,DE11,Hamburg,train,False,False,False,False,False,False,coverage_gate_failed,coverage_gate_failed
DE11_r011_c011,DE11,Hamburg,train,False,False,False,False,False,False,coverage_gate_failed,coverage_gate_failed
DE12_r000_c000,DE12,Bremen,train,True,False,False,False,False,False,no_training_minority_rule,no_training_minority_rule
DE12_r000_c001,DE12,Bremen,train,True,False,False,False,False,False,no_training_minority_rule,no_training_minority_rule
DE12_r000_c002,DE12,Bremen,train,True,False,False,False,False,False,no_training_minority_rule,no_training_minority_rule
DE12_r000_c003,DE12,Bremen,train,True,False,False,False,False,False,no_training_minority_rule,no_training_minority_rule
DE12_r000_c004,DE12,Bremen,train,True,False,False,False,False,False,no_training_minority_rule,no_training_minority_rule
DE12_r000_c005,DE12,Bremen,train,True,False,False,False,False,False,no_training_minority_rule,no_training_minority_rule
DE12_r000_c006,DE12,Bremen,train,True,False,False,False,False,False,no_training_minority_rule,no_training_minority_rule
DE12_r000_c007,DE12,Bremen,train,True,False,False,False,False,False,no_training_minority_rule,no_training_minority_rule
DE12_r000_c008,DE12,Bremen,train,True,False,False,False,False,False,no_training_minority_rule,no_training_minority_rule
DE12_r000_c009,DE12,Bremen,train,True,False,False,False,False,False,no_training_minority_rule,no_training_minority_rule
DE12_r000_c010,DE12,Bremen,train,True,False,False,False,False,False,no_training_minority_rule,no_training_minority_rule
DE12_r000_c011,DE12,Bremen,train,False,False,False,False,False,False,coverage_gate_failed,coverage_gate_failed
DE12_r001_c000,DE12,Bremen,train,True,True,True,False,True,True,buildings>=0.075000+roads>=0.075000+water>=0.050000,
DE12_r001_c001,DE12,Bremen,train,False,True,True,False,False,False,coverage_gate_failed,coverage_gate_failed
DE12_r001_c002,DE12,Bremen,train,True,True,True,False,False,True,buildings>=0.075000+roads>=0.075000,
DE12_r001_c003,DE12,Bremen,train,True,True,True,False,False,True,buildings>=0.075000+roads>=0.075000,
DE12_r001_c004,DE12,Bremen,train,True,True,True,False,False,True,buildings>=0.075000+roads>=0.075000,
DE12_r001_c005,DE12,Bremen,train,True,False,False,False,False,False,no_training_minority_rule,no_training_minority_rule
DE12_r001_c006,DE12,Bremen,train,True,False,False,False,False,False,no_training_minority_rule,no_training_minority_rule
DE12_r001_c007,DE12,Bremen,train,True,False,False,False,False,False,no_training_minority_rule,no_training_minority_rule
DE12_r001_c008,DE12,Bremen,train,True,False,False,False,False,False,no_training_minority_rule,no_training_minority_rule
DE12_r001_c009,DE12,Bremen,train,False,True,True,False,False,False,coverage_gate_failed,coverage_gate_failed
DE12_r001_c010,DE12,Bremen,train,True,False,False,False,False,False,no_training_minority_rule,no_training_minority_rule
DE12_r001_c011,DE12,Bremen,train,False,False,False,False,False,False,coverage_gate_failed,coverage_gate_failed
DE12_r002_c000,DE12,Bremen,train,True,False,False,False,False,False,no_training_minority_rule,no_training_minority_rule
DE12_r002_c001,DE12,Bremen,train,True,True,False,False,True,True,buildings>=0.075000+water>=0.050000,
DE12_r002_c002,DE12,Bremen,train,True,False,False,True,True,True,bare_land>=0.005000+water>=0.050000,
DE12_r002_c003,DE12,Bremen,train,True,True,True,False,True,True,buildings>=0.075000+roads>=0.075000+water>=0.050000,
DE12_r002_c004,DE12,Bremen,train,True,False,False,False,False,False,no_training_minority_rule,no_training_minority_rule
DE12_r002_c005,DE12,Bremen,train,True,False,False,False,False,False,no_training_minority_rule,no_training_minority_rule
DE12_r002_c006,DE12,Bremen,train,True,False,False,False,False,False,no_training_minority_rule,no_training_minority_rule
DE12_r002_c007,DE12,Bremen,train,True,False,False,False,False,False,no_training_minority_rule,no_training_minority_rule
DE12_r002_c008,DE12,Bremen,train,True,True,False,False,False,True,buildings>=0.075000,
DE12_r002_c009,DE12,Bremen,train,True,True,True,False,False,True,buildings>=0.075000+roads>=0.075000,
DE12_r002_c010,DE12,Bremen,train,False,False,False,False,False,False,coverage_gate_failed,coverage_gate_failed
DE12_r002_c011,DE12,Bremen,train,False,True,True,False,False,False,coverage_gate_failed,coverage_gate_failed
DE12_r003_c000,DE12,Bremen,train,True,False,False,False,False,False,no_training_minority_rule,no_training_minority_rule
DE12_r003_c001,DE12,Bremen,train,True,False,False,False,True,True,water>=0.050000,
DE12_r003_c002,DE12,Bremen,train,True,True,False,False,True,True,buildings>=0.075000+water>=0.050000,
DE12_r003_c003,DE12,Bremen,train,False,True,True,True,True,False,coverage_gate_failed,coverage_gate_failed
DE12_r003_c004,DE12,Bremen,train,True,True,True,False,False,True,buildings>=0.075000+roads>=0.075000,
DE12_r003_c005,DE12,Bremen,train,True,False,False,True,False,True,bare_land>=0.005000,
DE12_r003_c006,DE12,Bremen,train,True,False,False,False,False,False,no_training_minority_rule,no_training_minority_rule
DE12_r003_c007,DE12,Bremen,train,True,False,False,False,False,False,no_training_minority_rule,no_training_minority_rule
DE12_r003_c008,DE12,Bremen,train,True,True,True,False,False,True,buildings>=0.075000+roads>=0.075000,
DE12_r003_c009,DE12,Bremen,train,True,False,False,False,False,False,no_training_minority_rule,no_training_minority_rule
DE12_r003_c010,DE12,Bremen,train,True,False,False,False,False,False,no_training_minority_rule,no_training_minority_rule
DE12_r003_c011,DE12,Bremen,train,False,False,False,False,False,False,coverage_gate_failed,coverage_gate_failed
DE12_r004_c000,DE12,Bremen,train,True,False,False,False,False,False,no_training_minority_rule,no_training_minority_rule
DE12_r004_c001,DE12,Bremen,train,True,False,False,False,False,False,no_training_minority_rule,no_training_minority_rule
DE12_r004_c002,DE12,Bremen,train,True,False,False,False,False,False,no_training_minority_rule,no_training_minority_rule
DE12_r004_c003,DE12,Bremen,train,True,False,False,True,True,True,bare_land>=0.005000+water>=0.050000,
DE12_r004_c004,DE12,Bremen,train,True,True,True,False,True,True,buildings>=0.075000+roads>=0.075000+water>=0.050000,
DE12_r004_c005,DE12,Bremen,train,False,True,True,True,False,False,coverage_gate_failed,coverage_gate_failed
DE12_r004_c006,DE12,Bremen,train,True,True,False,True,True,True,buildings>=0.075000+bare_land>=0.005000+water>=0.050000,
DE12_r004_c007,DE12,Bremen,train,True,True,True,False,False,True,buildings>=0.075000+roads>=0.075000,
DE12_r004_c008,DE12,Bremen,train,True,True,True,False,False,True,buildings>=0.075000+roads>=0.075000,
DE12_r004_c009,DE12,Bremen,train,True,False,False,False,False,False,no_training_minority_rule,no_training_minority_rule
DE12_r004_c010,DE12,Bremen,train,True,False,False,False,False,False,no_training_minority_rule,no_training_minority_rule
DE12_r004_c011,DE12,Bremen,train,False,False,False,False,False,False,coverage_gate_failed,coverage_gate_failed
DE12_r005_c000,DE12,Bremen,train,True,False,False,False,False,False,no_training_minority_rule,no_training_minority_rule
DE12_r005_c001,DE12,Bremen,train,True,False,False,False,False,False,no_training_minority_rule,no_training_minority_rule
DE12_r005_c002,DE12,Bremen,train,True,False,False,False,False,False,no_training_minority_rule,no_training_minority_rule
DE12_r005_c003,DE12,Bremen,train,True,True,True,True,False,True,buildings>=0.075000+roads>=0.075000+bare_land>=0.005000,
DE12_r005_c004,DE12,Bremen,train,True,True,True,False,True,True,buildings>=0.075000+roads>=0.075000+water>=0.050000,
DE12_r005_c005,DE12,Bremen,train,True,True,True,False,True,True,buildings>=0.075000+roads>=0.075000+water>=0.050000,
DE12_r005_c006,DE12,Bremen,train,True,True,True,False,False,True,buildings>=0.075000+roads>=0.075000,
DE12_r005_c007,DE12,Bremen,train,False,True,True,False,False,False,coverage_gate_failed,coverage_gate_failed
DE12_r005_c008,DE12,Bremen,train,False,True,True,False,False,False,coverage_gate_failed,coverage_gate_failed
DE12_r005_c009,DE12,Bremen,train,True,True,True,False,False,True,buildings>=0.075000+roads>=0.075000,
DE12_r005_c010,DE12,Bremen,train,True,False,False,False,False,False,no_training_minority_rule,no_training_minority_rule
DE12_r005_c011,DE12,Bremen,train,False,False,False,False,False,False,coverage_gate_failed,coverage_gate_failed
DE12_r006_c000,DE12,Bremen,train,True,True,True,False,False,True,buildings>=0.075000+roads>=0.075000,
DE12_r006_c001,DE12,Bremen,train,False,True,True,False,False,False,coverage_gate_failed,coverage_gate_failed
DE12_r006_c002,DE12,Bremen,train,True,True,False,False,False,True,buildings>=0.075000,
DE12_r006_c003,DE12,Bremen,train,True,False,False,False,False,False,no_training_minority_rule,no_training_minority_rule
DE12_r006_c004,DE12,Bremen,train,True,True,True,False,True,True,buildings>=0.075000+roads>=0.075000+water>=0.050000,
DE12_r006_c005,DE12,Bremen,train,True,True,True,False,True,True,buildings>=0.075000+roads>=0.075000+water>=0.050000,
DE12_r006_c006,DE12,Bremen,train,True,True,True,True,True,True,buildings>=0.075000+roads>=0.075000+bare_land>=0.005000+water>=0.050000,
DE12_r006_c007,DE12,Bremen,train,True,True,True,False,True,True,buildings>=0.075000+roads>=0.075000+water>=0.050000,
DE12_r006_c008,DE12,Bremen,train,False,True,True,False,False,False,coverage_gate_failed,coverage_gate_failed
DE12_r006_c009,DE12,Bremen,train,False,True,True,False,False,False,coverage_gate_failed,coverage_gate_failed
DE12_r006_c010,DE12,Bremen,train,True,False,False,False,False,False,no_training_minority_rule,no_training_minority_rule
DE12_r006_c011,DE12,Bremen,train,False,True,True,False,False,False,coverage_gate_failed,coverage_gate_failed
DE12_r007_c000,DE12,Bremen,train,True,True,True,False,False,True,buildings>=0.075000+roads>=0.075000,
DE12_r007_c001,DE12,Bremen,train,True,True,True,False,False,True,buildings>=0.075000+roads>=0.075000,
DE12_r007_c002,DE12,Bremen,train,True,True,True,False,False,True,buildings>=0.075000+roads>=0.075000,
DE12_r007_c003,DE12,Bremen,train,True,True,True,False,False,True,buildings>=0.075000+roads>=0.075000,
DE12_r007_c004,DE12,Bremen,train,True,True,False,False,False,True,buildings>=0.075000,
DE12_r007_c005,DE12,Bremen,train,True,True,False,False,False,True,buildings>=0.075000,
DE12_r007_c006,DE12,Bremen,train,False,True,True,False,False,False,coverage_gate_failed,coverage_gate_failed
DE12_r007_c007,DE12,Bremen,train,True,True,True,False,True,True,buildings>=0.075000+roads>=0.075000+water>=0.050000,
DE12_r007_c008,DE12,Bremen,train,False,True,True,False,False,False,coverage_gate_failed,coverage_gate_failed
DE12_r007_c009,DE12,Bremen,train,True,True,True,False,False,True,buildings>=0.075000+roads>=0.075000,
DE12_r007_c010,DE12,Bremen,train,True,True,True,False,False,True,buildings>=0.075000+roads>=0.075000,
DE12_r007_c011,DE12,Bremen,train,False,False,False,False,False,False,coverage_gate_failed,coverage_gate_failed
DE12_r008_c000,DE12,Bremen,train,True,False,False,False,False,False,no_training_minority_rule,no_training_minority_rule
DE12_r008_c001,DE12,Bremen,train,True,True,True,False,False,True,buildings>=0.075000+roads>=0.075000,
DE12_r008_c002,DE12,Bremen,train,True,False,False,False,False,False,no_training_minority_rule,no_training_minority_rule
DE12_r008_c003,DE12,Bremen,train,True,False,False,False,False,False,no_training_minority_rule,no_training_minority_rule
DE12_r008_c004,DE12,Bremen,train,True,True,False,False,False,True,buildings>=0.075000,
DE12_r008_c005,DE12,Bremen,train,True,True,True,False,False,True,buildings>=0.075000+roads>=0.075000,
DE12_r008_c006,DE12,Bremen,train,True,False,False,False,False,False,no_training_minority_rule,no_training_minority_rule
DE12_r008_c007,DE12,Bremen,train,True,True,False,False,True,True,buildings>=0.075000+water>=0.050000,
DE12_r008_c008,DE12,Bremen,train,True,False,False,False,True,True,water>=0.050000,
DE12_r008_c009,DE12,Bremen,train,True,False,False,False,True,True,water>=0.050000,
DE12_r008_c010,DE12,Bremen,train,True,False,False,False,True,True,water>=0.050000,
DE12_r008_c011,DE12,Bremen,train,False,True,True,False,False,False,coverage_gate_failed,coverage_gate_failed
DE12_r009_c000,DE12,Bremen,train,True,False,False,False,False,False,no_training_minority_rule,no_training_minority_rule
DE12_r009_c001,DE12,Bremen,train,True,False,False,False,False,False,no_training_minority_rule,no_training_minority_rule
DE12_r009_c002,DE12,Bremen,train,True,False,False,False,False,False,no_training_minority_rule,no_training_minority_rule
DE12_r009_c003,DE12,Bremen,train,True,False,False,False,False,False,no_training_minority_rule,no_training_minority_rule
DE12_r009_c004,DE12,Bremen,train,True,False,False,False,False,False,no_training_minority_rule,no_training_minority_rule
DE12_r009_c005,DE12,Bremen,train,True,True,True,False,False,True,buildings>=0.075000+roads>=0.075000,
DE12_r009_c006,DE12,Bremen,train,True,True,False,False,False,True,buildings>=0.075000,
DE12_r009_c007,DE12,Bremen,train,True,True,False,False,False,True,buildings>=0.075000,
DE12_r009_c008,DE12,Bremen,train,True,False,False,False,False,False,no_training_minority_rule,no_training_minority_rule
DE12_r009_c009,DE12,Bremen,train,True,False,False,False,True,True,water>=0.050000,
DE12_r009_c010,DE12,Bremen,train,True,False,False,False,True,True,water>=0.050000,
DE12_r009_c011,DE12,Bremen,train,False,False,False,False,True,False,coverage_gate_failed,coverage_gate_failed
DE12_r010_c000,DE12,Bremen,train,True,False,False,True,False,True,bare_land>=0.005000,
DE12_r010_c001,DE12,Bremen,train,True,False,False,False,False,False,no_training_minority_rule,no_training_minority_rule
DE12_r010_c002,DE12,Bremen,train,True,False,False,False,False,False,no_training_minority_rule,no_training_minority_rule
DE12_r010_c003,DE12,Bremen,train,True,False,False,False,False,False,no_training_minority_rule,no_training_minority_rule
DE12_r010_c004,DE12,Bremen,train,True,False,False,False,False,False,no_training_minority_rule,no_training_minority_rule
DE12_r010_c005,DE12,Bremen,train,True,False,False,False,False,False,no_training_minority_rule,no_training_minority_rule
DE12_r010_c006,DE12,Bremen,train,True,False,False,False,False,False,no_training_minority_rule,no_training_minority_rule
DE12_r010_c007,DE12,Bremen,train,True,False,False,False,False,False,no_training_minority_rule,no_training_minority_rule
DE12_r010_c008,DE12,Bremen,train,True,False,False,False,False,False,no_training_minority_rule,no_training_minority_rule
DE12_r010_c009,DE12,Bremen,train,True,False,False,False,False,False,no_training_minority_rule,no_training_minority_rule
DE12_r010_c010,DE12,Bremen,train,True,False,False,False,False,False,no_training_minority_rule,no_training_minority_rule
DE12_r010_c011,DE12,Bremen,train,False,True,False,False,False,False,coverage_gate_failed,coverage_gate_failed
DE12_r011_c000,DE12,Bremen,train,False,False,False,False,False,False,coverage_gate_failed,coverage_gate_failed
DE12_r011_c001,DE12,Bremen,train,False,False,False,False,False,False,coverage_gate_failed,coverage_gate_failed
DE12_r011_c002,DE12,Bremen,train,False,False,False,True,False,False,coverage_gate_failed,coverage_gate_failed
DE12_r011_c003,DE12,Bremen,train,False,False,False,False,False,False,coverage_gate_failed,coverage_gate_failed
DE12_r011_c004,DE12,Bremen,train,False,False,False,False,False,False,coverage_gate_failed,coverage_gate_failed
DE12_r011_c005,DE12,Bremen,train,False,False,False,False,False,False,coverage_gate_failed,coverage_gate_failed
DE12_r011_c006,DE12,Bremen,train,False,False,False,False,False,False,coverage_gate_failed,coverage_gate_failed
DE12_r011_c007,DE12,Bremen,train,False,False,False,False,False,False,coverage_gate_failed,coverage_gate_failed
DE12_r011_c008,DE12,Bremen,train,False,False,False,False,False,False,coverage_gate_failed,coverage_gate_failed
DE12_r011_c009,DE12,Bremen,train,False,False,False,False,False,False,coverage_gate_failed,coverage_gate_failed
DE12_r011_c010,DE12,Bremen,train,False,False,False,False,False,False,coverage_gate_failed,coverage_gate_failed
DE12_r011_c011,DE12,Bremen,train,False,False,False,False,False,False,coverage_gate_failed,coverage_gate_failed
DE13_r000_c000,DE13,Hanover,train,True,False,False,False,False,False,no_training_minority_rule,no_training_minority_rule
DE13_r000_c001,DE13,Hanover,train,True,False,False,False,False,False,no_training_minority_rule,no_training_minority_rule
DE13_r000_c002,DE13,Hanover,train,True,False,False,False,False,False,no_training_minority_rule,no_training_minority_rule
DE13_r000_c003,DE13,Hanover,train,True,False,False,False,False,False,no_training_minority_rule,no_training_minority_rule
DE13_r000_c004,DE13,Hanover,train,True,False,False,False,False,False,no_training_minority_rule,no_training_minority_rule
DE13_r000_c005,DE13,Hanover,train,True,False,False,False,False,False,no_training_minority_rule,no_training_minority_rule
DE13_r000_c006,DE13,Hanover,train,True,False,False,False,False,False,no_training_minority_rule,no_training_minority_rule
DE13_r000_c007,DE13,Hanover,train,True,False,False,False,False,False,no_training_minority_rule,no_training_minority_rule
DE13_r000_c008,DE13,Hanover,train,True,True,True,False,False,True,buildings>=0.075000+roads>=0.075000,
DE13_r000_c009,DE13,Hanover,train,True,True,True,False,False,True,buildings>=0.075000+roads>=0.075000,
DE13_r000_c010,DE13,Hanover,train,True,False,False,True,False,True,bare_land>=0.005000,
DE13_r000_c011,DE13,Hanover,train,False,False,False,False,False,False,coverage_gate_failed,coverage_gate_failed
DE13_r001_c000,DE13,Hanover,train,True,False,False,False,False,False,no_training_minority_rule,no_training_minority_rule
DE13_r001_c001,DE13,Hanover,train,True,False,False,False,False,False,no_training_minority_rule,no_training_minority_rule
DE13_r001_c002,DE13,Hanover,train,False,False,False,False,False,False,coverage_gate_failed,coverage_gate_failed
DE13_r001_c003,DE13,Hanover,train,True,False,False,True,False,True,bare_land>=0.005000,
DE13_r001_c004,DE13,Hanover,train,True,False,False,False,False,False,no_training_minority_rule,no_training_minority_rule
DE13_r001_c005,DE13,Hanover,train,True,False,False,False,False,False,no_training_minority_rule,no_training_minority_rule
DE13_r001_c006,DE13,Hanover,train,True,False,False,True,True,True,bare_land>=0.005000+water>=0.050000,
DE13_r001_c007,DE13,Hanover,train,True,True,False,False,False,True,buildings>=0.075000,
DE13_r001_c008,DE13,Hanover,train,True,False,False,False,False,False,no_training_minority_rule,no_training_minority_rule
DE13_r001_c009,DE13,Hanover,train,True,False,False,False,False,False,no_training_minority_rule,no_training_minority_rule
DE13_r001_c010,DE13,Hanover,train,True,False,False,True,False,True,bare_land>=0.005000,
DE13_r001_c011,DE13,Hanover,train,False,False,False,False,False,False,coverage_gate_failed,coverage_gate_failed
DE13_r002_c000,DE13,Hanover,train,True,False,False,False,False,False,no_training_minority_rule,no_training_minority_rule
DE13_r002_c001,DE13,Hanover,train,True,True,False,False,False,True,buildings>=0.075000,
DE13_r002_c002,DE13,Hanover,train,True,True,False,False,False,True,buildings>=0.075000,
DE13_r002_c003,DE13,Hanover,train,True,False,False,False,False,False,no_training_minority_rule,no_training_minority_rule
DE13_r002_c004,DE13,Hanover,train,True,True,True,False,False,True,buildings>=0.075000+roads>=0.075000,
DE13_r002_c005,DE13,Hanover,train,True,True,True,False,False,True,buildings>=0.075000+roads>=0.075000,
DE13_r002_c006,DE13,Hanover,train,True,True,True,True,True,True,buildings>=0.075000+roads>=0.075000+bare_land>=0.005000+water>=0.050000,
DE13_r002_c007,DE13,Hanover,train,True,True,False,False,False,True,buildings>=0.075000,
DE13_r002_c008,DE13,Hanover,train,True,False,False,False,False,False,no_training_minority_rule,no_training_minority_rule
DE13_r002_c009,DE13,Hanover,train,True,False,False,False,False,False,no_training_minority_rule,no_training_minority_rule
DE13_r002_c010,DE13,Hanover,train,True,False,False,False,False,False,no_training_minority_rule,no_training_minority_rule
DE13_r002_c011,DE13,Hanover,train,False,False,False,False,False,False,coverage_gate_failed,coverage_gate_failed
DE13_r003_c000,DE13,Hanover,train,True,False,False,False,False,False,no_training_minority_rule,no_training_minority_rule
DE13_r003_c001,DE13,Hanover,train,True,False,False,False,False,False,no_training_minority_rule,no_training_minority_rule
DE13_r003_c002,DE13,Hanover,train,True,True,True,False,False,True,buildings>=0.075000+roads>=0.075000,
DE13_r003_c003,DE13,Hanover,train,True,False,False,False,False,False,no_training_minority_rule,no_training_minority_rule
DE13_r003_c004,DE13,Hanover,train,True,True,True,False,True,True,buildings>=0.075000+roads>=0.075000+water>=0.050000,
DE13_r003_c005,DE13,Hanover,train,True,True,True,False,False,True,buildings>=0.075000+roads>=0.075000,
DE13_r003_c006,DE13,Hanover,train,True,True,True,False,False,True,buildings>=0.075000+roads>=0.075000,
DE13_r003_c007,DE13,Hanover,train,True,True,True,False,False,True,buildings>=0.075000+roads>=0.075000,
DE13_r003_c008,DE13,Hanover,train,True,True,True,False,False,True,buildings>=0.075000+roads>=0.075000,
DE13_r003_c009,DE13,Hanover,train,True,False,False,False,True,True,water>=0.050000,
DE13_r003_c010,DE13,Hanover,train,True,False,False,False,False,False,no_training_minority_rule,no_training_minority_rule
DE13_r003_c011,DE13,Hanover,train,False,False,False,False,False,False,coverage_gate_failed,coverage_gate_failed
DE13_r004_c000,DE13,Hanover,train,True,False,False,False,True,True,water>=0.050000,
DE13_r004_c001,DE13,Hanover,train,True,True,False,False,True,True,buildings>=0.075000+water>=0.050000,
DE13_r004_c002,DE13,Hanover,train,True,True,True,False,True,True,buildings>=0.075000+roads>=0.075000+water>=0.050000,
DE13_r004_c003,DE13,Hanover,train,True,True,True,False,False,True,buildings>=0.075000+roads>=0.075000,
DE13_r004_c004,DE13,Hanover,train,False,True,True,False,False,False,coverage_gate_failed,coverage_gate_failed
DE13_r004_c005,DE13,Hanover,train,False,True,True,False,True,False,coverage_gate_failed,coverage_gate_failed
DE13_r004_c006,DE13,Hanover,train,False,True,True,False,True,False,coverage_gate_failed,coverage_gate_failed
DE13_r004_c007,DE13,Hanover,train,False,True,True,False,False,False,coverage_gate_failed,coverage_gate_failed
DE13_r004_c008,DE13,Hanover,train,True,True,True,False,False,True,buildings>=0.075000+roads>=0.075000,
DE13_r004_c009,DE13,Hanover,train,True,False,False,False,False,False,no_training_minority_rule,no_training_minority_rule
DE13_r004_c010,DE13,Hanover,train,True,False,False,False,False,False,no_training_minority_rule,no_training_minority_rule
DE13_r004_c011,DE13,Hanover,train,False,False,False,False,False,False,coverage_gate_failed,coverage_gate_failed
DE13_r005_c000,DE13,Hanover,train,True,False,False,False,False,False,no_training_minority_rule,no_training_minority_rule
DE13_r005_c001,DE13,Hanover,train,True,False,False,False,False,False,no_training_minority_rule,no_training_minority_rule
DE13_r005_c002,DE13,Hanover,train,True,True,False,False,False,True,buildings>=0.075000,
DE13_r005_c003,DE13,Hanover,train,True,True,False,False,False,True,buildings>=0.075000,
DE13_r005_c004,DE13,Hanover,train,True,True,True,True,True,True,buildings>=0.075000+roads>=0.075000+bare_land>=0.005000+water>=0.050000,
DE13_r005_c005,DE13,Hanover,train,True,True,True,False,False,True,buildings>=0.075000+roads>=0.075000,
DE13_r005_c006,DE13,Hanover,train,True,True,True,False,False,True,buildings>=0.075000+roads>=0.075000,
DE13_r005_c007,DE13,Hanover,train,True,True,True,False,False,True,buildings>=0.075000+roads>=0.075000,
DE13_r005_c008,DE13,Hanover,train,True,True,True,False,True,True,buildings>=0.075000+roads>=0.075000+water>=0.050000,
DE13_r005_c009,DE13,Hanover,train,True,True,True,True,False,True,buildings>=0.075000+roads>=0.075000+bare_land>=0.005000,
DE13_r005_c010,DE13,Hanover,train,True,False,False,True,False,True,bare_land>=0.005000,
DE13_r005_c011,DE13,Hanover,train,False,False,False,False,False,False,coverage_gate_failed,coverage_gate_failed
DE13_r006_c000,DE13,Hanover,train,True,False,False,False,False,False,no_training_minority_rule,no_training_minority_rule
DE13_r006_c001,DE13,Hanover,train,True,False,False,False,False,False,no_training_minority_rule,no_training_minority_rule
DE13_r006_c002,DE13,Hanover,train,True,False,False,False,False,False,no_training_minority_rule,no_training_minority_rule
DE13_r006_c003,DE13,Hanover,train,True,False,False,False,False,False,no_training_minority_rule,no_training_minority_rule
DE13_r006_c004,DE13,Hanover,train,False,True,True,True,False,False,coverage_gate_failed,coverage_gate_failed
DE13_r006_c005,DE13,Hanover,train,True,True,True,False,True,True,buildings>=0.075000+roads>=0.075000+water>=0.050000,
DE13_r006_c006,DE13,Hanover,train,True,True,True,False,True,True,buildings>=0.075000+roads>=0.075000+water>=0.050000,
DE13_r006_c007,DE13,Hanover,train,True,True,True,False,False,True,buildings>=0.075000+roads>=0.075000,
DE13_r006_c008,DE13,Hanover,train,True,True,True,False,False,True,buildings>=0.075000+roads>=0.075000,
DE13_r006_c009,DE13,Hanover,train,True,True,True,True,True,True,buildings>=0.075000+roads>=0.075000+bare_land>=0.005000+water>=0.050000,
DE13_r006_c010,DE13,Hanover,train,True,True,False,True,False,True,buildings>=0.075000+bare_land>=0.005000,
DE13_r006_c011,DE13,Hanover,train,False,False,False,False,False,False,coverage_gate_failed,coverage_gate_failed
DE13_r007_c000,DE13,Hanover,train,True,False,False,False,False,False,no_training_minority_rule,no_training_minority_rule
DE13_r007_c001,DE13,Hanover,train,True,False,False,False,False,False,no_training_minority_rule,no_training_minority_rule
DE13_r007_c002,DE13,Hanover,train,True,False,False,False,False,False,no_training_minority_rule,no_training_minority_rule
DE13_r007_c003,DE13,Hanover,train,True,False,False,False,False,False,no_training_minority_rule,no_training_minority_rule
DE13_r007_c004,DE13,Hanover,train,True,True,True,False,False,True,buildings>=0.075000+roads>=0.075000,
DE13_r007_c005,DE13,Hanover,train,True,True,True,False,False,True,buildings>=0.075000+roads>=0.075000,
DE13_r007_c006,DE13,Hanover,train,True,True,True,False,True,True,buildings>=0.075000+roads>=0.075000+water>=0.050000,
DE13_r007_c007,DE13,Hanover,train,True,True,True,False,False,True,buildings>=0.075000+roads>=0.075000,
DE13_r007_c008,DE13,Hanover,train,True,True,True,False,False,True,buildings>=0.075000+roads>=0.075000,
DE13_r007_c009,DE13,Hanover,train,True,False,False,True,False,True,bare_land>=0.005000,
DE13_r007_c010,DE13,Hanover,train,True,False,False,True,False,True,bare_land>=0.005000,
DE13_r007_c011,DE13,Hanover,train,False,False,False,False,False,False,coverage_gate_failed,coverage_gate_failed
DE13_r008_c000,DE13,Hanover,train,True,False,False,False,False,False,no_training_minority_rule,no_training_minority_rule
DE13_r008_c001,DE13,Hanover,train,True,False,False,False,False,False,no_training_minority_rule,no_training_minority_rule
DE13_r008_c002,DE13,Hanover,train,True,True,True,False,False,True,buildings>=0.075000+roads>=0.075000,
DE13_r008_c003,DE13,Hanover,train,True,False,False,True,False,True,bare_land>=0.005000,
DE13_r008_c004,DE13,Hanover,train,True,False,False,False,False,False,no_training_minority_rule,no_training_minority_rule
DE13_r008_c005,DE13,Hanover,train,True,True,True,False,False,True,buildings>=0.075000+roads>=0.075000,
DE13_r008_c006,DE13,Hanover,train,True,False,False,False,True,True,water>=0.050000,
DE13_r008_c007,DE13,Hanover,train,True,True,True,False,False,True,buildings>=0.075000+roads>=0.075000,
DE13_r008_c008,DE13,Hanover,train,True,True,True,False,False,True,buildings>=0.075000+roads>=0.075000,
DE13_r008_c009,DE13,Hanover,train,True,False,False,False,False,False,no_training_minority_rule,no_training_minority_rule
DE13_r008_c010,DE13,Hanover,train,True,False,False,False,False,False,no_training_minority_rule,no_training_minority_rule
DE13_r008_c011,DE13,Hanover,train,False,False,False,False,False,False,coverage_gate_failed,coverage_gate_failed
DE13_r009_c000,DE13,Hanover,train,True,False,False,False,False,False,no_training_minority_rule,no_training_minority_rule
DE13_r009_c001,DE13,Hanover,train,True,False,False,False,False,False,no_training_minority_rule,no_training_minority_rule
DE13_r009_c002,DE13,Hanover,train,True,False,False,False,False,False,no_training_minority_rule,no_training_minority_rule
DE13_r009_c003,DE13,Hanover,train,True,False,False,False,False,False,no_training_minority_rule,no_training_minority_rule
DE13_r009_c004,DE13,Hanover,train,True,False,False,False,False,False,no_training_minority_rule,no_training_minority_rule
DE13_r009_c005,DE13,Hanover,train,True,False,False,False,False,False,no_training_minority_rule,no_training_minority_rule
DE13_r009_c006,DE13,Hanover,train,True,False,False,False,True,True,water>=0.050000,
DE13_r009_c007,DE13,Hanover,train,True,False,False,False,False,False,no_training_minority_rule,no_training_minority_rule
DE13_r009_c008,DE13,Hanover,train,True,True,True,False,False,True,buildings>=0.075000+roads>=0.075000,
DE13_r009_c009,DE13,Hanover,train,True,False,False,False,False,False,no_training_minority_rule,no_training_minority_rule
DE13_r009_c010,DE13,Hanover,train,True,False,False,False,False,False,no_training_minority_rule,no_training_minority_rule
DE13_r009_c011,DE13,Hanover,train,False,False,False,False,False,False,coverage_gate_failed,coverage_gate_failed
DE13_r010_c000,DE13,Hanover,train,True,False,False,False,False,False,no_training_minority_rule,no_training_minority_rule
DE13_r010_c001,DE13,Hanover,train,True,True,False,False,False,True,buildings>=0.075000,
DE13_r010_c002,DE13,Hanover,train,True,False,False,False,False,False,no_training_minority_rule,no_training_minority_rule
DE13_r010_c003,DE13,Hanover,train,True,False,False,False,False,False,no_training_minority_rule,no_training_minority_rule
DE13_r010_c004,DE13,Hanover,train,True,False,False,False,False,False,no_training_minority_rule,no_training_minority_rule
DE13_r010_c005,DE13,Hanover,train,True,False,False,False,False,False,no_training_minority_rule,no_training_minority_rule
DE13_r010_c006,DE13,Hanover,train,True,True,False,False,False,True,buildings>=0.075000,
DE13_r010_c007,DE13,Hanover,train,True,False,False,False,False,False,no_training_minority_rule,no_training_minority_rule
DE13_r010_c008,DE13,Hanover,train,True,False,False,False,True,True,water>=0.050000,
DE13_r010_c009,DE13,Hanover,train,True,False,False,False,False,False,no_training_minority_rule,no_training_minority_rule
DE13_r010_c010,DE13,Hanover,train,True,False,False,False,False,False,no_training_minority_rule,no_training_minority_rule
DE13_r010_c011,DE13,Hanover,train,False,False,False,False,False,False,coverage_gate_failed,coverage_gate_failed
DE13_r011_c000,DE13,Hanover,train,False,False,False,False,False,False,coverage_gate_failed,coverage_gate_failed
DE13_r011_c001,DE13,Hanover,train,False,False,False,False,False,False,coverage_gate_failed,coverage_gate_failed
DE13_r011_c002,DE13,Hanover,train,False,True,False,False,False,False,coverage_gate_failed,coverage_gate_failed
DE13_r011_c003,DE13,Hanover,train,False,False,False,False,False,False,coverage_gate_failed,coverage_gate_failed
DE13_r011_c004,DE13,Hanover,train,False,False,False,False,False,False,coverage_gate_failed,coverage_gate_failed
DE13_r011_c005,DE13,Hanover,train,False,False,False,False,False,False,coverage_gate_failed,coverage_gate_failed
DE13_r011_c006,DE13,Hanover,train,False,False,False,False,False,False,coverage_gate_failed,coverage_gate_failed
DE13_r011_c007,DE13,Hanover,train,False,False,False,False,False,False,coverage_gate_failed,coverage_gate_failed
DE13_r011_c008,DE13,Hanover,train,False,False,False,False,True,False,coverage_gate_failed,coverage_gate_failed
DE13_r011_c009,DE13,Hanover,train,False,True,True,True,False,False,coverage_gate_failed,coverage_gate_failed
DE13_r011_c010,DE13,Hanover,train,False,False,False,False,False,False,coverage_gate_failed,coverage_gate_failed
DE13_r011_c011,DE13,Hanover,train,False,False,False,False,False,False,coverage_gate_failed,coverage_gate_failed
DE14_r000_c000,DE14,Berlin,train,True,True,True,False,False,True,buildings>=0.075000+roads>=0.075000,
DE14_r000_c001,DE14,Berlin,train,True,False,False,False,False,False,no_training_minority_rule,no_training_minority_rule
DE14_r000_c002,DE14,Berlin,train,True,True,True,False,False,True,buildings>=0.075000+roads>=0.075000,
DE14_r000_c003,DE14,Berlin,train,True,True,True,False,False,True,buildings>=0.075000+roads>=0.075000,
DE14_r000_c004,DE14,Berlin,train,True,False,False,False,False,False,no_training_minority_rule,no_training_minority_rule
DE14_r000_c005,DE14,Berlin,train,True,True,True,False,False,True,buildings>=0.075000+roads>=0.075000,
DE14_r000_c006,DE14,Berlin,train,True,False,False,False,False,False,no_training_minority_rule,no_training_minority_rule
DE14_r000_c007,DE14,Berlin,train,True,False,False,False,False,False,no_training_minority_rule,no_training_minority_rule
DE14_r000_c008,DE14,Berlin,train,True,True,True,False,False,True,buildings>=0.075000+roads>=0.075000,
DE14_r000_c009,DE14,Berlin,train,True,True,True,True,False,True,buildings>=0.075000+roads>=0.075000+bare_land>=0.005000,
DE14_r000_c010,DE14,Berlin,train,True,False,False,False,False,False,no_training_minority_rule,no_training_minority_rule
DE14_r000_c011,DE14,Berlin,train,False,False,False,False,False,False,coverage_gate_failed,coverage_gate_failed
DE14_r001_c000,DE14,Berlin,train,True,True,False,False,True,True,buildings>=0.075000+water>=0.050000,
DE14_r001_c001,DE14,Berlin,train,True,True,True,False,False,True,buildings>=0.075000+roads>=0.075000,
DE14_r001_c002,DE14,Berlin,train,True,False,False,False,False,False,no_training_minority_rule,no_training_minority_rule
DE14_r001_c003,DE14,Berlin,train,False,True,True,False,False,False,coverage_gate_failed,coverage_gate_failed
DE14_r001_c004,DE14,Berlin,train,True,True,False,False,False,True,buildings>=0.075000,
DE14_r001_c005,DE14,Berlin,train,True,False,False,False,False,False,no_training_minority_rule,no_training_minority_rule
DE14_r001_c006,DE14,Berlin,train,True,True,True,False,False,True,buildings>=0.075000+roads>=0.075000,
DE14_r001_c007,DE14,Berlin,train,True,False,True,False,False,True,roads>=0.075000,
DE14_r001_c008,DE14,Berlin,train,True,True,True,False,False,True,buildings>=0.075000+roads>=0.075000,
DE14_r001_c009,DE14,Berlin,train,True,False,False,True,False,True,bare_land>=0.005000,
DE14_r001_c010,DE14,Berlin,train,True,False,False,False,False,False,no_training_minority_rule,no_training_minority_rule
DE14_r001_c011,DE14,Berlin,train,False,False,False,False,False,False,coverage_gate_failed,coverage_gate_failed
DE14_r002_c000,DE14,Berlin,train,True,False,False,False,True,True,water>=0.050000,
DE14_r002_c001,DE14,Berlin,train,True,False,False,False,False,False,no_training_minority_rule,no_training_minority_rule
DE14_r002_c002,DE14,Berlin,train,True,True,False,False,True,True,buildings>=0.075000+water>=0.050000,
DE14_r002_c003,DE14,Berlin,train,False,True,True,False,False,False,coverage_gate_failed,coverage_gate_failed
DE14_r002_c004,DE14,Berlin,train,False,True,True,False,False,False,coverage_gate_failed,coverage_gate_failed
DE14_r002_c005,DE14,Berlin,train,True,True,True,False,False,True,buildings>=0.075000+roads>=0.075000,
DE14_r002_c006,DE14,Berlin,train,False,True,True,False,False,False,coverage_gate_failed,coverage_gate_failed
DE14_r002_c007,DE14,Berlin,train,False,True,True,False,False,False,coverage_gate_failed,coverage_gate_failed
DE14_r002_c008,DE14,Berlin,train,True,False,False,False,False,False,no_training_minority_rule,no_training_minority_rule
DE14_r002_c009,DE14,Berlin,train,True,False,False,False,False,False,no_training_minority_rule,no_training_minority_rule
DE14_r002_c010,DE14,Berlin,train,True,False,False,False,False,False,no_training_minority_rule,no_training_minority_rule
DE14_r002_c011,DE14,Berlin,train,False,False,False,False,False,False,coverage_gate_failed,coverage_gate_failed
DE14_r003_c000,DE14,Berlin,train,True,True,False,False,False,True,buildings>=0.075000,
DE14_r003_c001,DE14,Berlin,train,True,False,False,False,True,True,water>=0.050000,
DE14_r003_c002,DE14,Berlin,train,True,True,True,False,True,True,buildings>=0.075000+roads>=0.075000+water>=0.050000,
DE14_r003_c003,DE14,Berlin,train,False,True,True,False,False,False,coverage_gate_failed,coverage_gate_failed
DE14_r003_c004,DE14,Berlin,train,False,True,True,False,False,False,coverage_gate_failed,coverage_gate_failed
DE14_r003_c005,DE14,Berlin,train,True,True,True,False,False,True,buildings>=0.075000+roads>=0.075000,
DE14_r003_c006,DE14,Berlin,train,False,True,True,False,False,False,coverage_gate_failed,coverage_gate_failed
DE14_r003_c007,DE14,Berlin,train,True,True,True,True,False,True,buildings>=0.075000+roads>=0.075000+bare_land>=0.005000,
DE14_r003_c008,DE14,Berlin,train,True,True,True,False,False,True,buildings>=0.075000+roads>=0.075000,
DE14_r003_c009,DE14,Berlin,train,True,True,False,False,False,True,buildings>=0.075000,
DE14_r003_c010,DE14,Berlin,train,True,True,True,False,False,True,buildings>=0.075000+roads>=0.075000,
DE14_r003_c011,DE14,Berlin,train,False,False,False,False,False,False,coverage_gate_failed,coverage_gate_failed
DE14_r004_c000,DE14,Berlin,train,True,True,True,False,True,True,buildings>=0.075000+roads>=0.075000+water>=0.050000,
DE14_r004_c001,DE14,Berlin,train,True,True,True,True,True,True,buildings>=0.075000+roads>=0.075000+bare_land>=0.005000+water>=0.050000,
DE14_r004_c002,DE14,Berlin,train,True,True,True,False,True,True,buildings>=0.075000+roads>=0.075000+water>=0.050000,
DE14_r004_c003,DE14,Berlin,train,False,True,True,False,True,False,coverage_gate_failed,coverage_gate_failed
DE14_r004_c004,DE14,Berlin,train,True,True,True,False,False,True,buildings>=0.075000+roads>=0.075000,
DE14_r004_c005,DE14,Berlin,train,True,True,True,False,False,True,buildings>=0.075000+roads>=0.075000,
DE14_r004_c006,DE14,Berlin,train,True,True,True,False,False,True,buildings>=0.075000+roads>=0.075000,
DE14_r004_c007,DE14,Berlin,train,True,True,True,False,False,True,buildings>=0.075000+roads>=0.075000,
DE14_r004_c008,DE14,Berlin,train,False,True,True,False,False,False,coverage_gate_failed,coverage_gate_failed
DE14_r004_c009,DE14,Berlin,train,True,True,True,True,False,True,buildings>=0.075000+roads>=0.075000+bare_land>=0.005000,
DE14_r004_c010,DE14,Berlin,train,True,True,True,False,False,True,buildings>=0.075000+roads>=0.075000,
DE14_r004_c011,DE14,Berlin,train,False,False,False,False,False,False,coverage_gate_failed,coverage_gate_failed
DE14_r005_c000,DE14,Berlin,train,True,True,True,False,True,True,buildings>=0.075000+roads>=0.075000+water>=0.050000,
DE14_r005_c001,DE14,Berlin,train,True,True,True,False,True,True,buildings>=0.075000+roads>=0.075000+water>=0.050000,
DE14_r005_c002,DE14,Berlin,train,True,True,True,False,True,True,buildings>=0.075000+roads>=0.075000+water>=0.050000,
DE14_r005_c003,DE14,Berlin,train,True,True,True,False,True,True,buildings>=0.075000+roads>=0.075000+water>=0.050000,
DE14_r005_c004,DE14,Berlin,train,True,True,True,True,True,True,buildings>=0.075000+roads>=0.075000+bare_land>=0.005000+water>=0.050000,
DE14_r005_c005,DE14,Berlin,train,True,True,True,False,False,True,buildings>=0.075000+roads>=0.075000,
DE14_r005_c006,DE14,Berlin,train,True,True,True,False,False,True,buildings>=0.075000+roads>=0.075000,
DE14_r005_c007,DE14,Berlin,train,True,True,True,False,False,True,buildings>=0.075000+roads>=0.075000,
DE14_r005_c008,DE14,Berlin,train,False,True,True,False,False,False,coverage_gate_failed,coverage_gate_failed
DE14_r005_c009,DE14,Berlin,train,False,True,True,False,False,False,coverage_gate_failed,coverage_gate_failed
DE14_r005_c010,DE14,Berlin,train,True,True,True,False,False,True,buildings>=0.075000+roads>=0.075000,
DE14_r005_c011,DE14,Berlin,train,False,True,True,False,False,False,coverage_gate_failed,coverage_gate_failed
DE14_r006_c000,DE14,Berlin,train,True,False,False,False,True,True,water>=0.050000,
DE14_r006_c001,DE14,Berlin,train,True,True,True,False,False,True,buildings>=0.075000+roads>=0.075000,
DE14_r006_c002,DE14,Berlin,train,False,True,True,False,False,False,coverage_gate_failed,coverage_gate_failed
DE14_r006_c003,DE14,Berlin,train,True,True,True,False,False,True,buildings>=0.075000+roads>=0.075000,
DE14_r006_c004,DE14,Berlin,train,True,True,True,False,False,True,buildings>=0.075000+roads>=0.075000,
DE14_r006_c005,DE14,Berlin,train,True,True,True,False,False,True,buildings>=0.075000+roads>=0.075000,
DE14_r006_c006,DE14,Berlin,train,True,True,True,False,True,True,buildings>=0.075000+roads>=0.075000+water>=0.050000,
DE14_r006_c007,DE14,Berlin,train,True,True,True,False,True,True,buildings>=0.075000+roads>=0.075000+water>=0.050000,
DE14_r006_c008,DE14,Berlin,train,False,True,True,False,False,False,coverage_gate_failed,coverage_gate_failed
DE14_r006_c009,DE14,Berlin,train,False,True,True,False,False,False,coverage_gate_failed,coverage_gate_failed
DE14_r006_c010,DE14,Berlin,train,True,True,True,True,False,True,buildings>=0.075000+roads>=0.075000+bare_land>=0.005000,
DE14_r006_c011,DE14,Berlin,train,False,True,True,False,True,False,coverage_gate_failed,coverage_gate_failed
DE14_r007_c000,DE14,Berlin,train,True,False,False,False,True,True,water>=0.050000,
DE14_r007_c001,DE14,Berlin,train,True,False,False,False,False,False,no_training_minority_rule,no_training_minority_rule
DE14_r007_c002,DE14,Berlin,train,False,True,True,False,True,False,coverage_gate_failed,coverage_gate_failed
DE14_r007_c003,DE14,Berlin,train,True,True,True,False,False,True,buildings>=0.075000+roads>=0.075000,
DE14_r007_c004,DE14,Berlin,train,True,True,True,False,False,True,buildings>=0.075000+roads>=0.075000,
DE14_r007_c005,DE14,Berlin,train,False,True,True,False,False,False,coverage_gate_failed,coverage_gate_failed
DE14_r007_c006,DE14,Berlin,train,True,True,True,False,False,True,buildings>=0.075000+roads>=0.075000,
DE14_r007_c007,DE14,Berlin,train,True,True,True,True,True,True,buildings>=0.075000+roads>=0.075000+bare_land>=0.005000+water>=0.050000,
DE14_r007_c008,DE14,Berlin,train,True,True,True,False,True,True,buildings>=0.075000+roads>=0.075000+water>=0.050000,
DE14_r007_c009,DE14,Berlin,train,False,True,True,False,False,False,coverage_gate_failed,coverage_gate_failed
DE14_r007_c010,DE14,Berlin,train,True,True,True,False,True,True,buildings>=0.075000+roads>=0.075000+water>=0.050000,
DE14_r007_c011,DE14,Berlin,train,False,True,True,False,False,False,coverage_gate_failed,coverage_gate_failed
DE14_r008_c000,DE14,Berlin,train,True,False,False,False,True,True,water>=0.050000,
DE14_r008_c001,DE14,Berlin,train,True,False,False,False,False,False,no_training_minority_rule,no_training_minority_rule
DE14_r008_c002,DE14,Berlin,train,True,True,True,False,False,True,buildings>=0.075000+roads>=0.075000,
DE14_r008_c003,DE14,Berlin,train,True,True,True,False,False,True,buildings>=0.075000+roads>=0.075000,
DE14_r008_c004,DE14,Berlin,train,False,True,True,False,False,False,coverage_gate_failed,coverage_gate_failed
DE14_r008_c005,DE14,Berlin,train,False,True,True,False,False,False,coverage_gate_failed,coverage_gate_failed
DE14_r008_c006,DE14,Berlin,train,True,True,True,True,False,True,buildings>=0.075000+roads>=0.075000+bare_land>=0.005000,
DE14_r008_c007,DE14,Berlin,train,True,True,True,False,True,True,buildings>=0.075000+roads>=0.075000+water>=0.050000,
DE14_r008_c008,DE14,Berlin,train,True,True,True,False,True,True,buildings>=0.075000+roads>=0.075000+water>=0.050000,
DE14_r008_c009,DE14,Berlin,train,True,True,True,False,True,True,buildings>=0.075000+roads>=0.075000+water>=0.050000,
DE14_r008_c010,DE14,Berlin,train,True,True,True,False,False,True,buildings>=0.075000+roads>=0.075000,
DE14_r008_c011,DE14,Berlin,train,False,True,False,False,False,False,coverage_gate_failed,coverage_gate_failed
DE14_r009_c000,DE14,Berlin,train,True,True,True,False,True,True,buildings>=0.075000+roads>=0.075000+water>=0.050000,
DE14_r009_c001,DE14,Berlin,train,False,True,True,False,False,False,coverage_gate_failed,coverage_gate_failed
DE14_r009_c002,DE14,Berlin,train,False,True,True,False,False,False,coverage_gate_failed,coverage_gate_failed
DE14_r009_c003,DE14,Berlin,train,False,True,True,False,True,False,coverage_gate_failed,coverage_gate_failed
DE14_r009_c004,DE14,Berlin,train,False,True,True,False,False,False,coverage_gate_failed,coverage_gate_failed
DE14_r009_c005,DE14,Berlin,train,False,True,True,False,False,False,coverage_gate_failed,coverage_gate_failed
DE14_r009_c006,DE14,Berlin,train,False,True,True,False,False,False,coverage_gate_failed,coverage_gate_failed
DE14_r009_c007,DE14,Berlin,train,False,True,True,False,False,False,coverage_gate_failed,coverage_gate_failed
DE14_r009_c008,DE14,Berlin,train,True,True,True,False,False,True,buildings>=0.075000+roads>=0.075000,
DE14_r009_c009,DE14,Berlin,train,False,True,True,True,False,False,coverage_gate_failed,coverage_gate_failed
DE14_r009_c010,DE14,Berlin,train,True,True,True,True,True,True,buildings>=0.075000+roads>=0.075000+bare_land>=0.005000+water>=0.050000,
DE14_r009_c011,DE14,Berlin,train,False,False,False,False,True,False,coverage_gate_failed,coverage_gate_failed
DE14_r010_c000,DE14,Berlin,train,True,True,True,True,False,True,buildings>=0.075000+roads>=0.075000+bare_land>=0.005000,
DE14_r010_c001,DE14,Berlin,train,False,True,True,False,False,False,coverage_gate_failed,coverage_gate_failed
DE14_r010_c002,DE14,Berlin,train,True,True,True,False,True,True,buildings>=0.075000+roads>=0.075000+water>=0.050000,
DE14_r010_c003,DE14,Berlin,train,True,True,True,False,False,True,buildings>=0.075000+roads>=0.075000,
DE14_r010_c004,DE14,Berlin,train,True,True,True,False,False,True,buildings>=0.075000+roads>=0.075000,
DE14_r010_c005,DE14,Berlin,train,False,True,True,False,False,False,coverage_gate_failed,coverage_gate_failed
DE14_r010_c006,DE14,Berlin,train,True,True,True,False,False,True,buildings>=0.075000+roads>=0.075000,
DE14_r010_c007,DE14,Berlin,train,True,True,True,False,False,True,buildings>=0.075000+roads>=0.075000,
DE14_r010_c008,DE14,Berlin,train,False,True,True,False,False,False,coverage_gate_failed,coverage_gate_failed
DE14_r010_c009,DE14,Berlin,train,False,True,True,False,False,False,coverage_gate_failed,coverage_gate_failed
DE14_r010_c010,DE14,Berlin,train,True,True,True,False,True,True,buildings>=0.075000+roads>=0.075000+water>=0.050000,
DE14_r010_c011,DE14,Berlin,train,False,False,False,False,True,False,coverage_gate_failed,coverage_gate_failed
DE14_r011_c000,DE14,Berlin,train,False,True,True,False,True,False,coverage_gate_failed,coverage_gate_failed
DE14_r011_c001,DE14,Berlin,train,False,True,True,False,False,False,coverage_gate_failed,coverage_gate_failed
DE14_r011_c002,DE14,Berlin,train,False,True,True,False,False,False,coverage_gate_failed,coverage_gate_failed
DE14_r011_c003,DE14,Berlin,train,False,False,False,False,False,False,coverage_gate_failed,coverage_gate_failed
DE14_r011_c004,DE14,Berlin,train,False,False,False,False,False,False,coverage_gate_failed,coverage_gate_failed
DE14_r011_c005,DE14,Berlin,train,False,True,True,False,False,False,coverage_gate_failed,coverage_gate_failed
DE14_r011_c006,DE14,Berlin,train,False,True,False,False,False,False,coverage_gate_failed,coverage_gate_failed
DE14_r011_c007,DE14,Berlin,train,False,False,False,False,False,False,coverage_gate_failed,coverage_gate_failed
DE14_r011_c008,DE14,Berlin,train,False,True,True,False,False,False,coverage_gate_failed,coverage_gate_failed
DE14_r011_c009,DE14,Berlin,train,False,True,True,False,False,False,coverage_gate_failed,coverage_gate_failed
DE14_r011_c010,DE14,Berlin,train,False,True,True,False,False,False,coverage_gate_failed,coverage_gate_failed
DE14_r011_c011,DE14,Berlin,train,False,False,False,False,True,False,coverage_gate_failed,coverage_gate_failed
DE15_r000_c000,DE15,Leipzig,val,True,False,False,False,False,True,coverage_only_evaluation,
DE15_r000_c001,DE15,Leipzig,val,True,False,False,False,False,True,coverage_only_evaluation,
DE15_r000_c002,DE15,Leipzig,val,True,False,False,False,False,True,coverage_only_evaluation,
DE15_r000_c003,DE15,Leipzig,val,True,False,False,False,False,True,coverage_only_evaluation,
DE15_r000_c004,DE15,Leipzig,val,True,False,False,False,True,True,coverage_only_evaluation,
DE15_r000_c005,DE15,Leipzig,val,True,False,False,False,False,True,coverage_only_evaluation,
DE15_r000_c006,DE15,Leipzig,val,True,False,False,False,False,True,coverage_only_evaluation,
DE15_r000_c007,DE15,Leipzig,val,True,False,False,False,False,True,coverage_only_evaluation,
DE15_r000_c008,DE15,Leipzig,val,True,False,False,False,False,True,coverage_only_evaluation,
DE15_r000_c009,DE15,Leipzig,val,True,False,False,False,False,True,coverage_only_evaluation,
DE15_r000_c010,DE15,Leipzig,val,True,False,False,False,False,True,coverage_only_evaluation,
DE15_r000_c011,DE15,Leipzig,val,False,False,False,False,False,False,coverage_gate_failed,coverage_gate_failed
DE15_r001_c000,DE15,Leipzig,val,True,False,False,False,False,True,coverage_only_evaluation,
DE15_r001_c001,DE15,Leipzig,val,True,False,False,False,False,True,coverage_only_evaluation,
DE15_r001_c002,DE15,Leipzig,val,True,False,False,False,False,True,coverage_only_evaluation,
DE15_r001_c003,DE15,Leipzig,val,True,False,False,False,False,True,coverage_only_evaluation,
DE15_r001_c004,DE15,Leipzig,val,True,False,False,False,True,True,coverage_only_evaluation,
DE15_r001_c005,DE15,Leipzig,val,True,False,False,False,True,True,coverage_only_evaluation,
DE15_r001_c006,DE15,Leipzig,val,True,False,False,False,False,True,coverage_only_evaluation,
DE15_r001_c007,DE15,Leipzig,val,True,False,False,False,False,True,coverage_only_evaluation,
DE15_r001_c008,DE15,Leipzig,val,True,False,False,False,False,True,coverage_only_evaluation,
DE15_r001_c009,DE15,Leipzig,val,True,False,False,True,False,True,coverage_only_evaluation,
DE15_r001_c010,DE15,Leipzig,val,True,False,False,False,False,True,coverage_only_evaluation,
DE15_r001_c011,DE15,Leipzig,val,False,False,False,False,False,False,coverage_gate_failed,coverage_gate_failed
DE15_r002_c000,DE15,Leipzig,val,False,True,True,False,False,False,coverage_gate_failed,coverage_gate_failed
DE15_r002_c001,DE15,Leipzig,val,False,True,True,False,False,False,coverage_gate_failed,coverage_gate_failed
DE15_r002_c002,DE15,Leipzig,val,False,True,True,False,False,False,coverage_gate_failed,coverage_gate_failed
DE15_r002_c003,DE15,Leipzig,val,True,True,True,False,False,True,coverage_only_evaluation,
DE15_r002_c004,DE15,Leipzig,val,True,False,False,False,False,True,coverage_only_evaluation,
DE15_r002_c005,DE15,Leipzig,val,True,False,False,False,False,True,coverage_only_evaluation,
DE15_r002_c006,DE15,Leipzig,val,True,False,False,True,False,True,coverage_only_evaluation,
DE15_r002_c007,DE15,Leipzig,val,True,True,False,False,False,True,coverage_only_evaluation,
DE15_r002_c008,DE15,Leipzig,val,True,False,False,False,False,True,coverage_only_evaluation,
DE15_r002_c009,DE15,Leipzig,val,True,False,False,True,False,True,coverage_only_evaluation,
DE15_r002_c010,DE15,Leipzig,val,True,False,False,False,False,True,coverage_only_evaluation,
DE15_r002_c011,DE15,Leipzig,val,False,False,False,False,False,False,coverage_gate_failed,coverage_gate_failed
DE15_r003_c000,DE15,Leipzig,val,True,False,False,False,False,True,coverage_only_evaluation,
DE15_r003_c001,DE15,Leipzig,val,True,True,False,False,False,True,coverage_only_evaluation,
DE15_r003_c002,DE15,Leipzig,val,True,False,False,False,False,True,coverage_only_evaluation,
DE15_r003_c003,DE15,Leipzig,val,True,True,True,False,False,True,coverage_only_evaluation,
DE15_r003_c004,DE15,Leipzig,val,True,True,True,False,False,True,coverage_only_evaluation,
DE15_r003_c005,DE15,Leipzig,val,True,True,True,False,False,True,coverage_only_evaluation,
DE15_r003_c006,DE15,Leipzig,val,True,True,True,False,False,True,coverage_only_evaluation,
DE15_r003_c007,DE15,Leipzig,val,True,True,True,False,False,True,coverage_only_evaluation,
DE15_r003_c008,DE15,Leipzig,val,True,True,False,True,False,True,coverage_only_evaluation,
DE15_r003_c009,DE15,Leipzig,val,True,False,False,True,False,True,coverage_only_evaluation,
DE15_r003_c010,DE15,Leipzig,val,True,False,False,True,False,True,coverage_only_evaluation,
DE15_r003_c011,DE15,Leipzig,val,False,False,False,False,False,False,coverage_gate_failed,coverage_gate_failed
DE15_r004_c000,DE15,Leipzig,val,True,False,False,True,False,True,coverage_only_evaluation,
DE15_r004_c001,DE15,Leipzig,val,True,False,False,True,True,True,coverage_only_evaluation,
DE15_r004_c002,DE15,Leipzig,val,True,False,False,False,False,True,coverage_only_evaluation,
DE15_r004_c003,DE15,Leipzig,val,True,False,False,False,False,True,coverage_only_evaluation,
DE15_r004_c004,DE15,Leipzig,val,True,True,True,False,True,True,coverage_only_evaluation,
DE15_r004_c005,DE15,Leipzig,val,False,True,True,False,False,False,coverage_gate_failed,coverage_gate_failed
DE15_r004_c006,DE15,Leipzig,val,False,True,True,False,False,False,coverage_gate_failed,coverage_gate_failed
DE15_r004_c007,DE15,Leipzig,val,True,True,True,True,False,True,coverage_only_evaluation,
DE15_r004_c008,DE15,Leipzig,val,True,True,True,False,False,True,coverage_only_evaluation,
DE15_r004_c009,DE15,Leipzig,val,True,True,True,False,False,True,coverage_only_evaluation,
DE15_r004_c010,DE15,Leipzig,val,True,False,False,False,False,True,coverage_only_evaluation,
DE15_r004_c011,DE15,Leipzig,val,False,False,False,False,False,False,coverage_gate_failed,coverage_gate_failed
DE15_r005_c000,DE15,Leipzig,val,True,False,False,False,False,True,coverage_only_evaluation,
DE15_r005_c001,DE15,Leipzig,val,True,False,False,False,False,True,coverage_only_evaluation,
DE15_r005_c002,DE15,Leipzig,val,True,False,False,False,False,True,coverage_only_evaluation,
DE15_r005_c003,DE15,Leipzig,val,True,True,True,True,True,True,coverage_only_evaluation,
DE15_r005_c004,DE15,Leipzig,val,True,True,True,False,False,True,coverage_only_evaluation,
DE15_r005_c005,DE15,Leipzig,val,True,True,True,False,True,True,coverage_only_evaluation,
DE15_r005_c006,DE15,Leipzig,val,True,True,True,True,False,True,coverage_only_evaluation,
DE15_r005_c007,DE15,Leipzig,val,False,True,True,False,False,False,coverage_gate_failed,coverage_gate_failed
DE15_r005_c008,DE15,Leipzig,val,True,True,True,False,False,True,coverage_only_evaluation,
DE15_r005_c009,DE15,Leipzig,val,True,False,True,False,False,True,coverage_only_evaluation,
DE15_r005_c010,DE15,Leipzig,val,True,True,True,False,False,True,coverage_only_evaluation,
DE15_r005_c011,DE15,Leipzig,val,False,False,False,False,False,False,coverage_gate_failed,coverage_gate_failed
DE15_r006_c000,DE15,Leipzig,val,True,False,False,False,False,True,coverage_only_evaluation,
DE15_r006_c001,DE15,Leipzig,val,True,False,False,False,False,True,coverage_only_evaluation,
DE15_r006_c002,DE15,Leipzig,val,True,False,False,False,True,True,coverage_only_evaluation,
DE15_r006_c003,DE15,Leipzig,val,True,True,True,True,False,True,coverage_only_evaluation,
DE15_r006_c004,DE15,Leipzig,val,True,True,True,False,False,True,coverage_only_evaluation,
DE15_r006_c005,DE15,Leipzig,val,True,True,True,False,False,True,coverage_only_evaluation,
DE15_r006_c006,DE15,Leipzig,val,True,True,True,True,False,True,coverage_only_evaluation,
DE15_r006_c007,DE15,Leipzig,val,True,True,True,False,False,True,coverage_only_evaluation,
DE15_r006_c008,DE15,Leipzig,val,True,True,True,False,False,True,coverage_only_evaluation,
DE15_r006_c009,DE15,Leipzig,val,True,False,False,False,False,True,coverage_only_evaluation,
DE15_r006_c010,DE15,Leipzig,val,True,False,False,True,True,True,coverage_only_evaluation,
DE15_r006_c011,DE15,Leipzig,val,False,True,False,True,False,False,coverage_gate_failed,coverage_gate_failed
DE15_r007_c000,DE15,Leipzig,val,True,False,False,False,False,True,coverage_only_evaluation,
DE15_r007_c001,DE15,Leipzig,val,True,True,True,False,False,True,coverage_only_evaluation,
DE15_r007_c002,DE15,Leipzig,val,True,False,False,False,True,True,coverage_only_evaluation,
DE15_r007_c003,DE15,Leipzig,val,True,False,False,False,False,True,coverage_only_evaluation,
DE15_r007_c004,DE15,Leipzig,val,True,True,True,False,False,True,coverage_only_evaluation,
DE15_r007_c005,DE15,Leipzig,val,True,False,False,False,False,True,coverage_only_evaluation,
DE15_r007_c006,DE15,Leipzig,val,True,True,True,False,False,True,coverage_only_evaluation,
DE15_r007_c007,DE15,Leipzig,val,True,True,True,False,False,True,coverage_only_evaluation,
DE15_r007_c008,DE15,Leipzig,val,True,False,False,False,False,True,coverage_only_evaluation,
DE15_r007_c009,DE15,Leipzig,val,True,False,False,False,True,True,coverage_only_evaluation,
DE15_r007_c010,DE15,Leipzig,val,True,False,False,False,True,True,coverage_only_evaluation,
DE15_r007_c011,DE15,Leipzig,val,False,False,False,False,True,False,coverage_gate_failed,coverage_gate_failed
DE15_r008_c000,DE15,Leipzig,val,True,False,False,False,False,True,coverage_only_evaluation,
DE15_r008_c001,DE15,Leipzig,val,True,False,False,False,False,True,coverage_only_evaluation,
DE15_r008_c002,DE15,Leipzig,val,True,False,False,False,False,True,coverage_only_evaluation,
DE15_r008_c003,DE15,Leipzig,val,True,False,False,True,False,True,coverage_only_evaluation,
DE15_r008_c004,DE15,Leipzig,val,True,False,False,False,True,True,coverage_only_evaluation,
DE15_r008_c005,DE15,Leipzig,val,True,True,True,True,True,True,coverage_only_evaluation,
DE15_r008_c006,DE15,Leipzig,val,True,True,True,False,True,True,coverage_only_evaluation,
DE15_r008_c007,DE15,Leipzig,val,True,True,True,False,False,True,coverage_only_evaluation,
DE15_r008_c008,DE15,Leipzig,val,True,False,True,True,False,True,coverage_only_evaluation,
DE15_r008_c009,DE15,Leipzig,val,True,False,False,False,False,True,coverage_only_evaluation,
DE15_r008_c010,DE15,Leipzig,val,True,False,False,False,False,True,coverage_only_evaluation,
DE15_r008_c011,DE15,Leipzig,val,False,False,False,True,False,False,coverage_gate_failed,coverage_gate_failed
DE15_r009_c000,DE15,Leipzig,val,True,False,False,False,False,True,coverage_only_evaluation,
DE15_r009_c001,DE15,Leipzig,val,True,False,False,True,False,True,coverage_only_evaluation,
DE15_r009_c002,DE15,Leipzig,val,True,False,False,False,False,True,coverage_only_evaluation,
DE15_r009_c003,DE15,Leipzig,val,True,False,False,True,True,True,coverage_only_evaluation,
DE15_r009_c004,DE15,Leipzig,val,True,False,False,True,True,True,coverage_only_evaluation,
DE15_r009_c005,DE15,Leipzig,val,True,False,False,False,False,True,coverage_only_evaluation,
DE15_r009_c006,DE15,Leipzig,val,True,False,False,False,True,True,coverage_only_evaluation,
DE15_r009_c007,DE15,Leipzig,val,True,False,False,False,True,True,coverage_only_evaluation,
DE15_r009_c008,DE15,Leipzig,val,True,False,False,False,False,True,coverage_only_evaluation,
DE15_r009_c009,DE15,Leipzig,val,True,False,False,False,False,True,coverage_only_evaluation,
DE15_r009_c010,DE15,Leipzig,val,True,False,False,False,False,True,coverage_only_evaluation,
DE15_r009_c011,DE15,Leipzig,val,False,False,False,False,False,False,coverage_gate_failed,coverage_gate_failed
DE15_r010_c000,DE15,Leipzig,val,True,False,False,False,False,True,coverage_only_evaluation,
DE15_r010_c001,DE15,Leipzig,val,True,False,False,False,False,True,coverage_only_evaluation,
DE15_r010_c002,DE15,Leipzig,val,True,False,False,True,True,True,coverage_only_evaluation,
DE15_r010_c003,DE15,Leipzig,val,True,False,False,False,True,True,coverage_only_evaluation,
DE15_r010_c004,DE15,Leipzig,val,True,False,False,False,True,True,coverage_only_evaluation,
DE15_r010_c005,DE15,Leipzig,val,True,False,False,False,False,True,coverage_only_evaluation,
DE15_r010_c006,DE15,Leipzig,val,True,False,False,False,True,True,coverage_only_evaluation,
DE15_r010_c007,DE15,Leipzig,val,True,False,False,True,True,True,coverage_only_evaluation,
DE15_r010_c008,DE15,Leipzig,val,True,False,False,False,True,True,coverage_only_evaluation,
DE15_r010_c009,DE15,Leipzig,val,True,False,False,False,False,True,coverage_only_evaluation,
DE15_r010_c010,DE15,Leipzig,val,True,False,False,False,False,True,coverage_only_evaluation,
DE15_r010_c011,DE15,Leipzig,val,False,False,False,False,False,False,coverage_gate_failed,coverage_gate_failed
DE15_r011_c000,DE15,Leipzig,val,False,False,False,False,False,False,coverage_gate_failed,coverage_gate_failed
DE15_r011_c001,DE15,Leipzig,val,False,False,False,False,False,False,coverage_gate_failed,coverage_gate_failed
DE15_r011_c002,DE15,Leipzig,val,False,False,False,False,False,False,coverage_gate_failed,coverage_gate_failed
DE15_r011_c003,DE15,Leipzig,val,False,False,False,False,True,False,coverage_gate_failed,coverage_gate_failed
DE15_r011_c004,DE15,Leipzig,val,False,True,True,False,False,False,coverage_gate_failed,coverage_gate_failed
DE15_r011_c005,DE15,Leipzig,val,False,False,False,False,True,False,coverage_gate_failed,coverage_gate_failed
DE15_r011_c006,DE15,Leipzig,val,False,False,False,False,False,False,coverage_gate_failed,coverage_gate_failed
DE15_r011_c007,DE15,Leipzig,val,False,False,False,False,True,False,coverage_gate_failed,coverage_gate_failed
DE15_r011_c008,DE15,Leipzig,val,False,False,False,False,False,False,coverage_gate_failed,coverage_gate_failed
DE15_r011_c009,DE15,Leipzig,val,False,False,False,False,False,False,coverage_gate_failed,coverage_gate_failed
DE15_r011_c010,DE15,Leipzig,val,False,False,False,False,False,False,coverage_gate_failed,coverage_gate_failed
DE15_r011_c011,DE15,Leipzig,val,False,False,False,False,False,False,coverage_gate_failed,coverage_gate_failed
DE16_r000_c000,DE16,Dresden,val,True,False,False,False,False,True,coverage_only_evaluation,
DE16_r000_c001,DE16,Dresden,val,True,True,True,False,False,True,coverage_only_evaluation,
DE16_r000_c002,DE16,Dresden,val,True,False,False,False,False,True,coverage_only_evaluation,
DE16_r000_c003,DE16,Dresden,val,True,False,False,False,True,True,coverage_only_evaluation,
DE16_r000_c004,DE16,Dresden,val,True,False,False,False,True,True,coverage_only_evaluation,
DE16_r000_c005,DE16,Dresden,val,True,False,False,False,True,True,coverage_only_evaluation,
DE16_r000_c006,DE16,Dresden,val,True,False,False,False,False,True,coverage_only_evaluation,
DE16_r000_c007,DE16,Dresden,val,True,False,False,True,False,True,coverage_only_evaluation,
DE16_r000_c008,DE16,Dresden,val,True,True,True,False,False,True,coverage_only_evaluation,
DE16_r000_c009,DE16,Dresden,val,True,False,False,False,False,True,coverage_only_evaluation,
DE16_r000_c010,DE16,Dresden,val,True,False,False,False,False,True,coverage_only_evaluation,
DE16_r000_c011,DE16,Dresden,val,False,False,False,False,False,False,coverage_gate_failed,coverage_gate_failed
DE16_r001_c000,DE16,Dresden,val,True,False,False,False,False,True,coverage_only_evaluation,
DE16_r001_c001,DE16,Dresden,val,True,True,True,False,False,True,coverage_only_evaluation,
DE16_r001_c002,DE16,Dresden,val,True,False,False,False,False,True,coverage_only_evaluation,
DE16_r001_c003,DE16,Dresden,val,True,False,False,False,False,True,coverage_only_evaluation,
DE16_r001_c004,DE16,Dresden,val,True,False,False,False,False,True,coverage_only_evaluation,
DE16_r001_c005,DE16,Dresden,val,True,False,False,False,True,True,coverage_only_evaluation,
DE16_r001_c006,DE16,Dresden,val,True,False,False,False,False,True,coverage_only_evaluation,
DE16_r001_c007,DE16,Dresden,val,True,True,False,False,False,True,coverage_only_evaluation,
DE16_r001_c008,DE16,Dresden,val,True,False,False,False,False,True,coverage_only_evaluation,
DE16_r001_c009,DE16,Dresden,val,True,False,False,False,False,True,coverage_only_evaluation,
DE16_r001_c010,DE16,Dresden,val,True,False,False,False,False,True,coverage_only_evaluation,
DE16_r001_c011,DE16,Dresden,val,False,False,False,False,False,False,coverage_gate_failed,coverage_gate_failed
DE16_r002_c000,DE16,Dresden,val,True,False,False,False,True,True,coverage_only_evaluation,
DE16_r002_c001,DE16,Dresden,val,False,True,True,False,True,False,coverage_gate_failed,coverage_gate_failed
DE16_r002_c002,DE16,Dresden,val,True,False,False,False,False,True,coverage_only_evaluation,
DE16_r002_c003,DE16,Dresden,val,True,False,False,False,False,True,coverage_only_evaluation,
DE16_r002_c004,DE16,Dresden,val,True,False,False,False,False,True,coverage_only_evaluation,
DE16_r002_c005,DE16,Dresden,val,True,True,False,False,False,True,coverage_only_evaluation,
DE16_r002_c006,DE16,Dresden,val,True,True,True,True,False,True,coverage_only_evaluation,
DE16_r002_c007,DE16,Dresden,val,True,True,False,False,False,True,coverage_only_evaluation,
DE16_r002_c008,DE16,Dresden,val,True,False,False,False,False,True,coverage_only_evaluation,
DE16_r002_c009,DE16,Dresden,val,True,False,False,False,False,True,coverage_only_evaluation,
DE16_r002_c010,DE16,Dresden,val,True,False,False,False,False,True,coverage_only_evaluation,
DE16_r002_c011,DE16,Dresden,val,False,False,False,False,False,False,coverage_gate_failed,coverage_gate_failed
DE16_r003_c000,DE16,Dresden,val,True,False,False,False,False,True,coverage_only_evaluation,
DE16_r003_c001,DE16,Dresden,val,True,False,False,False,True,True,coverage_only_evaluation,
DE16_r003_c002,DE16,Dresden,val,True,True,True,False,True,True,coverage_only_evaluation,
DE16_r003_c003,DE16,Dresden,val,True,True,True,False,True,True,coverage_only_evaluation,
DE16_r003_c004,DE16,Dresden,val,True,True,True,False,False,True,coverage_only_evaluation,
DE16_r003_c005,DE16,Dresden,val,True,True,True,True,False,True,coverage_only_evaluation,
DE16_r003_c006,DE16,Dresden,val,True,True,True,True,False,True,coverage_only_evaluation,
DE16_r003_c007,DE16,Dresden,val,True,False,False,False,False,True,coverage_only_evaluation,
DE16_r003_c008,DE16,Dresden,val,True,False,False,False,False,True,coverage_only_evaluation,
DE16_r003_c009,DE16,Dresden,val,True,False,False,False,False,True,coverage_only_evaluation,
DE16_r003_c010,DE16,Dresden,val,True,True,True,False,False,True,coverage_only_evaluation,
DE16_r003_c011,DE16,Dresden,val,False,False,False,False,False,False,coverage_gate_failed,coverage_gate_failed
DE16_r004_c000,DE16,Dresden,val,True,False,False,True,False,True,coverage_only_evaluation,
DE16_r004_c001,DE16,Dresden,val,True,False,False,False,False,True,coverage_only_evaluation,
DE16_r004_c002,DE16,Dresden,val,True,False,False,False,True,True,coverage_only_evaluation,
DE16_r004_c003,DE16,Dresden,val,True,True,True,False,False,True,coverage_only_evaluation,
DE16_r004_c004,DE16,Dresden,val,True,True,True,False,True,True,coverage_only_evaluation,
DE16_r004_c005,DE16,Dresden,val,False,True,True,False,True,False,coverage_gate_failed,coverage_gate_failed
DE16_r004_c006,DE16,Dresden,val,True,True,True,True,False,True,coverage_only_evaluation,
DE16_r004_c007,DE16,Dresden,val,True,False,False,True,False,True,coverage_only_evaluation,
DE16_r004_c008,DE16,Dresden,val,True,False,False,False,False,True,coverage_only_evaluation,
DE16_r004_c009,DE16,Dresden,val,True,False,False,False,False,True,coverage_only_evaluation,
DE16_r004_c010,DE16,Dresden,val,True,False,False,False,False,True,coverage_only_evaluation,
DE16_r004_c011,DE16,Dresden,val,False,False,False,False,False,False,coverage_gate_failed,coverage_gate_failed
DE16_r005_c000,DE16,Dresden,val,True,True,True,True,False,True,coverage_only_evaluation,
DE16_r005_c001,DE16,Dresden,val,True,False,False,False,False,True,coverage_only_evaluation,
DE16_r005_c002,DE16,Dresden,val,True,False,False,False,False,True,coverage_only_evaluation,
DE16_r005_c003,DE16,Dresden,val,True,True,True,False,False,True,coverage_only_evaluation,
DE16_r005_c004,DE16,Dresden,val,False,True,True,False,True,False,coverage_gate_failed,coverage_gate_failed
DE16_r005_c005,DE16,Dresden,val,True,True,True,False,True,True,coverage_only_evaluation,
DE16_r005_c006,DE16,Dresden,val,True,True,True,False,True,True,coverage_only_evaluation,
DE16_r005_c007,DE16,Dresden,val,True,True,True,False,True,True,coverage_only_evaluation,
DE16_r005_c008,DE16,Dresden,val,True,True,True,False,False,True,coverage_only_evaluation,
DE16_r005_c009,DE16,Dresden,val,True,True,False,False,False,True,coverage_only_evaluation,
DE16_r005_c010,DE16,Dresden,val,True,False,False,False,False,True,coverage_only_evaluation,
DE16_r005_c011,DE16,Dresden,val,False,False,False,False,False,False,coverage_gate_failed,coverage_gate_failed
DE16_r006_c000,DE16,Dresden,val,True,False,False,False,False,True,coverage_only_evaluation,
DE16_r006_c001,DE16,Dresden,val,True,False,False,False,False,True,coverage_only_evaluation,
DE16_r006_c002,DE16,Dresden,val,True,False,True,True,False,True,coverage_only_evaluation,
DE16_r006_c003,DE16,Dresden,val,True,True,True,False,False,True,coverage_only_evaluation,
DE16_r006_c004,DE16,Dresden,val,True,True,True,False,False,True,coverage_only_evaluation,
DE16_r006_c005,DE16,Dresden,val,False,True,True,False,False,False,coverage_gate_failed,coverage_gate_failed
DE16_r006_c006,DE16,Dresden,val,True,True,True,False,False,True,coverage_only_evaluation,
DE16_r006_c007,DE16,Dresden,val,False,True,True,False,False,False,coverage_gate_failed,coverage_gate_failed
DE16_r006_c008,DE16,Dresden,val,True,True,True,False,True,True,coverage_only_evaluation,
DE16_r006_c009,DE16,Dresden,val,True,False,False,False,False,True,coverage_only_evaluation,
DE16_r006_c010,DE16,Dresden,val,True,False,False,False,False,True,coverage_only_evaluation,
DE16_r006_c011,DE16,Dresden,val,False,False,False,True,False,False,coverage_gate_failed,coverage_gate_failed
DE16_r007_c000,DE16,Dresden,val,True,False,False,True,False,True,coverage_only_evaluation,
DE16_r007_c001,DE16,Dresden,val,True,False,False,False,False,True,coverage_only_evaluation,
DE16_r007_c002,DE16,Dresden,val,True,False,False,True,False,True,coverage_only_evaluation,
DE16_r007_c003,DE16,Dresden,val,True,True,True,True,False,True,coverage_only_evaluation,
DE16_r007_c004,DE16,Dresden,val,True,True,True,False,False,True,coverage_only_evaluation,
DE16_r007_c005,DE16,Dresden,val,True,True,True,False,False,True,coverage_only_evaluation,
DE16_r007_c006,DE16,Dresden,val,True,True,True,False,False,True,coverage_only_evaluation,
DE16_r007_c007,DE16,Dresden,val,False,True,True,False,False,False,coverage_gate_failed,coverage_gate_failed
DE16_r007_c008,DE16,Dresden,val,True,True,True,False,True,True,coverage_only_evaluation,
DE16_r007_c009,DE16,Dresden,val,True,False,False,False,True,True,coverage_only_evaluation,
DE16_r007_c010,DE16,Dresden,val,True,False,False,False,False,True,coverage_only_evaluation,
DE16_r007_c011,DE16,Dresden,val,False,False,False,True,False,False,coverage_gate_failed,coverage_gate_failed
DE16_r008_c000,DE16,Dresden,val,True,False,False,False,False,True,coverage_only_evaluation,
DE16_r008_c001,DE16,Dresden,val,True,False,False,False,False,True,coverage_only_evaluation,
DE16_r008_c002,DE16,Dresden,val,True,False,False,False,False,True,coverage_only_evaluation,
DE16_r008_c003,DE16,Dresden,val,True,True,True,False,False,True,coverage_only_evaluation,
DE16_r008_c004,DE16,Dresden,val,True,False,False,False,False,True,coverage_only_evaluation,
DE16_r008_c005,DE16,Dresden,val,True,False,False,False,False,True,coverage_only_evaluation,
DE16_r008_c006,DE16,Dresden,val,True,False,False,True,False,True,coverage_only_evaluation,
DE16_r008_c007,DE16,Dresden,val,True,True,True,True,False,True,coverage_only_evaluation,
DE16_r008_c008,DE16,Dresden,val,True,True,True,False,False,True,coverage_only_evaluation,
DE16_r008_c009,DE16,Dresden,val,True,True,True,False,True,True,coverage_only_evaluation,
DE16_r008_c010,DE16,Dresden,val,True,False,False,False,False,True,coverage_only_evaluation,
DE16_r008_c011,DE16,Dresden,val,False,False,True,True,False,False,coverage_gate_failed,coverage_gate_failed
DE16_r009_c000,DE16,Dresden,val,True,False,False,False,False,True,coverage_only_evaluation,
DE16_r009_c001,DE16,Dresden,val,True,False,False,False,False,True,coverage_only_evaluation,
DE16_r009_c002,DE16,Dresden,val,True,False,False,False,False,True,coverage_only_evaluation,
DE16_r009_c003,DE16,Dresden,val,True,False,False,False,False,True,coverage_only_evaluation,
DE16_r009_c004,DE16,Dresden,val,True,False,False,False,False,True,coverage_only_evaluation,
DE16_r009_c005,DE16,Dresden,val,True,False,False,False,False,True,coverage_only_evaluation,
DE16_r009_c006,DE16,Dresden,val,True,False,False,False,False,True,coverage_only_evaluation,
DE16_r009_c007,DE16,Dresden,val,True,False,False,True,False,True,coverage_only_evaluation,
DE16_r009_c008,DE16,Dresden,val,True,False,False,False,False,True,coverage_only_evaluation,
DE16_r009_c009,DE16,Dresden,val,True,True,True,False,True,True,coverage_only_evaluation,
DE16_r009_c010,DE16,Dresden,val,True,True,True,True,True,True,coverage_only_evaluation,
DE16_r009_c011,DE16,Dresden,val,False,True,True,False,True,False,coverage_gate_failed,coverage_gate_failed
DE16_r010_c000,DE16,Dresden,val,True,False,False,False,False,True,coverage_only_evaluation,
DE16_r010_c001,DE16,Dresden,val,True,False,False,False,False,True,coverage_only_evaluation,
DE16_r010_c002,DE16,Dresden,val,True,False,False,False,False,True,coverage_only_evaluation,
DE16_r010_c003,DE16,Dresden,val,True,False,False,False,False,True,coverage_only_evaluation,
DE16_r010_c004,DE16,Dresden,val,True,False,False,False,False,True,coverage_only_evaluation,
DE16_r010_c005,DE16,Dresden,val,True,False,False,False,False,True,coverage_only_evaluation,
DE16_r010_c006,DE16,Dresden,val,True,False,False,False,False,True,coverage_only_evaluation,
DE16_r010_c007,DE16,Dresden,val,True,False,False,False,False,True,coverage_only_evaluation,
DE16_r010_c008,DE16,Dresden,val,True,False,False,False,False,True,coverage_only_evaluation,
DE16_r010_c009,DE16,Dresden,val,True,False,False,False,False,True,coverage_only_evaluation,
DE16_r010_c010,DE16,Dresden,val,True,False,False,False,False,True,coverage_only_evaluation,
DE16_r010_c011,DE16,Dresden,val,False,True,True,True,False,False,coverage_gate_failed,coverage_gate_failed
DE16_r011_c000,DE16,Dresden,val,False,False,False,False,False,False,coverage_gate_failed,coverage_gate_failed
DE16_r011_c001,DE16,Dresden,val,False,False,False,False,False,False,coverage_gate_failed,coverage_gate_failed
DE16_r011_c002,DE16,Dresden,val,False,False,False,False,False,False,coverage_gate_failed,coverage_gate_failed
DE16_r011_c003,DE16,Dresden,val,False,False,False,False,True,False,coverage_gate_failed,coverage_gate_failed
DE16_r011_c004,DE16,Dresden,val,False,False,False,False,False,False,coverage_gate_failed,coverage_gate_failed
DE16_r011_c005,DE16,Dresden,val,False,False,False,False,False,False,coverage_gate_failed,coverage_gate_failed
DE16_r011_c006,DE16,Dresden,val,False,False,False,False,False,False,coverage_gate_failed,coverage_gate_failed
DE16_r011_c007,DE16,Dresden,val,False,False,False,False,False,False,coverage_gate_failed,coverage_gate_failed
DE16_r011_c008,DE16,Dresden,val,False,False,False,False,False,False,coverage_gate_failed,coverage_gate_failed
DE16_r011_c009,DE16,Dresden,val,False,False,False,False,False,False,coverage_gate_failed,coverage_gate_failed
DE16_r011_c010,DE16,Dresden,val,False,False,False,False,False,False,coverage_gate_failed,coverage_gate_failed
DE16_r011_c011,DE16,Dresden,val,False,False,False,False,False,False,coverage_gate_failed,coverage_gate_failed
DE17_r000_c000,DE17,Munster,val,True,False,False,False,False,True,coverage_only_evaluation,
DE17_r000_c001,DE17,Munster,val,True,True,False,False,False,True,coverage_only_evaluation,
DE17_r000_c002,DE17,Munster,val,True,False,False,False,False,True,coverage_only_evaluation,
DE17_r000_c003,DE17,Munster,val,True,False,False,False,False,True,coverage_only_evaluation,
DE17_r000_c004,DE17,Munster,val,True,False,False,False,False,True,coverage_only_evaluation,
DE17_r000_c005,DE17,Munster,val,True,True,True,False,False,True,coverage_only_evaluation,
DE17_r000_c006,DE17,Munster,val,True,False,False,False,False,True,coverage_only_evaluation,
DE17_r000_c007,DE17,Munster,val,True,False,False,False,False,True,coverage_only_evaluation,
DE17_r000_c008,DE17,Munster,val,True,False,False,False,False,True,coverage_only_evaluation,
DE17_r000_c009,DE17,Munster,val,True,False,False,False,False,True,coverage_only_evaluation,
DE17_r000_c010,DE17,Munster,val,True,False,False,False,False,True,coverage_only_evaluation,
DE17_r000_c011,DE17,Munster,val,False,False,False,False,False,False,coverage_gate_failed,coverage_gate_failed
DE17_r001_c000,DE17,Munster,val,True,False,False,True,False,True,coverage_only_evaluation,
DE17_r001_c001,DE17,Munster,val,True,False,False,False,False,True,coverage_only_evaluation,
DE17_r001_c002,DE17,Munster,val,True,False,False,False,False,True,coverage_only_evaluation,
DE17_r001_c003,DE17,Munster,val,True,False,False,False,False,True,coverage_only_evaluation,
DE17_r001_c004,DE17,Munster,val,True,False,False,False,False,True,coverage_only_evaluation,
DE17_r001_c005,DE17,Munster,val,True,False,False,False,False,True,coverage_only_evaluation,
DE17_r001_c006,DE17,Munster,val,True,False,False,False,False,True,coverage_only_evaluation,
DE17_r001_c007,DE17,Munster,val,True,False,False,True,False,True,coverage_only_evaluation,
DE17_r001_c008,DE17,Munster,val,True,False,False,False,False,True,coverage_only_evaluation,
DE17_r001_c009,DE17,Munster,val,True,False,False,False,False,True,coverage_only_evaluation,
DE17_r001_c010,DE17,Munster,val,True,False,False,False,False,True,coverage_only_evaluation,
DE17_r001_c011,DE17,Munster,val,False,False,False,False,False,False,coverage_gate_failed,coverage_gate_failed
DE17_r002_c000,DE17,Munster,val,True,False,False,False,False,True,coverage_only_evaluation,
DE17_r002_c001,DE17,Munster,val,True,True,True,False,False,True,coverage_only_evaluation,
DE17_r002_c002,DE17,Munster,val,True,False,False,False,False,True,coverage_only_evaluation,
DE17_r002_c003,DE17,Munster,val,True,False,False,False,False,True,coverage_only_evaluation,
DE17_r002_c004,DE17,Munster,val,True,False,False,False,False,True,coverage_only_evaluation,
DE17_r002_c005,DE17,Munster,val,True,False,False,False,False,True,coverage_only_evaluation,
DE17_r002_c006,DE17,Munster,val,True,False,False,False,False,True,coverage_only_evaluation,
DE17_r002_c007,DE17,Munster,val,True,False,False,False,True,True,coverage_only_evaluation,
DE17_r002_c008,DE17,Munster,val,True,False,False,False,False,True,coverage_only_evaluation,
DE17_r002_c009,DE17,Munster,val,True,False,False,False,False,True,coverage_only_evaluation,
DE17_r002_c010,DE17,Munster,val,True,False,False,False,False,True,coverage_only_evaluation,
DE17_r002_c011,DE17,Munster,val,False,True,True,False,False,False,coverage_gate_failed,coverage_gate_failed
DE17_r003_c000,DE17,Munster,val,True,False,False,False,False,True,coverage_only_evaluation,
DE17_r003_c001,DE17,Munster,val,True,False,False,False,False,True,coverage_only_evaluation,
DE17_r003_c002,DE17,Munster,val,True,False,False,False,False,True,coverage_only_evaluation,
DE17_r003_c003,DE17,Munster,val,True,False,False,False,False,True,coverage_only_evaluation,
DE17_r003_c004,DE17,Munster,val,True,False,False,False,False,True,coverage_only_evaluation,
DE17_r003_c005,DE17,Munster,val,True,False,False,False,False,True,coverage_only_evaluation,
DE17_r003_c006,DE17,Munster,val,True,False,False,True,False,True,coverage_only_evaluation,
DE17_r003_c007,DE17,Munster,val,True,False,False,False,False,True,coverage_only_evaluation,
DE17_r003_c008,DE17,Munster,val,True,False,False,False,False,True,coverage_only_evaluation,
DE17_r003_c009,DE17,Munster,val,True,False,False,False,False,True,coverage_only_evaluation,
DE17_r003_c010,DE17,Munster,val,True,False,False,False,False,True,coverage_only_evaluation,
DE17_r003_c011,DE17,Munster,val,False,False,False,False,False,False,coverage_gate_failed,coverage_gate_failed
DE17_r004_c000,DE17,Munster,val,True,False,False,False,False,True,coverage_only_evaluation,
DE17_r004_c001,DE17,Munster,val,True,False,False,False,False,True,coverage_only_evaluation,
DE17_r004_c002,DE17,Munster,val,True,False,False,False,False,True,coverage_only_evaluation,
DE17_r004_c003,DE17,Munster,val,True,False,False,False,False,True,coverage_only_evaluation,
DE17_r004_c004,DE17,Munster,val,True,False,False,False,False,True,coverage_only_evaluation,
DE17_r004_c005,DE17,Munster,val,True,True,True,False,False,True,coverage_only_evaluation,
DE17_r004_c006,DE17,Munster,val,True,True,True,False,False,True,coverage_only_evaluation,
DE17_r004_c007,DE17,Munster,val,True,False,False,True,False,True,coverage_only_evaluation,
DE17_r004_c008,DE17,Munster,val,True,False,False,False,False,True,coverage_only_evaluation,
DE17_r004_c009,DE17,Munster,val,True,False,False,False,False,True,coverage_only_evaluation,
DE17_r004_c010,DE17,Munster,val,True,False,False,False,False,True,coverage_only_evaluation,
DE17_r004_c011,DE17,Munster,val,False,False,False,False,False,False,coverage_gate_failed,coverage_gate_failed
DE17_r005_c000,DE17,Munster,val,True,False,False,False,False,True,coverage_only_evaluation,
DE17_r005_c001,DE17,Munster,val,True,False,False,False,False,True,coverage_only_evaluation,
DE17_r005_c002,DE17,Munster,val,True,False,False,False,False,True,coverage_only_evaluation,
DE17_r005_c003,DE17,Munster,val,True,False,False,False,False,True,coverage_only_evaluation,
DE17_r005_c004,DE17,Munster,val,True,True,True,False,False,True,coverage_only_evaluation,
DE17_r005_c005,DE17,Munster,val,True,True,True,False,False,True,coverage_only_evaluation,
DE17_r005_c006,DE17,Munster,val,True,True,True,False,True,True,coverage_only_evaluation,
DE17_r005_c007,DE17,Munster,val,True,False,False,False,False,True,coverage_only_evaluation,
DE17_r005_c008,DE17,Munster,val,True,False,False,False,False,True,coverage_only_evaluation,
DE17_r005_c009,DE17,Munster,val,True,False,False,False,False,True,coverage_only_evaluation,
DE17_r005_c010,DE17,Munster,val,True,True,False,False,False,True,coverage_only_evaluation,
DE17_r005_c011,DE17,Munster,val,False,False,False,False,False,False,coverage_gate_failed,coverage_gate_failed
DE17_r006_c000,DE17,Munster,val,True,False,False,False,False,True,coverage_only_evaluation,
DE17_r006_c001,DE17,Munster,val,True,False,False,False,False,True,coverage_only_evaluation,
DE17_r006_c002,DE17,Munster,val,True,False,False,False,False,True,coverage_only_evaluation,
DE17_r006_c003,DE17,Munster,val,True,True,False,False,False,True,coverage_only_evaluation,
DE17_r006_c004,DE17,Munster,val,True,False,False,False,False,True,coverage_only_evaluation,
DE17_r006_c005,DE17,Munster,val,True,True,True,False,True,True,coverage_only_evaluation,
DE17_r006_c006,DE17,Munster,val,True,True,True,False,True,True,coverage_only_evaluation,
DE17_r006_c007,DE17,Munster,val,True,False,False,False,False,True,coverage_only_evaluation,
DE17_r006_c008,DE17,Munster,val,True,False,False,False,False,True,coverage_only_evaluation,
DE17_r006_c009,DE17,Munster,val,True,False,False,False,False,True,coverage_only_evaluation,
DE17_r006_c010,DE17,Munster,val,True,False,False,False,False,True,coverage_only_evaluation,
DE17_r006_c011,DE17,Munster,val,False,False,False,False,False,False,coverage_gate_failed,coverage_gate_failed
DE17_r007_c000,DE17,Munster,val,True,False,False,False,False,True,coverage_only_evaluation,
DE17_r007_c001,DE17,Munster,val,True,False,False,False,False,True,coverage_only_evaluation,
DE17_r007_c002,DE17,Munster,val,True,False,False,False,False,True,coverage_only_evaluation,
DE17_r007_c003,DE17,Munster,val,True,False,False,False,False,True,coverage_only_evaluation,
DE17_r007_c004,DE17,Munster,val,True,True,True,False,False,True,coverage_only_evaluation,
DE17_r007_c005,DE17,Munster,val,True,True,True,False,False,True,coverage_only_evaluation,
DE17_r007_c006,DE17,Munster,val,True,True,True,True,False,True,coverage_only_evaluation,
DE17_r007_c007,DE17,Munster,val,True,True,True,False,False,True,coverage_only_evaluation,
DE17_r007_c008,DE17,Munster,val,True,True,True,False,False,True,coverage_only_evaluation,
DE17_r007_c009,DE17,Munster,val,True,False,False,False,False,True,coverage_only_evaluation,
DE17_r007_c010,DE17,Munster,val,True,False,False,False,False,True,coverage_only_evaluation,
DE17_r007_c011,DE17,Munster,val,False,False,False,False,False,False,coverage_gate_failed,coverage_gate_failed
DE17_r008_c000,DE17,Munster,val,True,False,False,False,False,True,coverage_only_evaluation,
DE17_r008_c001,DE17,Munster,val,True,False,False,False,False,True,coverage_only_evaluation,
DE17_r008_c002,DE17,Munster,val,True,False,False,False,False,True,coverage_only_evaluation,
DE17_r008_c003,DE17,Munster,val,True,False,False,False,False,True,coverage_only_evaluation,
DE17_r008_c004,DE17,Munster,val,True,False,False,False,False,True,coverage_only_evaluation,
DE17_r008_c005,DE17,Munster,val,True,True,False,False,False,True,coverage_only_evaluation,
DE17_r008_c006,DE17,Munster,val,True,True,True,False,True,True,coverage_only_evaluation,
DE17_r008_c007,DE17,Munster,val,True,False,False,False,False,True,coverage_only_evaluation,
DE17_r008_c008,DE17,Munster,val,True,False,False,False,False,True,coverage_only_evaluation,
DE17_r008_c009,DE17,Munster,val,True,False,False,False,False,True,coverage_only_evaluation,
DE17_r008_c010,DE17,Munster,val,True,False,False,False,False,True,coverage_only_evaluation,
DE17_r008_c011,DE17,Munster,val,False,False,False,False,False,False,coverage_gate_failed,coverage_gate_failed
DE17_r009_c000,DE17,Munster,val,True,False,False,False,False,True,coverage_only_evaluation,
DE17_r009_c001,DE17,Munster,val,True,False,False,False,False,True,coverage_only_evaluation,
DE17_r009_c002,DE17,Munster,val,True,False,False,False,False,True,coverage_only_evaluation,
DE17_r009_c003,DE17,Munster,val,True,False,False,False,False,True,coverage_only_evaluation,
DE17_r009_c004,DE17,Munster,val,True,False,False,False,False,True,coverage_only_evaluation,
DE17_r009_c005,DE17,Munster,val,True,False,False,False,False,True,coverage_only_evaluation,
DE17_r009_c006,DE17,Munster,val,True,False,False,False,False,True,coverage_only_evaluation,
DE17_r009_c007,DE17,Munster,val,True,False,False,False,False,True,coverage_only_evaluation,
DE17_r009_c008,DE17,Munster,val,True,False,False,False,False,True,coverage_only_evaluation,
DE17_r009_c009,DE17,Munster,val,True,False,False,False,False,True,coverage_only_evaluation,
DE17_r009_c010,DE17,Munster,val,True,False,False,False,False,True,coverage_only_evaluation,
DE17_r009_c011,DE17,Munster,val,False,False,False,False,False,False,coverage_gate_failed,coverage_gate_failed
DE17_r010_c000,DE17,Munster,val,True,False,False,False,False,True,coverage_only_evaluation,
DE17_r010_c001,DE17,Munster,val,True,True,False,False,False,True,coverage_only_evaluation,
DE17_r010_c002,DE17,Munster,val,True,False,False,False,False,True,coverage_only_evaluation,
DE17_r010_c003,DE17,Munster,val,True,False,False,False,False,True,coverage_only_evaluation,
DE17_r010_c004,DE17,Munster,val,True,False,False,False,False,True,coverage_only_evaluation,
DE17_r010_c005,DE17,Munster,val,True,False,False,False,False,True,coverage_only_evaluation,
DE17_r010_c006,DE17,Munster,val,True,False,False,False,False,True,coverage_only_evaluation,
DE17_r010_c007,DE17,Munster,val,True,False,False,False,False,True,coverage_only_evaluation,
DE17_r010_c008,DE17,Munster,val,True,False,False,False,False,True,coverage_only_evaluation,
DE17_r010_c009,DE17,Munster,val,True,False,False,False,False,True,coverage_only_evaluation,
DE17_r010_c010,DE17,Munster,val,True,False,False,False,False,True,coverage_only_evaluation,
DE17_r010_c011,DE17,Munster,val,False,False,False,False,False,False,coverage_gate_failed,coverage_gate_failed
DE17_r011_c000,DE17,Munster,val,False,False,False,False,False,False,coverage_gate_failed,coverage_gate_failed
DE17_r011_c001,DE17,Munster,val,False,False,False,False,False,False,coverage_gate_failed,coverage_gate_failed
DE17_r011_c002,DE17,Munster,val,False,False,False,False,False,False,coverage_gate_failed,coverage_gate_failed
DE17_r011_c003,DE17,Munster,val,False,False,False,False,False,False,coverage_gate_failed,coverage_gate_failed
DE17_r011_c004,DE17,Munster,val,False,False,False,False,False,False,coverage_gate_failed,coverage_gate_failed
DE17_r011_c005,DE17,Munster,val,False,False,False,False,False,False,coverage_gate_failed,coverage_gate_failed
DE17_r011_c006,DE17,Munster,val,False,False,False,False,False,False,coverage_gate_failed,coverage_gate_failed
DE17_r011_c007,DE17,Munster,val,False,False,False,False,False,False,coverage_gate_failed,coverage_gate_failed
DE17_r011_c008,DE17,Munster,val,False,False,False,False,False,False,coverage_gate_failed,coverage_gate_failed
DE17_r011_c009,DE17,Munster,val,False,False,False,False,False,False,coverage_gate_failed,coverage_gate_failed
DE17_r011_c010,DE17,Munster,val,False,False,False,False,False,False,coverage_gate_failed,coverage_gate_failed
DE17_r011_c011,DE17,Munster,val,False,True,True,False,False,False,coverage_gate_failed,coverage_gate_failed
DE18_r000_c000,DE18,Freiburg,test,True,False,False,False,False,True,coverage_only_evaluation,
DE18_r000_c001,DE18,Freiburg,test,True,False,False,False,False,True,coverage_only_evaluation,
DE18_r000_c002,DE18,Freiburg,test,True,False,False,False,False,True,coverage_only_evaluation,
DE18_r000_c003,DE18,Freiburg,test,True,False,False,False,False,True,coverage_only_evaluation,
DE18_r000_c004,DE18,Freiburg,test,True,False,False,False,False,True,coverage_only_evaluation,
DE18_r000_c005,DE18,Freiburg,test,True,True,True,False,False,True,coverage_only_evaluation,
DE18_r000_c006,DE18,Freiburg,test,True,True,True,False,False,True,coverage_only_evaluation,
DE18_r000_c007,DE18,Freiburg,test,True,False,False,False,False,True,coverage_only_evaluation,
DE18_r000_c008,DE18,Freiburg,test,True,False,False,False,False,True,coverage_only_evaluation,
DE18_r000_c009,DE18,Freiburg,test,True,False,False,False,False,True,coverage_only_evaluation,
DE18_r000_c010,DE18,Freiburg,test,True,False,False,False,False,True,coverage_only_evaluation,
DE18_r000_c011,DE18,Freiburg,test,False,False,False,False,False,False,coverage_gate_failed,coverage_gate_failed
DE18_r001_c000,DE18,Freiburg,test,True,False,False,False,False,True,coverage_only_evaluation,
DE18_r001_c001,DE18,Freiburg,test,True,False,False,False,False,True,coverage_only_evaluation,
DE18_r001_c002,DE18,Freiburg,test,True,False,False,False,False,True,coverage_only_evaluation,
DE18_r001_c003,DE18,Freiburg,test,True,False,False,False,False,True,coverage_only_evaluation,
DE18_r001_c004,DE18,Freiburg,test,True,False,False,False,False,True,coverage_only_evaluation,
DE18_r001_c005,DE18,Freiburg,test,True,False,False,False,False,True,coverage_only_evaluation,
DE18_r001_c006,DE18,Freiburg,test,True,True,False,False,False,True,coverage_only_evaluation,
DE18_r001_c007,DE18,Freiburg,test,True,False,False,False,False,True,coverage_only_evaluation,
DE18_r001_c008,DE18,Freiburg,test,True,False,False,False,False,True,coverage_only_evaluation,
DE18_r001_c009,DE18,Freiburg,test,True,True,True,False,False,True,coverage_only_evaluation,
DE18_r001_c010,DE18,Freiburg,test,True,False,False,False,False,True,coverage_only_evaluation,
DE18_r001_c011,DE18,Freiburg,test,False,False,False,False,False,False,coverage_gate_failed,coverage_gate_failed
DE18_r002_c000,DE18,Freiburg,test,True,False,False,False,False,True,coverage_only_evaluation,
DE18_r002_c001,DE18,Freiburg,test,True,False,False,True,False,True,coverage_only_evaluation,
DE18_r002_c002,DE18,Freiburg,test,True,False,False,False,False,True,coverage_only_evaluation,
DE18_r002_c003,DE18,Freiburg,test,True,False,False,False,False,True,coverage_only_evaluation,
DE18_r002_c004,DE18,Freiburg,test,True,False,False,False,False,True,coverage_only_evaluation,
DE18_r002_c005,DE18,Freiburg,test,True,False,False,False,False,True,coverage_only_evaluation,
DE18_r002_c006,DE18,Freiburg,test,True,False,False,False,False,True,coverage_only_evaluation,
DE18_r002_c007,DE18,Freiburg,test,True,True,True,False,False,True,coverage_only_evaluation,
DE18_r002_c008,DE18,Freiburg,test,True,False,False,False,False,True,coverage_only_evaluation,
DE18_r002_c009,DE18,Freiburg,test,True,False,False,False,False,True,coverage_only_evaluation,
DE18_r002_c010,DE18,Freiburg,test,True,False,False,False,False,True,coverage_only_evaluation,
DE18_r002_c011,DE18,Freiburg,test,False,False,False,False,False,False,coverage_gate_failed,coverage_gate_failed
DE18_r003_c000,DE18,Freiburg,test,True,False,False,False,False,True,coverage_only_evaluation,
DE18_r003_c001,DE18,Freiburg,test,True,False,False,False,False,True,coverage_only_evaluation,
DE18_r003_c002,DE18,Freiburg,test,True,False,False,False,False,True,coverage_only_evaluation,
DE18_r003_c003,DE18,Freiburg,test,True,False,False,False,False,True,coverage_only_evaluation,
DE18_r003_c004,DE18,Freiburg,test,True,True,False,False,False,True,coverage_only_evaluation,
DE18_r003_c005,DE18,Freiburg,test,True,False,False,True,False,True,coverage_only_evaluation,
DE18_r003_c006,DE18,Freiburg,test,True,True,False,False,False,True,coverage_only_evaluation,
DE18_r003_c007,DE18,Freiburg,test,True,False,False,False,False,True,coverage_only_evaluation,
DE18_r003_c008,DE18,Freiburg,test,True,False,False,False,False,True,coverage_only_evaluation,
DE18_r003_c009,DE18,Freiburg,test,True,False,False,False,False,True,coverage_only_evaluation,
DE18_r003_c010,DE18,Freiburg,test,True,False,False,False,False,True,coverage_only_evaluation,
DE18_r003_c011,DE18,Freiburg,test,False,False,False,False,False,False,coverage_gate_failed,coverage_gate_failed
DE18_r004_c000,DE18,Freiburg,test,True,False,False,False,False,True,coverage_only_evaluation,
DE18_r004_c001,DE18,Freiburg,test,True,False,False,False,False,True,coverage_only_evaluation,
DE18_r004_c002,DE18,Freiburg,test,True,False,False,False,False,True,coverage_only_evaluation,
DE18_r004_c003,DE18,Freiburg,test,True,False,False,False,False,True,coverage_only_evaluation,
DE18_r004_c004,DE18,Freiburg,test,True,False,False,False,False,True,coverage_only_evaluation,
DE18_r004_c005,DE18,Freiburg,test,True,True,True,False,False,True,coverage_only_evaluation,
DE18_r004_c006,DE18,Freiburg,test,True,True,True,False,False,True,coverage_only_evaluation,
DE18_r004_c007,DE18,Freiburg,test,True,False,False,False,False,True,coverage_only_evaluation,
DE18_r004_c008,DE18,Freiburg,test,True,False,False,False,False,True,coverage_only_evaluation,
DE18_r004_c009,DE18,Freiburg,test,True,False,False,False,False,True,coverage_only_evaluation,
DE18_r004_c010,DE18,Freiburg,test,True,False,False,False,False,True,coverage_only_evaluation,
DE18_r004_c011,DE18,Freiburg,test,False,False,False,False,False,False,coverage_gate_failed,coverage_gate_failed
DE18_r005_c000,DE18,Freiburg,test,True,False,False,True,True,True,coverage_only_evaluation,
DE18_r005_c001,DE18,Freiburg,test,True,False,False,False,False,True,coverage_only_evaluation,
DE18_r005_c002,DE18,Freiburg,test,True,False,False,False,False,True,coverage_only_evaluation,
DE18_r005_c003,DE18,Freiburg,test,True,False,False,False,True,True,coverage_only_evaluation,
DE18_r005_c004,DE18,Freiburg,test,True,True,True,False,False,True,coverage_only_evaluation,
DE18_r005_c005,DE18,Freiburg,test,False,True,True,True,False,False,coverage_gate_failed,coverage_gate_failed
DE18_r005_c006,DE18,Freiburg,test,True,True,True,False,False,True,coverage_only_evaluation,
DE18_r005_c007,DE18,Freiburg,test,True,False,False,False,False,True,coverage_only_evaluation,
DE18_r005_c008,DE18,Freiburg,test,True,False,False,False,False,True,coverage_only_evaluation,
DE18_r005_c009,DE18,Freiburg,test,True,False,False,False,False,True,coverage_only_evaluation,
DE18_r005_c010,DE18,Freiburg,test,True,False,False,False,False,True,coverage_only_evaluation,
DE18_r005_c011,DE18,Freiburg,test,False,False,False,False,False,False,coverage_gate_failed,coverage_gate_failed
DE18_r006_c000,DE18,Freiburg,test,True,False,False,False,False,True,coverage_only_evaluation,
DE18_r006_c001,DE18,Freiburg,test,True,False,False,False,False,True,coverage_only_evaluation,
DE18_r006_c002,DE18,Freiburg,test,True,False,False,False,False,True,coverage_only_evaluation,
DE18_r006_c003,DE18,Freiburg,test,True,False,False,False,False,True,coverage_only_evaluation,
DE18_r006_c004,DE18,Freiburg,test,True,True,True,False,False,True,coverage_only_evaluation,
DE18_r006_c005,DE18,Freiburg,test,True,True,True,False,False,True,coverage_only_evaluation,
DE18_r006_c006,DE18,Freiburg,test,True,True,True,False,False,True,coverage_only_evaluation,
DE18_r006_c007,DE18,Freiburg,test,True,True,True,False,False,True,coverage_only_evaluation,
DE18_r006_c008,DE18,Freiburg,test,True,False,False,False,False,True,coverage_only_evaluation,
DE18_r006_c009,DE18,Freiburg,test,True,False,False,False,False,True,coverage_only_evaluation,
DE18_r006_c010,DE18,Freiburg,test,True,False,False,False,False,True,coverage_only_evaluation,
DE18_r006_c011,DE18,Freiburg,test,False,False,False,False,False,False,coverage_gate_failed,coverage_gate_failed
DE18_r007_c000,DE18,Freiburg,test,True,False,False,False,False,True,coverage_only_evaluation,
DE18_r007_c001,DE18,Freiburg,test,True,False,False,False,False,True,coverage_only_evaluation,
DE18_r007_c002,DE18,Freiburg,test,True,False,False,False,False,True,coverage_only_evaluation,
DE18_r007_c003,DE18,Freiburg,test,True,False,False,False,False,True,coverage_only_evaluation,
DE18_r007_c004,DE18,Freiburg,test,True,False,False,False,False,True,coverage_only_evaluation,
DE18_r007_c005,DE18,Freiburg,test,True,False,False,False,False,True,coverage_only_evaluation,
DE18_r007_c006,DE18,Freiburg,test,True,False,False,False,False,True,coverage_only_evaluation,
DE18_r007_c007,DE18,Freiburg,test,True,False,False,False,False,True,coverage_only_evaluation,
DE18_r007_c008,DE18,Freiburg,test,True,False,False,False,False,True,coverage_only_evaluation,
DE18_r007_c009,DE18,Freiburg,test,True,True,False,False,False,True,coverage_only_evaluation,
DE18_r007_c010,DE18,Freiburg,test,True,False,False,False,False,True,coverage_only_evaluation,
DE18_r007_c011,DE18,Freiburg,test,False,False,False,False,False,False,coverage_gate_failed,coverage_gate_failed
DE18_r008_c000,DE18,Freiburg,test,True,False,False,False,False,True,coverage_only_evaluation,
DE18_r008_c001,DE18,Freiburg,test,True,False,False,False,False,True,coverage_only_evaluation,
DE18_r008_c002,DE18,Freiburg,test,True,False,False,False,False,True,coverage_only_evaluation,
DE18_r008_c003,DE18,Freiburg,test,True,False,False,True,False,True,coverage_only_evaluation,
DE18_r008_c004,DE18,Freiburg,test,True,False,False,False,False,True,coverage_only_evaluation,
DE18_r008_c005,DE18,Freiburg,test,True,False,False,False,False,True,coverage_only_evaluation,
DE18_r008_c006,DE18,Freiburg,test,True,False,False,False,False,True,coverage_only_evaluation,
DE18_r008_c007,DE18,Freiburg,test,True,False,False,False,False,True,coverage_only_evaluation,
DE18_r008_c008,DE18,Freiburg,test,True,False,False,False,False,True,coverage_only_evaluation,
DE18_r008_c009,DE18,Freiburg,test,True,False,False,False,False,True,coverage_only_evaluation,
DE18_r008_c010,DE18,Freiburg,test,True,False,False,False,False,True,coverage_only_evaluation,
DE18_r008_c011,DE18,Freiburg,test,False,False,False,False,False,False,coverage_gate_failed,coverage_gate_failed
DE18_r009_c000,DE18,Freiburg,test,True,False,False,False,False,True,coverage_only_evaluation,
DE18_r009_c001,DE18,Freiburg,test,True,True,True,False,False,True,coverage_only_evaluation,
DE18_r009_c002,DE18,Freiburg,test,True,False,False,False,False,True,coverage_only_evaluation,
DE18_r009_c003,DE18,Freiburg,test,True,False,False,False,False,True,coverage_only_evaluation,
DE18_r009_c004,DE18,Freiburg,test,True,False,False,False,False,True,coverage_only_evaluation,
DE18_r009_c005,DE18,Freiburg,test,True,False,False,False,False,True,coverage_only_evaluation,
DE18_r009_c006,DE18,Freiburg,test,True,False,False,False,False,True,coverage_only_evaluation,
DE18_r009_c007,DE18,Freiburg,test,True,False,False,False,False,True,coverage_only_evaluation,
DE18_r009_c008,DE18,Freiburg,test,True,False,False,False,False,True,coverage_only_evaluation,
DE18_r009_c009,DE18,Freiburg,test,True,False,False,False,False,True,coverage_only_evaluation,
DE18_r009_c010,DE18,Freiburg,test,True,False,False,False,False,True,coverage_only_evaluation,
DE18_r009_c011,DE18,Freiburg,test,False,False,False,False,False,False,coverage_gate_failed,coverage_gate_failed
DE18_r010_c000,DE18,Freiburg,test,True,False,False,False,False,True,coverage_only_evaluation,
DE18_r010_c001,DE18,Freiburg,test,True,False,False,False,False,True,coverage_only_evaluation,
DE18_r010_c002,DE18,Freiburg,test,True,False,False,False,False,True,coverage_only_evaluation,
DE18_r010_c003,DE18,Freiburg,test,True,False,False,False,False,True,coverage_only_evaluation,
DE18_r010_c004,DE18,Freiburg,test,True,False,False,False,False,True,coverage_only_evaluation,
DE18_r010_c005,DE18,Freiburg,test,True,False,False,False,False,True,coverage_only_evaluation,
DE18_r010_c006,DE18,Freiburg,test,True,False,False,False,False,True,coverage_only_evaluation,
DE18_r010_c007,DE18,Freiburg,test,True,False,False,False,False,True,coverage_only_evaluation,
DE18_r010_c008,DE18,Freiburg,test,True,False,False,False,False,True,coverage_only_evaluation,
DE18_r010_c009,DE18,Freiburg,test,True,False,False,False,False,True,coverage_only_evaluation,
DE18_r010_c010,DE18,Freiburg,test,True,False,False,False,False,True,coverage_only_evaluation,
DE18_r010_c011,DE18,Freiburg,test,False,False,False,False,False,False,coverage_gate_failed,coverage_gate_failed
DE18_r011_c000,DE18,Freiburg,test,False,True,True,False,False,False,coverage_gate_failed,coverage_gate_failed
DE18_r011_c001,DE18,Freiburg,test,False,False,False,False,False,False,coverage_gate_failed,coverage_gate_failed
DE18_r011_c002,DE18,Freiburg,test,False,False,False,False,False,False,coverage_gate_failed,coverage_gate_failed
DE18_r011_c003,DE18,Freiburg,test,False,False,False,False,False,False,coverage_gate_failed,coverage_gate_failed
DE18_r011_c004,DE18,Freiburg,test,False,False,False,False,False,False,coverage_gate_failed,coverage_gate_failed
DE18_r011_c005,DE18,Freiburg,test,False,False,False,False,False,False,coverage_gate_failed,coverage_gate_failed
DE18_r011_c006,DE18,Freiburg,test,False,False,False,False,False,False,coverage_gate_failed,coverage_gate_failed
DE18_r011_c007,DE18,Freiburg,test,False,False,False,False,False,False,coverage_gate_failed,coverage_gate_failed
DE18_r011_c008,DE18,Freiburg,test,False,False,False,False,False,False,coverage_gate_failed,coverage_gate_failed
DE18_r011_c009,DE18,Freiburg,test,False,False,False,False,False,False,coverage_gate_failed,coverage_gate_failed
DE18_r011_c010,DE18,Freiburg,test,False,False,False,False,False,False,coverage_gate_failed,coverage_gate_failed
DE18_r011_c011,DE18,Freiburg,test,False,False,False,False,False,False,coverage_gate_failed,coverage_gate_failed
DE19_r000_c000,DE19,Kiel,test,True,False,False,False,False,True,coverage_only_evaluation,
DE19_r000_c001,DE19,Kiel,test,True,False,False,False,False,True,coverage_only_evaluation,
DE19_r000_c002,DE19,Kiel,test,True,False,False,False,False,True,coverage_only_evaluation,
DE19_r000_c003,DE19,Kiel,test,True,False,False,False,False,True,coverage_only_evaluation,
DE19_r000_c004,DE19,Kiel,test,True,False,False,False,False,True,coverage_only_evaluation,
DE19_r000_c005,DE19,Kiel,test,True,False,False,False,False,True,coverage_only_evaluation,
DE19_r000_c006,DE19,Kiel,test,True,False,False,False,False,True,coverage_only_evaluation,
DE19_r000_c007,DE19,Kiel,test,True,False,False,False,True,True,coverage_only_evaluation,
DE19_r000_c008,DE19,Kiel,test,True,False,False,False,True,True,coverage_only_evaluation,
DE19_r000_c009,DE19,Kiel,test,True,False,False,False,True,True,coverage_only_evaluation,
DE19_r000_c010,DE19,Kiel,test,True,False,False,False,True,True,coverage_only_evaluation,
DE19_r000_c011,DE19,Kiel,test,False,False,False,False,True,False,coverage_gate_failed,coverage_gate_failed
DE19_r001_c000,DE19,Kiel,test,True,False,False,False,False,True,coverage_only_evaluation,
DE19_r001_c001,DE19,Kiel,test,True,False,False,False,False,True,coverage_only_evaluation,
DE19_r001_c002,DE19,Kiel,test,True,False,False,True,False,True,coverage_only_evaluation,
DE19_r001_c003,DE19,Kiel,test,True,False,False,False,False,True,coverage_only_evaluation,
DE19_r001_c004,DE19,Kiel,test,True,False,False,False,False,True,coverage_only_evaluation,
DE19_r001_c005,DE19,Kiel,test,True,False,False,False,False,True,coverage_only_evaluation,
DE19_r001_c006,DE19,Kiel,test,True,False,False,False,True,True,coverage_only_evaluation,
DE19_r001_c007,DE19,Kiel,test,True,False,False,True,True,True,coverage_only_evaluation,
DE19_r001_c008,DE19,Kiel,test,False,False,False,True,True,False,coverage_gate_failed,coverage_gate_failed
DE19_r001_c009,DE19,Kiel,test,True,False,False,False,True,True,coverage_only_evaluation,
DE19_r001_c010,DE19,Kiel,test,True,False,False,False,True,True,coverage_only_evaluation,
DE19_r001_c011,DE19,Kiel,test,False,False,False,False,False,False,coverage_gate_failed,coverage_gate_failed
DE19_r002_c000,DE19,Kiel,test,True,False,False,False,False,True,coverage_only_evaluation,
DE19_r002_c001,DE19,Kiel,test,True,False,False,False,False,True,coverage_only_evaluation,
DE19_r002_c002,DE19,Kiel,test,True,False,False,False,False,True,coverage_only_evaluation,
DE19_r002_c003,DE19,Kiel,test,True,False,False,False,False,True,coverage_only_evaluation,
DE19_r002_c004,DE19,Kiel,test,True,False,False,False,False,True,coverage_only_evaluation,
DE19_r002_c005,DE19,Kiel,test,True,False,False,False,False,True,coverage_only_evaluation,
DE19_r002_c006,DE19,Kiel,test,True,False,False,False,False,True,coverage_only_evaluation,
DE19_r002_c007,DE19,Kiel,test,True,True,False,True,True,True,coverage_only_evaluation,
DE19_r002_c008,DE19,Kiel,test,True,True,True,True,True,True,coverage_only_evaluation,
DE19_r002_c009,DE19,Kiel,test,True,False,False,False,False,True,coverage_only_evaluation,
DE19_r002_c010,DE19,Kiel,test,True,False,False,False,False,True,coverage_only_evaluation,
DE19_r002_c011,DE19,Kiel,test,False,False,False,False,False,False,coverage_gate_failed,coverage_gate_failed
DE19_r003_c000,DE19,Kiel,test,True,False,False,False,False,True,coverage_only_evaluation,
DE19_r003_c001,DE19,Kiel,test,True,False,False,False,False,True,coverage_only_evaluation,
DE19_r003_c002,DE19,Kiel,test,True,False,False,False,False,True,coverage_only_evaluation,
DE19_r003_c003,DE19,Kiel,test,True,False,False,False,False,True,coverage_only_evaluation,
DE19_r003_c004,DE19,Kiel,test,True,False,False,True,False,True,coverage_only_evaluation,
DE19_r003_c005,DE19,Kiel,test,True,False,False,False,True,True,coverage_only_evaluation,
DE19_r003_c006,DE19,Kiel,test,True,True,True,False,True,True,coverage_only_evaluation,
DE19_r003_c007,DE19,Kiel,test,True,False,False,False,True,True,coverage_only_evaluation,
DE19_r003_c008,DE19,Kiel,test,True,False,False,False,False,True,coverage_only_evaluation,
DE19_r003_c009,DE19,Kiel,test,True,False,False,False,False,True,coverage_only_evaluation,
DE19_r003_c010,DE19,Kiel,test,True,False,False,False,False,True,coverage_only_evaluation,
DE19_r003_c011,DE19,Kiel,test,False,False,False,False,False,False,coverage_gate_failed,coverage_gate_failed
DE19_r004_c000,DE19,Kiel,test,True,False,False,False,False,True,coverage_only_evaluation,
DE19_r004_c001,DE19,Kiel,test,True,False,False,False,False,True,coverage_only_evaluation,
DE19_r004_c002,DE19,Kiel,test,True,False,False,False,False,True,coverage_only_evaluation,
DE19_r004_c003,DE19,Kiel,test,True,False,False,False,True,True,coverage_only_evaluation,
DE19_r004_c004,DE19,Kiel,test,True,True,False,False,True,True,coverage_only_evaluation,
DE19_r004_c005,DE19,Kiel,test,True,True,True,False,False,True,coverage_only_evaluation,
DE19_r004_c006,DE19,Kiel,test,True,True,False,False,True,True,coverage_only_evaluation,
DE19_r004_c007,DE19,Kiel,test,True,False,False,False,True,True,coverage_only_evaluation,
DE19_r004_c008,DE19,Kiel,test,True,False,False,False,False,True,coverage_only_evaluation,
DE19_r004_c009,DE19,Kiel,test,True,False,False,False,True,True,coverage_only_evaluation,
DE19_r004_c010,DE19,Kiel,test,True,False,False,False,True,True,coverage_only_evaluation,
DE19_r004_c011,DE19,Kiel,test,False,False,False,False,True,False,coverage_gate_failed,coverage_gate_failed
DE19_r005_c000,DE19,Kiel,test,True,False,False,False,False,True,coverage_only_evaluation,
DE19_r005_c001,DE19,Kiel,test,True,False,False,True,True,True,coverage_only_evaluation,
DE19_r005_c002,DE19,Kiel,test,True,False,False,False,False,True,coverage_only_evaluation,
DE19_r005_c003,DE19,Kiel,test,True,False,False,False,False,True,coverage_only_evaluation,
DE19_r005_c004,DE19,Kiel,test,True,True,True,False,False,True,coverage_only_evaluation,
DE19_r005_c005,DE19,Kiel,test,False,True,True,False,False,False,coverage_gate_failed,coverage_gate_failed
DE19_r005_c006,DE19,Kiel,test,True,True,True,False,True,True,coverage_only_evaluation,
DE19_r005_c007,DE19,Kiel,test,False,True,True,False,True,False,coverage_gate_failed,coverage_gate_failed
DE19_r005_c008,DE19,Kiel,test,True,True,False,False,False,True,coverage_only_evaluation,
DE19_r005_c009,DE19,Kiel,test,True,False,False,False,True,True,coverage_only_evaluation,
DE19_r005_c010,DE19,Kiel,test,True,False,False,False,True,True,coverage_only_evaluation,
DE19_r005_c011,DE19,Kiel,test,False,False,False,False,False,False,coverage_gate_failed,coverage_gate_failed
DE19_r006_c000,DE19,Kiel,test,True,False,False,False,False,True,coverage_only_evaluation,
DE19_r006_c001,DE19,Kiel,test,True,False,False,False,True,True,coverage_only_evaluation,
DE19_r006_c002,DE19,Kiel,test,True,False,False,True,True,True,coverage_only_evaluation,
DE19_r006_c003,DE19,Kiel,test,True,False,False,True,False,True,coverage_only_evaluation,
DE19_r006_c004,DE19,Kiel,test,True,True,True,False,False,True,coverage_only_evaluation,
DE19_r006_c005,DE19,Kiel,test,True,True,True,False,False,True,coverage_only_evaluation,
DE19_r006_c006,DE19,Kiel,test,True,True,True,False,True,True,coverage_only_evaluation,
DE19_r006_c007,DE19,Kiel,test,True,True,True,False,False,True,coverage_only_evaluation,
DE19_r006_c008,DE19,Kiel,test,True,False,False,False,False,True,coverage_only_evaluation,
DE19_r006_c009,DE19,Kiel,test,True,False,False,False,False,True,coverage_only_evaluation,
DE19_r006_c010,DE19,Kiel,test,True,False,False,False,True,True,coverage_only_evaluation,
DE19_r006_c011,DE19,Kiel,test,False,False,False,False,False,False,coverage_gate_failed,coverage_gate_failed
DE19_r007_c000,DE19,Kiel,test,True,False,False,False,True,True,coverage_only_evaluation,
DE19_r007_c001,DE19,Kiel,test,True,False,False,False,True,True,coverage_only_evaluation,
DE19_r007_c002,DE19,Kiel,test,True,False,False,False,True,True,coverage_only_evaluation,
DE19_r007_c003,DE19,Kiel,test,True,False,False,False,False,True,coverage_only_evaluation,
DE19_r007_c004,DE19,Kiel,test,True,False,False,False,False,True,coverage_only_evaluation,
DE19_r007_c005,DE19,Kiel,test,True,False,False,False,True,True,coverage_only_evaluation,
DE19_r007_c006,DE19,Kiel,test,True,True,True,False,False,True,coverage_only_evaluation,
DE19_r007_c007,DE19,Kiel,test,True,True,True,False,True,True,coverage_only_evaluation,
DE19_r007_c008,DE19,Kiel,test,True,True,True,False,False,True,coverage_only_evaluation,
DE19_r007_c009,DE19,Kiel,test,True,False,False,False,True,True,coverage_only_evaluation,
DE19_r007_c010,DE19,Kiel,test,True,False,False,True,False,True,coverage_only_evaluation,
DE19_r007_c011,DE19,Kiel,test,False,False,False,True,False,False,coverage_gate_failed,coverage_gate_failed
DE19_r008_c000,DE19,Kiel,test,True,False,False,False,False,True,coverage_only_evaluation,
DE19_r008_c001,DE19,Kiel,test,True,False,False,False,True,True,coverage_only_evaluation,
DE19_r008_c002,DE19,Kiel,test,True,False,False,False,True,True,coverage_only_evaluation,
DE19_r008_c003,DE19,Kiel,test,True,False,False,False,False,True,coverage_only_evaluation,
DE19_r008_c004,DE19,Kiel,test,True,False,False,False,True,True,coverage_only_evaluation,
DE19_r008_c005,DE19,Kiel,test,True,False,False,False,False,True,coverage_only_evaluation,
DE19_r008_c006,DE19,Kiel,test,True,False,False,False,False,True,coverage_only_evaluation,
DE19_r008_c007,DE19,Kiel,test,True,False,False,False,False,True,coverage_only_evaluation,
DE19_r008_c008,DE19,Kiel,test,True,False,False,False,False,True,coverage_only_evaluation,
DE19_r008_c009,DE19,Kiel,test,True,False,False,False,False,True,coverage_only_evaluation,
DE19_r008_c010,DE19,Kiel,test,True,False,False,False,False,True,coverage_only_evaluation,
DE19_r008_c011,DE19,Kiel,test,False,False,False,False,False,False,coverage_gate_failed,coverage_gate_failed
DE19_r009_c000,DE19,Kiel,test,True,False,False,False,False,True,coverage_only_evaluation,
DE19_r009_c001,DE19,Kiel,test,True,False,False,False,True,True,coverage_only_evaluation,
DE19_r009_c002,DE19,Kiel,test,True,False,False,False,False,True,coverage_only_evaluation,
DE19_r009_c003,DE19,Kiel,test,True,False,False,True,False,True,coverage_only_evaluation,
DE19_r009_c004,DE19,Kiel,test,True,True,True,False,False,True,coverage_only_evaluation,
DE19_r009_c005,DE19,Kiel,test,True,False,False,False,False,True,coverage_only_evaluation,
DE19_r009_c006,DE19,Kiel,test,False,False,False,False,False,False,coverage_gate_failed,coverage_gate_failed
DE19_r009_c007,DE19,Kiel,test,True,False,False,False,False,True,coverage_only_evaluation,
DE19_r009_c008,DE19,Kiel,test,True,False,False,False,True,True,coverage_only_evaluation,
DE19_r009_c009,DE19,Kiel,test,True,True,True,False,True,True,coverage_only_evaluation,
DE19_r009_c010,DE19,Kiel,test,True,False,False,False,False,True,coverage_only_evaluation,
DE19_r009_c011,DE19,Kiel,test,False,False,False,False,False,False,coverage_gate_failed,coverage_gate_failed
DE19_r010_c000,DE19,Kiel,test,True,False,False,False,True,True,coverage_only_evaluation,
DE19_r010_c001,DE19,Kiel,test,True,False,False,False,False,True,coverage_only_evaluation,
DE19_r010_c002,DE19,Kiel,test,True,False,False,False,False,True,coverage_only_evaluation,
DE19_r010_c003,DE19,Kiel,test,True,False,False,True,False,True,coverage_only_evaluation,
DE19_r010_c004,DE19,Kiel,test,True,False,False,False,False,True,coverage_only_evaluation,
DE19_r010_c005,DE19,Kiel,test,True,False,False,False,False,True,coverage_only_evaluation,
DE19_r010_c006,DE19,Kiel,test,True,False,False,False,True,True,coverage_only_evaluation,
DE19_r010_c007,DE19,Kiel,test,True,False,False,False,False,True,coverage_only_evaluation,
DE19_r010_c008,DE19,Kiel,test,True,False,False,False,True,True,coverage_only_evaluation,
DE19_r010_c009,DE19,Kiel,test,True,False,False,False,True,True,coverage_only_evaluation,
DE19_r010_c010,DE19,Kiel,test,True,False,False,False,True,True,coverage_only_evaluation,
DE19_r010_c011,DE19,Kiel,test,False,False,False,False,False,False,coverage_gate_failed,coverage_gate_failed
DE19_r011_c000,DE19,Kiel,test,False,False,False,True,True,False,coverage_gate_failed,coverage_gate_failed
DE19_r011_c001,DE19,Kiel,test,False,False,False,False,False,False,coverage_gate_failed,coverage_gate_failed
DE19_r011_c002,DE19,Kiel,test,False,False,False,False,False,False,coverage_gate_failed,coverage_gate_failed
DE19_r011_c003,DE19,Kiel,test,False,False,False,True,False,False,coverage_gate_failed,coverage_gate_failed
DE19_r011_c004,DE19,Kiel,test,False,False,False,False,False,False,coverage_gate_failed,coverage_gate_failed
DE19_r011_c005,DE19,Kiel,test,False,False,False,False,True,False,coverage_gate_failed,coverage_gate_failed
DE19_r011_c006,DE19,Kiel,test,False,False,False,False,True,False,coverage_gate_failed,coverage_gate_failed
DE19_r011_c007,DE19,Kiel,test,False,False,True,False,False,False,coverage_gate_failed,coverage_gate_failed
DE19_r011_c008,DE19,Kiel,test,False,False,False,False,False,False,coverage_gate_failed,coverage_gate_failed
DE19_r011_c009,DE19,Kiel,test,False,False,False,False,False,False,coverage_gate_failed,coverage_gate_failed
DE19_r011_c010,DE19,Kiel,test,False,False,False,False,True,False,coverage_gate_failed,coverage_gate_failed
DE19_r011_c011,DE19,Kiel,test,False,False,False,False,True,False,coverage_gate_failed,coverage_gate_failed
DE20_r000_c000,DE20,Rostock,test,False,False,False,False,False,False,coverage_gate_failed,coverage_gate_failed
DE20_r000_c001,DE20,Rostock,test,False,False,False,False,False,False,coverage_gate_failed,coverage_gate_failed
DE20_r000_c002,DE20,Rostock,test,False,False,False,False,False,False,coverage_gate_failed,coverage_gate_failed
DE20_r000_c003,DE20,Rostock,test,False,False,False,False,False,False,coverage_gate_failed,coverage_gate_failed
DE20_r000_c004,DE20,Rostock,test,False,False,False,False,False,False,coverage_gate_failed,coverage_gate_failed
DE20_r000_c005,DE20,Rostock,test,False,False,False,False,False,False,coverage_gate_failed,coverage_gate_failed
DE20_r000_c006,DE20,Rostock,test,False,False,False,False,False,False,coverage_gate_failed,coverage_gate_failed
DE20_r000_c007,DE20,Rostock,test,False,False,False,True,True,False,coverage_gate_failed,coverage_gate_failed
DE20_r000_c008,DE20,Rostock,test,True,False,False,False,False,True,coverage_only_evaluation,
DE20_r000_c009,DE20,Rostock,test,True,False,False,False,False,True,coverage_only_evaluation,
DE20_r000_c010,DE20,Rostock,test,True,False,False,False,False,True,coverage_only_evaluation,
DE20_r000_c011,DE20,Rostock,test,False,False,False,False,False,False,coverage_gate_failed,coverage_gate_failed
DE20_r001_c000,DE20,Rostock,test,False,False,False,False,False,False,coverage_gate_failed,coverage_gate_failed
DE20_r001_c001,DE20,Rostock,test,False,False,False,False,False,False,coverage_gate_failed,coverage_gate_failed
DE20_r001_c002,DE20,Rostock,test,False,False,False,False,False,False,coverage_gate_failed,coverage_gate_failed
DE20_r001_c003,DE20,Rostock,test,False,False,False,False,True,False,coverage_gate_failed,coverage_gate_failed
DE20_r001_c004,DE20,Rostock,test,False,False,False,False,False,False,coverage_gate_failed,coverage_gate_failed
DE20_r001_c005,DE20,Rostock,test,False,False,False,False,True,False,coverage_gate_failed,coverage_gate_failed
DE20_r001_c006,DE20,Rostock,test,False,False,False,True,True,False,coverage_gate_failed,coverage_gate_failed
DE20_r001_c007,DE20,Rostock,test,True,False,False,True,True,True,coverage_only_evaluation,
DE20_r001_c008,DE20,Rostock,test,True,False,False,False,False,True,coverage_only_evaluation,
DE20_r001_c009,DE20,Rostock,test,True,False,False,False,False,True,coverage_only_evaluation,
DE20_r001_c010,DE20,Rostock,test,True,False,False,False,False,True,coverage_only_evaluation,
DE20_r001_c011,DE20,Rostock,test,False,False,False,False,False,False,coverage_gate_failed,coverage_gate_failed
DE20_r002_c000,DE20,Rostock,test,False,False,False,False,True,False,coverage_gate_failed,coverage_gate_failed
DE20_r002_c001,DE20,Rostock,test,False,False,False,False,True,False,coverage_gate_failed,coverage_gate_failed
DE20_r002_c002,DE20,Rostock,test,True,False,False,False,True,True,coverage_only_evaluation,
DE20_r002_c003,DE20,Rostock,test,True,False,False,False,True,True,coverage_only_evaluation,
DE20_r002_c004,DE20,Rostock,test,True,False,False,False,True,True,coverage_only_evaluation,
DE20_r002_c005,DE20,Rostock,test,True,True,True,False,True,True,coverage_only_evaluation,
DE20_r002_c006,DE20,Rostock,test,True,False,False,True,True,True,coverage_only_evaluation,
DE20_r002_c007,DE20,Rostock,test,True,False,False,False,True,True,coverage_only_evaluation,
DE20_r002_c008,DE20,Rostock,test,True,False,False,False,False,True,coverage_only_evaluation,
DE20_r002_c009,DE20,Rostock,test,True,False,False,False,False,True,coverage_only_evaluation,
DE20_r002_c010,DE20,Rostock,test,True,False,False,False,False,True,coverage_only_evaluation,
DE20_r002_c011,DE20,Rostock,test,False,False,False,False,False,False,coverage_gate_failed,coverage_gate_failed
DE20_r003_c000,DE20,Rostock,test,True,False,False,False,True,True,coverage_only_evaluation,
DE20_r003_c001,DE20,Rostock,test,True,False,False,False,False,True,coverage_only_evaluation,
DE20_r003_c002,DE20,Rostock,test,True,False,False,False,False,True,coverage_only_evaluation,
DE20_r003_c003,DE20,Rostock,test,True,False,False,False,False,True,coverage_only_evaluation,
DE20_r003_c004,DE20,Rostock,test,True,True,True,False,False,True,coverage_only_evaluation,
DE20_r003_c005,DE20,Rostock,test,True,True,True,False,True,True,coverage_only_evaluation,
DE20_r003_c006,DE20,Rostock,test,True,True,True,False,True,True,coverage_only_evaluation,
DE20_r003_c007,DE20,Rostock,test,True,False,False,False,False,True,coverage_only_evaluation,
DE20_r003_c008,DE20,Rostock,test,True,False,False,False,False,True,coverage_only_evaluation,
DE20_r003_c009,DE20,Rostock,test,True,False,False,False,False,True,coverage_only_evaluation,
DE20_r003_c010,DE20,Rostock,test,True,False,False,False,False,True,coverage_only_evaluation,
DE20_r003_c011,DE20,Rostock,test,False,False,False,False,False,False,coverage_gate_failed,coverage_gate_failed
DE20_r004_c000,DE20,Rostock,test,True,False,False,False,False,True,coverage_only_evaluation,
DE20_r004_c001,DE20,Rostock,test,True,False,False,False,False,True,coverage_only_evaluation,
DE20_r004_c002,DE20,Rostock,test,True,False,False,False,False,True,coverage_only_evaluation,
DE20_r004_c003,DE20,Rostock,test,True,False,False,False,False,True,coverage_only_evaluation,
DE20_r004_c004,DE20,Rostock,test,True,True,True,False,False,True,coverage_only_evaluation,
DE20_r004_c005,DE20,Rostock,test,True,True,True,False,True,True,coverage_only_evaluation,
DE20_r004_c006,DE20,Rostock,test,True,False,False,False,False,True,coverage_only_evaluation,
DE20_r004_c007,DE20,Rostock,test,True,True,True,False,False,True,coverage_only_evaluation,
DE20_r004_c008,DE20,Rostock,test,True,False,False,False,False,True,coverage_only_evaluation,
DE20_r004_c009,DE20,Rostock,test,True,False,False,False,False,True,coverage_only_evaluation,
DE20_r004_c010,DE20,Rostock,test,True,False,False,False,False,True,coverage_only_evaluation,
DE20_r004_c011,DE20,Rostock,test,False,False,False,False,False,False,coverage_gate_failed,coverage_gate_failed
DE20_r005_c000,DE20,Rostock,test,True,False,False,False,False,True,coverage_only_evaluation,
DE20_r005_c001,DE20,Rostock,test,True,False,False,False,False,True,coverage_only_evaluation,
DE20_r005_c002,DE20,Rostock,test,True,False,False,False,False,True,coverage_only_evaluation,
DE20_r005_c003,DE20,Rostock,test,True,False,False,False,False,True,coverage_only_evaluation,
DE20_r005_c004,DE20,Rostock,test,True,False,False,False,False,True,coverage_only_evaluation,
DE20_r005_c005,DE20,Rostock,test,False,True,True,False,True,False,coverage_gate_failed,coverage_gate_failed
DE20_r005_c006,DE20,Rostock,test,True,True,True,False,True,True,coverage_only_evaluation,
DE20_r005_c007,DE20,Rostock,test,True,True,True,False,True,True,coverage_only_evaluation,
DE20_r005_c008,DE20,Rostock,test,True,False,False,False,False,True,coverage_only_evaluation,
DE20_r005_c009,DE20,Rostock,test,True,False,False,False,False,True,coverage_only_evaluation,
DE20_r005_c010,DE20,Rostock,test,True,False,False,False,False,True,coverage_only_evaluation,
DE20_r005_c011,DE20,Rostock,test,False,False,False,False,False,False,coverage_gate_failed,coverage_gate_failed
DE20_r006_c000,DE20,Rostock,test,True,False,False,False,False,True,coverage_only_evaluation,
DE20_r006_c001,DE20,Rostock,test,True,False,False,False,False,True,coverage_only_evaluation,
DE20_r006_c002,DE20,Rostock,test,True,False,False,False,False,True,coverage_only_evaluation,
DE20_r006_c003,DE20,Rostock,test,True,False,False,False,False,True,coverage_only_evaluation,
DE20_r006_c004,DE20,Rostock,test,True,False,False,False,False,True,coverage_only_evaluation,
DE20_r006_c005,DE20,Rostock,test,True,True,True,False,False,True,coverage_only_evaluation,
DE20_r006_c006,DE20,Rostock,test,False,True,True,False,False,False,coverage_gate_failed,coverage_gate_failed
DE20_r006_c007,DE20,Rostock,test,True,True,True,False,True,True,coverage_only_evaluation,
DE20_r006_c008,DE20,Rostock,test,True,True,True,True,False,True,coverage_only_evaluation,
DE20_r006_c009,DE20,Rostock,test,True,False,False,False,False,True,coverage_only_evaluation,
DE20_r006_c010,DE20,Rostock,test,True,False,False,False,False,True,coverage_only_evaluation,
DE20_r006_c011,DE20,Rostock,test,False,False,False,False,False,False,coverage_gate_failed,coverage_gate_failed
DE20_r007_c000,DE20,Rostock,test,True,False,False,False,False,True,coverage_only_evaluation,
DE20_r007_c001,DE20,Rostock,test,True,False,False,False,False,True,coverage_only_evaluation,
DE20_r007_c002,DE20,Rostock,test,True,False,False,False,False,True,coverage_only_evaluation,
DE20_r007_c003,DE20,Rostock,test,True,False,False,False,False,True,coverage_only_evaluation,
DE20_r007_c004,DE20,Rostock,test,True,False,False,False,False,True,coverage_only_evaluation,
DE20_r007_c005,DE20,Rostock,test,True,False,False,False,False,True,coverage_only_evaluation,
DE20_r007_c006,DE20,Rostock,test,True,False,False,False,False,True,coverage_only_evaluation,
DE20_r007_c007,DE20,Rostock,test,True,False,False,False,False,True,coverage_only_evaluation,
DE20_r007_c008,DE20,Rostock,test,True,False,False,False,False,True,coverage_only_evaluation,
DE20_r007_c009,DE20,Rostock,test,True,False,False,False,False,True,coverage_only_evaluation,
DE20_r007_c010,DE20,Rostock,test,True,False,False,False,False,True,coverage_only_evaluation,
DE20_r007_c011,DE20,Rostock,test,False,False,False,False,False,False,coverage_gate_failed,coverage_gate_failed
DE20_r008_c000,DE20,Rostock,test,True,False,False,False,False,True,coverage_only_evaluation,
DE20_r008_c001,DE20,Rostock,test,True,False,False,False,False,True,coverage_only_evaluation,
DE20_r008_c002,DE20,Rostock,test,True,False,False,False,False,True,coverage_only_evaluation,
DE20_r008_c003,DE20,Rostock,test,True,False,False,False,False,True,coverage_only_evaluation,
DE20_r008_c004,DE20,Rostock,test,True,False,False,False,False,True,coverage_only_evaluation,
DE20_r008_c005,DE20,Rostock,test,True,False,False,False,False,True,coverage_only_evaluation,
DE20_r008_c006,DE20,Rostock,test,True,False,False,False,False,True,coverage_only_evaluation,
DE20_r008_c007,DE20,Rostock,test,True,False,False,False,False,True,coverage_only_evaluation,
DE20_r008_c008,DE20,Rostock,test,True,False,False,False,False,True,coverage_only_evaluation,
DE20_r008_c009,DE20,Rostock,test,True,False,False,False,False,True,coverage_only_evaluation,
DE20_r008_c010,DE20,Rostock,test,True,False,False,False,False,True,coverage_only_evaluation,
DE20_r008_c011,DE20,Rostock,test,False,False,False,False,False,False,coverage_gate_failed,coverage_gate_failed
DE20_r009_c000,DE20,Rostock,test,True,False,False,False,False,True,coverage_only_evaluation,
DE20_r009_c001,DE20,Rostock,test,True,False,False,False,False,True,coverage_only_evaluation,
DE20_r009_c002,DE20,Rostock,test,True,False,False,False,False,True,coverage_only_evaluation,
DE20_r009_c003,DE20,Rostock,test,True,False,False,False,False,True,coverage_only_evaluation,
DE20_r009_c004,DE20,Rostock,test,True,False,False,False,False,True,coverage_only_evaluation,
DE20_r009_c005,DE20,Rostock,test,True,False,False,False,False,True,coverage_only_evaluation,
DE20_r009_c006,DE20,Rostock,test,True,False,False,False,False,True,coverage_only_evaluation,
DE20_r009_c007,DE20,Rostock,test,True,False,False,False,False,True,coverage_only_evaluation,
DE20_r009_c008,DE20,Rostock,test,True,False,False,False,False,True,coverage_only_evaluation,
DE20_r009_c009,DE20,Rostock,test,True,False,False,False,False,True,coverage_only_evaluation,
DE20_r009_c010,DE20,Rostock,test,True,False,False,False,False,True,coverage_only_evaluation,
DE20_r009_c011,DE20,Rostock,test,False,False,False,False,False,False,coverage_gate_failed,coverage_gate_failed
DE20_r010_c000,DE20,Rostock,test,True,False,False,False,False,True,coverage_only_evaluation,
DE20_r010_c001,DE20,Rostock,test,True,False,False,False,False,True,coverage_only_evaluation,
DE20_r010_c002,DE20,Rostock,test,True,False,False,False,False,True,coverage_only_evaluation,
DE20_r010_c003,DE20,Rostock,test,True,False,False,False,False,True,coverage_only_evaluation,
DE20_r010_c004,DE20,Rostock,test,True,False,False,False,False,True,coverage_only_evaluation,
DE20_r010_c005,DE20,Rostock,test,True,False,False,False,False,True,coverage_only_evaluation,
DE20_r010_c006,DE20,Rostock,test,True,False,False,False,False,True,coverage_only_evaluation,
DE20_r010_c007,DE20,Rostock,test,True,False,False,False,False,True,coverage_only_evaluation,
DE20_r010_c008,DE20,Rostock,test,True,False,False,False,False,True,coverage_only_evaluation,
DE20_r010_c009,DE20,Rostock,test,True,False,False,False,False,True,coverage_only_evaluation,
DE20_r010_c010,DE20,Rostock,test,True,False,False,False,False,True,coverage_only_evaluation,
DE20_r010_c011,DE20,Rostock,test,False,False,False,False,False,False,coverage_gate_failed,coverage_gate_failed
DE20_r011_c000,DE20,Rostock,test,False,False,False,False,False,False,coverage_gate_failed,coverage_gate_failed
DE20_r011_c001,DE20,Rostock,test,False,False,False,False,False,False,coverage_gate_failed,coverage_gate_failed
DE20_r011_c002,DE20,Rostock,test,False,False,False,False,False,False,coverage_gate_failed,coverage_gate_failed
DE20_r011_c003,DE20,Rostock,test,False,False,False,False,False,False,coverage_gate_failed,coverage_gate_failed
DE20_r011_c004,DE20,Rostock,test,False,False,False,False,False,False,coverage_gate_failed,coverage_gate_failed
DE20_r011_c005,DE20,Rostock,test,False,False,False,False,False,False,coverage_gate_failed,coverage_gate_failed
DE20_r011_c006,DE20,Rostock,test,False,False,False,False,False,False,coverage_gate_failed,coverage_gate_failed
DE20_r011_c007,DE20,Rostock,test,False,False,False,False,False,False,coverage_gate_failed,coverage_gate_failed
DE20_r011_c008,DE20,Rostock,test,False,False,False,False,False,False,coverage_gate_failed,coverage_gate_failed
DE20_r011_c009,DE20,Rostock,test,False,False,False,False,False,False,coverage_gate_failed,coverage_gate_failed
DE20_r011_c010,DE20,Rostock,test,False,False,False,False,False,False,coverage_gate_failed,coverage_gate_failed
DE20_r011_c011,DE20,Rostock,test,False,False,False,False,False,False,coverage_gate_failed,coverage_gate_failed
