tile_id,candidate_id,dataset_version,dataset_source,city_id,city_name,split,row_offset,col_offset,tile_size,grid_offset,source_width_pixels,source_height_pixels,padding_pixel_count,padding_fraction,valid_pixel_count,valid_fraction,unlabeled_pixel_count,semantic_nodata_pixel_count,buildings_pixel_count,roads_pixel_count,vegetation_pixel_count,bare_land_pixel_count,water_pixel_count,contains_buildings,contains_roads,contains_vegetation,contains_bare_land,contains_water,selection_rank,priority_tier,selection_reason,enrichment_score,simulation_match,simulation_difference,bounds_left,bounds_bottom,bounds_right,bounds_top,crs,source_image,source_semantic_mask,source_validity_mask,image_path,semantic_mask_path,validity_mask_path,qa_pass,qa_status,qa_failure_count,qa_failures
DE01_off128_r000_c005,DE01_off128_r000_c005,v2.2,v22_offset_enrichment,DE01,Mannheim,train,128,1408,256,128,256,256,0,0.0,35673,0.5443267822265625,29863,0,9766,6642,18039,37,1189,True,True,True,True,True,466,3,road_rich+building_rich+mixed_minority,17.06699098204155,True,,460404.5904690316,5492948.165275654,462964.5904690316,5495508.165275654,EPSG:32632,data\processed\sar\DE01_Mannheim\DE01_Mannheim_S1_VV_VH.tif,data\processed\masks\DE01_Mannheim\DE01_label_mask.tif,data\processed\masks\DE01_Mannheim\DE01_validity_mask.tif,data\processed\tiles_v22_enrichment\train\DE01_Mannheim\images\DE01_off128_r000_c005_image.tif,data\processed\tiles_v22_enrichment\train\DE01_Mannheim\semantic_masks\DE01_off128_r000_c005_semantic.tif,data\processed\tiles_v22_enrichment\train\DE01_Mannheim\validity_masks\DE01_off128_r000_c005_validity.tif,True,accepted,0,
DE01_off128_r002_c000,DE01_off128_r002_c000,v2.2,v22_offset_enrichment,DE01,Mannheim,train,640,128,256,128,256,256,0,0.0,56445,0.8612823486328125,9091,0,2279,2586,47519,3677,384,True,True,True,True,True,91,1,bare_land_rich,6.789548365984682,True,,447604.5904690316,5487828.165275654,450164.5904690316,5490388.165275654,EPSG:32632,data\processed\sar\DE01_Mannheim\DE01_Mannheim_S1_VV_VH.tif,data\processed\masks\DE01_Mannheim\DE01_label_mask.tif,data\processed\masks\DE01_Mannheim\DE01_validity_mask.tif,data\processed\tiles_v22_enrichment\train\DE01_Mannheim\images\DE01_off128_r002_c000_image.tif,data\processed\tiles_v22_enrichment\train\DE01_Mannheim\semantic_masks\DE01_off128_r002_c000_semantic.tif,data\processed\tiles_v22_enrichment\train\DE01_Mannheim\validity_masks\DE01_off128_r002_c000_validity.tif,True,accepted,0,
DE01_off128_r003_c000,DE01_off128_r003_c000,v2.2,v22_offset_enrichment,DE01,Mannheim,train,896,128,256,128,256,256,0,0.0,62016,0.9462890625,3520,0,334,906,56725,3739,312,True,True,True,True,True,100,1,bare_land_rich,2.771252983101135,True,,447604.5904690316,5485268.165275654,450164.5904690316,5487828.165275654,EPSG:32632,data\processed\sar\DE01_Mannheim\DE01_Mannheim_S1_VV_VH.tif,data\processed\masks\DE01_Mannheim\DE01_label_mask.tif,data\processed\masks\DE01_Mannheim\DE01_validity_mask.tif,data\processed\tiles_v22_enrichment\train\DE01_Mannheim\images\DE01_off128_r003_c000_image.tif,data\processed\tiles_v22_enrichment\train\DE01_Mannheim\semantic_masks\DE01_off128_r003_c000_semantic.tif,data\processed\tiles_v22_enrichment\train\DE01_Mannheim\validity_masks\DE01_off128_r003_c000_validity.tif,True,accepted,0,
DE01_off128_r003_c002,DE01_off128_r003_c002,v2.2,v22_offset_enrichment,DE01,Mannheim,train,896,640,256,128,256,256,0,0.0,41288,0.6300048828125,24248,0,9590,6081,24790,280,547,True,True,True,True,True,494,3,road_rich+building_rich+mixed_minority,16.023484828559447,True,,452724.5904690316,5485268.165275654,455284.5904690316,5487828.165275654,EPSG:32632,data\processed\sar\DE01_Mannheim\DE01_Mannheim_S1_VV_VH.tif,data\processed\masks\DE01_Mannheim\DE01_label_mask.tif,data\processed\masks\DE01_Mannheim\DE01_validity_mask.tif,data\processed\tiles_v22_enrichment\train\DE01_Mannheim\images\DE01_off128_r003_c002_image.tif,data\processed\tiles_v22_enrichment\train\DE01_Mannheim\semantic_masks\DE01_off128_r003_c002_semantic.tif,data\processed\tiles_v22_enrichment\train\DE01_Mannheim\validity_masks\DE01_off128_r003_c002_validity.tif,True,accepted,0,
DE01_off128_r003_c003,DE01_off128_r003_c003,v2.2,v22_offset_enrichment,DE01,Mannheim,train,896,896,256,128,256,256,0,0.0,35915,0.5480194091796875,29621,0,8766,7641,17418,339,1751,True,True,True,True,True,454,3,road_rich+building_rich+mixed_minority,17.914440124758137,True,,455284.5904690316,5485268.165275654,457844.5904690316,5487828.165275654,EPSG:32632,data\processed\sar\DE01_Mannheim\DE01_Mannheim_S1_VV_VH.tif,data\processed\masks\DE01_Mannheim\DE01_label_mask.tif,data\processed\masks\DE01_Mannheim\DE01_validity_mask.tif,data\processed\tiles_v22_enrichment\train\DE01_Mannheim\images\DE01_off128_r003_c003_image.tif,data\processed\tiles_v22_enrichment\train\DE01_Mannheim\semantic_masks\DE01_off128_r003_c003_semantic.tif,data\processed\tiles_v22_enrichment\train\DE01_Mannheim\validity_masks\DE01_off128_r003_c003_validity.tif,True,accepted,0,
DE01_off128_r003_c004,DE01_off128_r003_c004,v2.2,v22_offset_enrichment,DE01,Mannheim,train,896,1152,256,128,256,256,0,0.0,40243,0.6140594482421875,25293,0,5986,3914,18895,128,11320,True,True,True,True,True,471,3,road_rich+water_rich+building_rich+mixed_minority,16.935258166031616,True,,457844.5904690316,5485268.165275654,460404.5904690316,5487828.165275654,EPSG:32632,data\processed\sar\DE01_Mannheim\DE01_Mannheim_S1_VV_VH.tif,data\processed\masks\DE01_Mannheim\DE01_label_mask.tif,data\processed\masks\DE01_Mannheim\DE01_validity_mask.tif,data\processed\tiles_v22_enrichment\train\DE01_Mannheim\images\DE01_off128_r003_c004_image.tif,data\processed\tiles_v22_enrichment\train\DE01_Mannheim\semantic_masks\DE01_off128_r003_c004_semantic.tif,data\processed\tiles_v22_enrichment\train\DE01_Mannheim\validity_masks\DE01_off128_r003_c004_validity.tif,True,accepted,0,
DE01_off128_r003_c005,DE01_off128_r003_c005,v2.2,v22_offset_enrichment,DE01,Mannheim,train,896,1408,256,128,256,256,0,0.0,38618,0.589263916015625,26918,0,10814,6438,11381,4252,5733,True,True,True,True,True,2,1,bare_land_rich+road_rich+water_rich+building_rich+mixed_minority,30.53612807262653,True,,460404.5904690316,5485268.165275654,462964.5904690316,5487828.165275654,EPSG:32632,data\processed\sar\DE01_Mannheim\DE01_Mannheim_S1_VV_VH.tif,data\processed\masks\DE01_Mannheim\DE01_label_mask.tif,data\processed\masks\DE01_Mannheim\DE01_validity_mask.tif,data\processed\tiles_v22_enrichment\train\DE01_Mannheim\images\DE01_off128_r003_c005_image.tif,data\processed\tiles_v22_enrichment\train\DE01_Mannheim\semantic_masks\DE01_off128_r003_c005_semantic.tif,data\processed\tiles_v22_enrichment\train\DE01_Mannheim\validity_masks\DE01_off128_r003_c005_validity.tif,True,accepted,0,
DE01_off128_r004_c004,DE01_off128_r004_c004,v2.2,v22_offset_enrichment,DE01,Mannheim,train,1152,1152,256,128,256,256,0,0.0,39461,0.6021270751953125,26075,0,12138,5905,11686,195,9537,True,True,True,True,True,439,3,road_rich+water_rich+building_rich+mixed_minority,22.475939193489324,True,,457844.5904690316,5482708.165275654,460404.5904690316,5485268.165275654,EPSG:32632,data\processed\sar\DE01_Mannheim\DE01_Mannheim_S1_VV_VH.tif,data\processed\masks\DE01_Mannheim\DE01_label_mask.tif,data\processed\masks\DE01_Mannheim\DE01_validity_mask.tif,data\processed\tiles_v22_enrichment\train\DE01_Mannheim\images\DE01_off128_r004_c004_image.tif,data\processed\tiles_v22_enrichment\train\DE01_Mannheim\semantic_masks\DE01_off128_r004_c004_semantic.tif,data\processed\tiles_v22_enrichment\train\DE01_Mannheim\validity_masks\DE01_off128_r004_c004_validity.tif,True,accepted,0,
DE01_off128_r004_c005,DE01_off128_r004_c005,v2.2,v22_offset_enrichment,DE01,Mannheim,train,1152,1408,256,128,256,256,0,0.0,39264,0.59912109375,26272,0,14747,7418,9813,483,6803,True,True,True,True,True,120,2,bare_land_moderate+road_rich+water_rich+building_rich+mixed_minority,23.083228673212105,True,,460404.5904690316,5482708.165275654,462964.5904690316,5485268.165275654,EPSG:32632,data\processed\sar\DE01_Mannheim\DE01_Mannheim_S1_VV_VH.tif,data\processed\masks\DE01_Mannheim\DE01_label_mask.tif,data\processed\masks\DE01_Mannheim\DE01_validity_mask.tif,data\processed\tiles_v22_enrichment\train\DE01_Mannheim\images\DE01_off128_r004_c005_image.tif,data\processed\tiles_v22_enrichment\train\DE01_Mannheim\semantic_masks\DE01_off128_r004_c005_semantic.tif,data\processed\tiles_v22_enrichment\train\DE01_Mannheim\validity_masks\DE01_off128_r004_c005_validity.tif,True,accepted,0,
DE01_off128_r004_c006,DE01_off128_r004_c006,v2.2,v22_offset_enrichment,DE01,Mannheim,train,1152,1664,256,128,256,256,0,0.0,35012,0.53424072265625,30524,0,13031,8362,11387,2045,187,True,True,True,True,True,45,1,bare_land_rich+road_rich+building_rich+mixed_minority,20.92056541133441,True,,462964.5904690316,5482708.165275654,465524.5904690316,5485268.165275654,EPSG:32632,data\processed\sar\DE01_Mannheim\DE01_Mannheim_S1_VV_VH.tif,data\processed\masks\DE01_Mannheim\DE01_label_mask.tif,data\processed\masks\DE01_Mannheim\DE01_validity_mask.tif,data\processed\tiles_v22_enrichment\train\DE01_Mannheim\images\DE01_off128_r004_c006_image.tif,data\processed\tiles_v22_enrichment\train\DE01_Mannheim\semantic_masks\DE01_off128_r004_c006_semantic.tif,data\processed\tiles_v22_enrichment\train\DE01_Mannheim\validity_masks\DE01_off128_r004_c006_validity.tif,True,accepted,0,
DE01_off128_r004_c007,DE01_off128_r004_c007,v2.2,v22_offset_enrichment,DE01,Mannheim,train,1152,1920,256,128,256,256,0,0.0,43875,0.6694793701171875,21661,0,9642,6794,23051,2870,1518,True,True,True,True,True,36,1,bare_land_rich+road_rich+building_rich+mixed_minority,21.5828696835075,True,,465524.5904690316,5482708.165275654,468084.5904690316,5485268.165275654,EPSG:32632,data\processed\sar\DE01_Mannheim\DE01_Mannheim_S1_VV_VH.tif,data\processed\masks\DE01_Mannheim\DE01_label_mask.tif,data\processed\masks\DE01_Mannheim\DE01_validity_mask.tif,data\processed\tiles_v22_enrichment\train\DE01_Mannheim\images\DE01_off128_r004_c007_image.tif,data\processed\tiles_v22_enrichment\train\DE01_Mannheim\semantic_masks\DE01_off128_r004_c007_semantic.tif,data\processed\tiles_v22_enrichment\train\DE01_Mannheim\validity_masks\DE01_off128_r004_c007_validity.tif,True,accepted,0,
DE01_off128_r005_c003,DE01_off128_r005_c003,v2.2,v22_offset_enrichment,DE01,Mannheim,train,1408,896,256,128,256,256,0,0.0,47490,0.724639892578125,18046,0,5982,5269,33440,1087,1712,True,True,True,True,True,351,2,bare_land_moderate+road_rich+building_rich+mixed_minority,14.54418084856886,True,,455284.5904690316,5480148.165275654,457844.5904690316,5482708.165275654,EPSG:32632,data\processed\sar\DE01_Mannheim\DE01_Mannheim_S1_VV_VH.tif,data\processed\masks\DE01_Mannheim\DE01_label_mask.tif,data\processed\masks\DE01_Mannheim\DE01_validity_mask.tif,data\processed\tiles_v22_enrichment\train\DE01_Mannheim\images\DE01_off128_r005_c003_image.tif,data\processed\tiles_v22_enrichment\train\DE01_Mannheim\semantic_masks\DE01_off128_r005_c003_semantic.tif,data\processed\tiles_v22_enrichment\train\DE01_Mannheim\validity_masks\DE01_off128_r005_c003_validity.tif,True,accepted,0,
DE01_off128_r005_c004,DE01_off128_r005_c004,v2.2,v22_offset_enrichment,DE01,Mannheim,train,1408,1152,256,128,256,256,0,0.0,34247,0.5225677490234375,31289,0,12977,9438,5566,1297,4969,True,True,True,True,True,105,2,bare_land_moderate+road_rich+water_rich+building_rich+mixed_minority,24.85604221394007,True,,457844.5904690316,5480148.165275654,460404.5904690316,5482708.165275654,EPSG:32632,data\processed\sar\DE01_Mannheim\DE01_Mannheim_S1_VV_VH.tif,data\processed\masks\DE01_Mannheim\DE01_label_mask.tif,data\processed\masks\DE01_Mannheim\DE01_validity_mask.tif,data\processed\tiles_v22_enrichment\train\DE01_Mannheim\images\DE01_off128_r005_c004_image.tif,data\processed\tiles_v22_enrichment\train\DE01_Mannheim\semantic_masks\DE01_off128_r005_c004_semantic.tif,data\processed\tiles_v22_enrichment\train\DE01_Mannheim\validity_masks\DE01_off128_r005_c004_validity.tif,True,accepted,0,
DE01_off128_r005_c005,DE01_off128_r005_c005,v2.2,v22_offset_enrichment,DE01,Mannheim,train,1408,1408,256,128,256,256,0,0.0,42597,0.6499786376953125,22939,0,17250,9179,10032,688,5448,True,True,True,True,True,126,2,bare_land_moderate+road_rich+water_rich+building_rich+mixed_minority,22.55794163978466,True,,460404.5904690316,5480148.165275654,462964.5904690316,5482708.165275654,EPSG:32632,data\processed\sar\DE01_Mannheim\DE01_Mannheim_S1_VV_VH.tif,data\processed\masks\DE01_Mannheim\DE01_label_mask.tif,data\processed\masks\DE01_Mannheim\DE01_validity_mask.tif,data\processed\tiles_v22_enrichment\train\DE01_Mannheim\images\DE01_off128_r005_c005_image.tif,data\processed\tiles_v22_enrichment\train\DE01_Mannheim\semantic_masks\DE01_off128_r005_c005_semantic.tif,data\processed\tiles_v22_enrichment\train\DE01_Mannheim\validity_masks\DE01_off128_r005_c005_validity.tif,True,accepted,0,
DE01_off128_r005_c006,DE01_off128_r005_c006,v2.2,v22_offset_enrichment,DE01,Mannheim,train,1408,1664,256,128,256,256,0,0.0,40168,0.6129150390625,25368,0,6448,5535,23738,371,4076,True,True,True,True,True,451,3,road_rich+water_rich+building_rich+mixed_minority,18.086426291801,True,,462964.5904690316,5480148.165275654,465524.5904690316,5482708.165275654,EPSG:32632,data\processed\sar\DE01_Mannheim\DE01_Mannheim_S1_VV_VH.tif,data\processed\masks\DE01_Mannheim\DE01_label_mask.tif,data\processed\masks\DE01_Mannheim\DE01_validity_mask.tif,data\processed\tiles_v22_enrichment\train\DE01_Mannheim\images\DE01_off128_r005_c006_image.tif,data\processed\tiles_v22_enrichment\train\DE01_Mannheim\semantic_masks\DE01_off128_r005_c006_semantic.tif,data\processed\tiles_v22_enrichment\train\DE01_Mannheim\validity_masks\DE01_off128_r005_c006_validity.tif,True,accepted,0,
DE01_off128_r005_c007,DE01_off128_r005_c007,v2.2,v22_offset_enrichment,DE01,Mannheim,train,1408,1920,256,128,256,256,0,0.0,44894,0.685028076171875,20642,0,6996,6223,27803,124,3748,True,True,True,True,True,473,3,road_rich+water_rich+building_rich+mixed_minority,16.899845200954697,True,,465524.5904690316,5480148.165275654,468084.5904690316,5482708.165275654,EPSG:32632,data\processed\sar\DE01_Mannheim\DE01_Mannheim_S1_VV_VH.tif,data\processed\masks\DE01_Mannheim\DE01_label_mask.tif,data\processed\masks\DE01_Mannheim\DE01_validity_mask.tif,data\processed\tiles_v22_enrichment\train\DE01_Mannheim\images\DE01_off128_r005_c007_image.tif,data\processed\tiles_v22_enrichment\train\DE01_Mannheim\semantic_masks\DE01_off128_r005_c007_semantic.tif,data\processed\tiles_v22_enrichment\train\DE01_Mannheim\validity_masks\DE01_off128_r005_c007_validity.tif,True,accepted,0,
DE01_off128_r005_c008,DE01_off128_r005_c008,v2.2,v22_offset_enrichment,DE01,Mannheim,train,1408,2176,256,128,256,256,0,0.0,54689,0.8344879150390625,10847,0,4464,2957,41686,2317,3265,True,True,True,True,True,378,2,bare_land_moderate+road_rich+water_rich+mixed_minority,13.080424026505716,True,,468084.5904690316,5480148.165275654,470644.5904690316,5482708.165275654,EPSG:32632,data\processed\sar\DE01_Mannheim\DE01_Mannheim_S1_VV_VH.tif,data\processed\masks\DE01_Mannheim\DE01_label_mask.tif,data\processed\masks\DE01_Mannheim\DE01_validity_mask.tif,data\processed\tiles_v22_enrichment\train\DE01_Mannheim\images\DE01_off128_r005_c008_image.tif,data\processed\tiles_v22_enrichment\train\DE01_Mannheim\semantic_masks\DE01_off128_r005_c008_semantic.tif,data\processed\tiles_v22_enrichment\train\DE01_Mannheim\validity_masks\DE01_off128_r005_c008_validity.tif,True,accepted,0,
DE01_off128_r006_c003,DE01_off128_r006_c003,v2.2,v22_offset_enrichment,DE01,Mannheim,train,1664,896,256,128,256,256,0,0.0,42864,0.654052734375,22672,0,6841,4720,29212,545,1546,True,True,True,True,True,359,2,bare_land_moderate+road_rich+building_rich+mixed_minority,14.114835675771044,True,,455284.5904690316,5477588.165275654,457844.5904690316,5480148.165275654,EPSG:32632,data\processed\sar\DE01_Mannheim\DE01_Mannheim_S1_VV_VH.tif,data\processed\masks\DE01_Mannheim\DE01_label_mask.tif,data\processed\masks\DE01_Mannheim\DE01_validity_mask.tif,data\processed\tiles_v22_enrichment\train\DE01_Mannheim\images\DE01_off128_r006_c003_image.tif,data\processed\tiles_v22_enrichment\train\DE01_Mannheim\semantic_masks\DE01_off128_r006_c003_semantic.tif,data\processed\tiles_v22_enrichment\train\DE01_Mannheim\validity_masks\DE01_off128_r006_c003_validity.tif,True,accepted,0,
DE01_off128_r006_c004,DE01_off128_r006_c004,v2.2,v22_offset_enrichment,DE01,Mannheim,train,1664,1152,256,128,256,256,0,0.0,36456,0.5562744140625,29080,0,9009,6276,14238,277,6656,True,True,True,True,True,441,3,road_rich+water_rich+building_rich+mixed_minority,21.870927694729605,True,,457844.5904690316,5477588.165275654,460404.5904690316,5480148.165275654,EPSG:32632,data\processed\sar\DE01_Mannheim\DE01_Mannheim_S1_VV_VH.tif,data\processed\masks\DE01_Mannheim\DE01_label_mask.tif,data\processed\masks\DE01_Mannheim\DE01_validity_mask.tif,data\processed\tiles_v22_enrichment\train\DE01_Mannheim\images\DE01_off128_r006_c004_image.tif,data\processed\tiles_v22_enrichment\train\DE01_Mannheim\semantic_masks\DE01_off128_r006_c004_semantic.tif,data\processed\tiles_v22_enrichment\train\DE01_Mannheim\validity_masks\DE01_off128_r006_c004_validity.tif,True,accepted,0,
DE01_off128_r006_c005,DE01_off128_r006_c005,v2.2,v22_offset_enrichment,DE01,Mannheim,train,1664,1408,256,128,256,256,0,0.0,41123,0.6274871826171875,24413,0,9884,5916,20219,443,4661,True,True,True,True,True,167,2,bare_land_moderate+road_rich+water_rich+building_rich+mixed_minority,20.259955630930783,True,,460404.5904690316,5477588.165275654,462964.5904690316,5480148.165275654,EPSG:32632,data\processed\sar\DE01_Mannheim\DE01_Mannheim_S1_VV_VH.tif,data\processed\masks\DE01_Mannheim\DE01_label_mask.tif,data\processed\masks\DE01_Mannheim\DE01_validity_mask.tif,data\processed\tiles_v22_enrichment\train\DE01_Mannheim\images\DE01_off128_r006_c005_image.tif,data\processed\tiles_v22_enrichment\train\DE01_Mannheim\semantic_masks\DE01_off128_r006_c005_semantic.tif,data\processed\tiles_v22_enrichment\train\DE01_Mannheim\validity_masks\DE01_off128_r006_c005_validity.tif,True,accepted,0,
DE01_off128_r006_c006,DE01_off128_r006_c006,v2.2,v22_offset_enrichment,DE01,Mannheim,train,1664,1664,256,128,256,256,0,0.0,37325,0.5695343017578125,28211,0,9838,8673,18139,634,41,True,True,True,True,True,306,2,bare_land_moderate+road_rich+building_rich+mixed_minority,16.925997798073954,True,,462964.5904690316,5477588.165275654,465524.5904690316,5480148.165275654,EPSG:32632,data\processed\sar\DE01_Mannheim\DE01_Mannheim_S1_VV_VH.tif,data\processed\masks\DE01_Mannheim\DE01_label_mask.tif,data\processed\masks\DE01_Mannheim\DE01_validity_mask.tif,data\processed\tiles_v22_enrichment\train\DE01_Mannheim\images\DE01_off128_r006_c006_image.tif,data\processed\tiles_v22_enrichment\train\DE01_Mannheim\semantic_masks\DE01_off128_r006_c006_semantic.tif,data\processed\tiles_v22_enrichment\train\DE01_Mannheim\validity_masks\DE01_off128_r006_c006_validity.tif,True,accepted,0,
DE01_off128_r006_c007,DE01_off128_r006_c007,v2.2,v22_offset_enrichment,DE01,Mannheim,train,1664,1920,256,128,256,256,0,0.0,50693,0.7735137939453125,14843,0,3411,4255,42112,915,0,True,True,True,True,False,423,2,bare_land_moderate+road_rich+mixed_minority,7.1841065695367945,True,,465524.5904690316,5477588.165275654,468084.5904690316,5480148.165275654,EPSG:32632,data\processed\sar\DE01_Mannheim\DE01_Mannheim_S1_VV_VH.tif,data\processed\masks\DE01_Mannheim\DE01_label_mask.tif,data\processed\masks\DE01_Mannheim\DE01_validity_mask.tif,data\processed\tiles_v22_enrichment\train\DE01_Mannheim\images\DE01_off128_r006_c007_image.tif,data\processed\tiles_v22_enrichment\train\DE01_Mannheim\semantic_masks\DE01_off128_r006_c007_semantic.tif,data\processed\tiles_v22_enrichment\train\DE01_Mannheim\validity_masks\DE01_off128_r006_c007_validity.tif,True,accepted,0,
DE01_off128_r006_c008,DE01_off128_r006_c008,v2.2,v22_offset_enrichment,DE01,Mannheim,train,1664,2176,256,128,256,256,0,0.0,50788,0.77496337890625,14748,0,5354,4267,38902,684,1581,True,True,True,True,True,404,2,bare_land_moderate+road_rich+building_rich+mixed_minority,11.719792866186712,True,,468084.5904690316,5477588.165275654,470644.5904690316,5480148.165275654,EPSG:32632,data\processed\sar\DE01_Mannheim\DE01_Mannheim_S1_VV_VH.tif,data\processed\masks\DE01_Mannheim\DE01_label_mask.tif,data\processed\masks\DE01_Mannheim\DE01_validity_mask.tif,data\processed\tiles_v22_enrichment\train\DE01_Mannheim\images\DE01_off128_r006_c008_image.tif,data\processed\tiles_v22_enrichment\train\DE01_Mannheim\semantic_masks\DE01_off128_r006_c008_semantic.tif,data\processed\tiles_v22_enrichment\train\DE01_Mannheim\validity_masks\DE01_off128_r006_c008_validity.tif,True,accepted,0,
DE01_off128_r007_c006,DE01_off128_r007_c006,v2.2,v22_offset_enrichment,DE01,Mannheim,train,1920,1664,256,128,256,256,0,0.0,37612,0.57391357421875,27924,0,9828,5789,11582,686,9727,True,True,True,True,True,123,2,bare_land_moderate+road_rich+water_rich+building_rich+mixed_minority,22.952516147865456,True,,462964.5904690316,5475028.165275654,465524.5904690316,5477588.165275654,EPSG:32632,data\processed\sar\DE01_Mannheim\DE01_Mannheim_S1_VV_VH.tif,data\processed\masks\DE01_Mannheim\DE01_label_mask.tif,data\processed\masks\DE01_Mannheim\DE01_validity_mask.tif,data\processed\tiles_v22_enrichment\train\DE01_Mannheim\images\DE01_off128_r007_c006_image.tif,data\processed\tiles_v22_enrichment\train\DE01_Mannheim\semantic_masks\DE01_off128_r007_c006_semantic.tif,data\processed\tiles_v22_enrichment\train\DE01_Mannheim\validity_masks\DE01_off128_r007_c006_validity.tif,True,accepted,0,
DE01_off128_r007_c007,DE01_off128_r007_c007,v2.2,v22_offset_enrichment,DE01,Mannheim,train,1920,1920,256,128,256,256,0,0.0,50206,0.766082763671875,15330,0,2978,3188,42973,585,482,True,True,True,True,True,430,2,bare_land_moderate+road_rich+mixed_minority,6.14732832456354,True,,465524.5904690316,5475028.165275654,468084.5904690316,5477588.165275654,EPSG:32632,data\processed\sar\DE01_Mannheim\DE01_Mannheim_S1_VV_VH.tif,data\processed\masks\DE01_Mannheim\DE01_label_mask.tif,data\processed\masks\DE01_Mannheim\DE01_validity_mask.tif,data\processed\tiles_v22_enrichment\train\DE01_Mannheim\images\DE01_off128_r007_c007_image.tif,data\processed\tiles_v22_enrichment\train\DE01_Mannheim\semantic_masks\DE01_off128_r007_c007_semantic.tif,data\processed\tiles_v22_enrichment\train\DE01_Mannheim\validity_masks\DE01_off128_r007_c007_validity.tif,True,accepted,0,
DE01_off128_r008_c010,DE01_off128_r008_c010,v2.2,v22_offset_enrichment,DE01,Mannheim,train,2176,2688,256,128,256,256,0,0.0,38413,0.5861358642578125,27123,0,9611,6704,17446,1376,3276,True,True,True,True,True,141,2,bare_land_moderate+road_rich+water_rich+building_rich+mixed_minority,21.616203810005345,True,,473204.5904690316,5472468.165275654,475764.5904690316,5475028.165275654,EPSG:32632,data\processed\sar\DE01_Mannheim\DE01_Mannheim_S1_VV_VH.tif,data\processed\masks\DE01_Mannheim\DE01_label_mask.tif,data\processed\masks\DE01_Mannheim\DE01_validity_mask.tif,data\processed\tiles_v22_enrichment\train\DE01_Mannheim\images\DE01_off128_r008_c010_image.tif,data\processed\tiles_v22_enrichment\train\DE01_Mannheim\semantic_masks\DE01_off128_r008_c010_semantic.tif,data\processed\tiles_v22_enrichment\train\DE01_Mannheim\validity_masks\DE01_off128_r008_c010_validity.tif,True,accepted,0,
DE01_off128_r009_c002,DE01_off128_r009_c002,v2.2,v22_offset_enrichment,DE01,Mannheim,train,2432,640,256,128,256,256,0,0.0,45357,0.6920928955078125,20179,0,6868,3943,32075,2181,290,True,True,True,True,True,353,2,bare_land_moderate+road_rich+building_rich+mixed_minority,14.28192467450554,True,,452724.5904690316,5469908.165275654,455284.5904690316,5472468.165275654,EPSG:32632,data\processed\sar\DE01_Mannheim\DE01_Mannheim_S1_VV_VH.tif,data\processed\masks\DE01_Mannheim\DE01_label_mask.tif,data\processed\masks\DE01_Mannheim\DE01_validity_mask.tif,data\processed\tiles_v22_enrichment\train\DE01_Mannheim\images\DE01_off128_r009_c002_image.tif,data\processed\tiles_v22_enrichment\train\DE01_Mannheim\semantic_masks\DE01_off128_r009_c002_semantic.tif,data\processed\tiles_v22_enrichment\train\DE01_Mannheim\validity_masks\DE01_off128_r009_c002_validity.tif,True,accepted,0,
DE01_off128_r009_c008,DE01_off128_r009_c008,v2.2,v22_offset_enrichment,DE01,Mannheim,train,2432,2176,256,128,256,256,0,0.0,39925,0.6092071533203125,25611,0,10114,6875,21995,289,652,True,True,True,True,True,478,3,road_rich+building_rich+mixed_minority,16.641392500846926,True,,468084.5904690316,5469908.165275654,470644.5904690316,5472468.165275654,EPSG:32632,data\processed\sar\DE01_Mannheim\DE01_Mannheim_S1_VV_VH.tif,data\processed\masks\DE01_Mannheim\DE01_label_mask.tif,data\processed\masks\DE01_Mannheim\DE01_validity_mask.tif,data\processed\tiles_v22_enrichment\train\DE01_Mannheim\images\DE01_off128_r009_c008_image.tif,data\processed\tiles_v22_enrichment\train\DE01_Mannheim\semantic_masks\DE01_off128_r009_c008_semantic.tif,data\processed\tiles_v22_enrichment\train\DE01_Mannheim\validity_masks\DE01_off128_r009_c008_validity.tif,True,accepted,0,
DE01_off128_r010_c008,DE01_off128_r010_c008,v2.2,v22_offset_enrichment,DE01,Mannheim,train,2688,2176,256,128,256,256,0,0.0,46390,0.707855224609375,19146,0,6988,4817,33761,676,148,True,True,True,True,True,386,2,bare_land_moderate+road_rich+building_rich+mixed_minority,12.49099814334186,True,,468084.5904690316,5467348.165275654,470644.5904690316,5469908.165275654,EPSG:32632,data\processed\sar\DE01_Mannheim\DE01_Mannheim_S1_VV_VH.tif,data\processed\masks\DE01_Mannheim\DE01_label_mask.tif,data\processed\masks\DE01_Mannheim\DE01_validity_mask.tif,data\processed\tiles_v22_enrichment\train\DE01_Mannheim\images\DE01_off128_r010_c008_image.tif,data\processed\tiles_v22_enrichment\train\DE01_Mannheim\semantic_masks\DE01_off128_r010_c008_semantic.tif,data\processed\tiles_v22_enrichment\train\DE01_Mannheim\validity_masks\DE01_off128_r010_c008_validity.tif,True,accepted,0,
DE02_off128_r000_c000,DE02_off128_r000_c000,v2.2,v22_offset_enrichment,DE02,Heidelberg,train,128,128,256,128,256,256,0,0.0,35221,0.5374298095703125,30315,0,14718,8202,11064,1173,64,True,True,True,True,True,225,2,bare_land_moderate+road_rich+building_rich+mixed_minority,18.77443330180506,True,,462510.41702031455,5483001.618231593,465070.41702031455,5485561.618231593,EPSG:32632,data\processed\sar\DE02_Heidelberg\DE02_Heidelberg_S1_VV_VH.tif,data\processed\masks\DE02_Heidelberg\DE02_label_mask.tif,data\processed\masks\DE02_Heidelberg\DE02_validity_mask.tif,data\processed\tiles_v22_enrichment\train\DE02_Heidelberg\images\DE02_off128_r000_c000_image.tif,data\processed\tiles_v22_enrichment\train\DE02_Heidelberg\semantic_masks\DE02_off128_r000_c000_semantic.tif,data\processed\tiles_v22_enrichment\train\DE02_Heidelberg\validity_masks\DE02_off128_r000_c000_validity.tif,True,accepted,0,
DE02_off128_r000_c001,DE02_off128_r000_c001,v2.2,v22_offset_enrichment,DE02,Heidelberg,train,128,384,256,128,256,256,0,0.0,42860,0.65399169921875,22676,0,8722,6817,21904,4081,1336,True,True,True,True,True,19,1,bare_land_rich+road_rich+building_rich+mixed_minority,23.570697252181883,True,,465070.41702031455,5483001.618231593,467630.41702031455,5485561.618231593,EPSG:32632,data\processed\sar\DE02_Heidelberg\DE02_Heidelberg_S1_VV_VH.tif,data\processed\masks\DE02_Heidelberg\DE02_label_mask.tif,data\processed\masks\DE02_Heidelberg\DE02_validity_mask.tif,data\processed\tiles_v22_enrichment\train\DE02_Heidelberg\images\DE02_off128_r000_c001_image.tif,data\processed\tiles_v22_enrichment\train\DE02_Heidelberg\semantic_masks\DE02_off128_r000_c001_semantic.tif,data\processed\tiles_v22_enrichment\train\DE02_Heidelberg\validity_masks\DE02_off128_r000_c001_validity.tif,True,accepted,0,
DE02_off128_r001_c000,DE02_off128_r001_c000,v2.2,v22_offset_enrichment,DE02,Heidelberg,train,384,128,256,128,256,256,0,0.0,38540,0.58807373046875,26996,0,8443,5862,19878,361,3996,True,True,True,True,True,444,3,road_rich+water_rich+building_rich+mixed_minority,19.770870824397136,True,,462510.41702031455,5480441.618231593,465070.41702031455,5483001.618231593,EPSG:32632,data\processed\sar\DE02_Heidelberg\DE02_Heidelberg_S1_VV_VH.tif,data\processed\masks\DE02_Heidelberg\DE02_label_mask.tif,data\processed\masks\DE02_Heidelberg\DE02_validity_mask.tif,data\processed\tiles_v22_enrichment\train\DE02_Heidelberg\images\DE02_off128_r001_c000_image.tif,data\processed\tiles_v22_enrichment\train\DE02_Heidelberg\semantic_masks\DE02_off128_r001_c000_semantic.tif,data\processed\tiles_v22_enrichment\train\DE02_Heidelberg\validity_masks\DE02_off128_r001_c000_validity.tif,True,accepted,0,
DE02_off128_r001_c001,DE02_off128_r001_c001,v2.2,v22_offset_enrichment,DE02,Heidelberg,train,384,384,256,128,256,256,0,0.0,43924,0.67022705078125,21612,0,7475,6180,25999,563,3707,True,True,True,True,True,256,2,bare_land_moderate+road_rich+water_rich+building_rich+mixed_minority,18.066024337002904,True,,465070.41702031455,5480441.618231593,467630.41702031455,5483001.618231593,EPSG:32632,data\processed\sar\DE02_Heidelberg\DE02_Heidelberg_S1_VV_VH.tif,data\processed\masks\DE02_Heidelberg\DE02_label_mask.tif,data\processed\masks\DE02_Heidelberg\DE02_validity_mask.tif,data\processed\tiles_v22_enrichment\train\DE02_Heidelberg\images\DE02_off128_r001_c001_image.tif,data\processed\tiles_v22_enrichment\train\DE02_Heidelberg\semantic_masks\DE02_off128_r001_c001_semantic.tif,data\processed\tiles_v22_enrichment\train\DE02_Heidelberg\validity_masks\DE02_off128_r001_c001_validity.tif,True,accepted,0,
DE02_off128_r001_c002,DE02_off128_r001_c002,v2.2,v22_offset_enrichment,DE02,Heidelberg,train,384,640,256,128,256,256,0,0.0,54859,0.8370819091796875,10677,0,4226,3198,43059,1892,2484,True,True,True,True,True,394,2,bare_land_moderate+road_rich+mixed_minority,12.060545698165996,True,,467630.41702031455,5480441.618231593,470190.41702031455,5483001.618231593,EPSG:32632,data\processed\sar\DE02_Heidelberg\DE02_Heidelberg_S1_VV_VH.tif,data\processed\masks\DE02_Heidelberg\DE02_label_mask.tif,data\processed\masks\DE02_Heidelberg\DE02_validity_mask.tif,data\processed\tiles_v22_enrichment\train\DE02_Heidelberg\images\DE02_off128_r001_c002_image.tif,data\processed\tiles_v22_enrichment\train\DE02_Heidelberg\semantic_masks\DE02_off128_r001_c002_semantic.tif,data\processed\tiles_v22_enrichment\train\DE02_Heidelberg\validity_masks\DE02_off128_r001_c002_validity.tif,True,accepted,0,
DE02_off128_r002_c000,DE02_off128_r002_c000,v2.2,v22_offset_enrichment,DE02,Heidelberg,train,640,128,256,128,256,256,0,0.0,36146,0.551544189453125,29390,0,11940,8734,14879,553,40,True,True,True,True,True,288,2,bare_land_moderate+road_rich+building_rich+mixed_minority,17.319734307308487,True,,462510.41702031455,5477881.618231593,465070.41702031455,5480441.618231593,EPSG:32632,data\processed\sar\DE02_Heidelberg\DE02_Heidelberg_S1_VV_VH.tif,data\processed\masks\DE02_Heidelberg\DE02_label_mask.tif,data\processed\masks\DE02_Heidelberg\DE02_validity_mask.tif,data\processed\tiles_v22_enrichment\train\DE02_Heidelberg\images\DE02_off128_r002_c000_image.tif,data\processed\tiles_v22_enrichment\train\DE02_Heidelberg\semantic_masks\DE02_off128_r002_c000_semantic.tif,data\processed\tiles_v22_enrichment\train\DE02_Heidelberg\validity_masks\DE02_off128_r002_c000_validity.tif,True,accepted,0,
DE02_off128_r002_c001,DE02_off128_r002_c001,v2.2,v22_offset_enrichment,DE02,Heidelberg,train,640,384,256,128,256,256,0,0.0,51205,0.7813262939453125,14331,0,2752,5449,41835,1169,0,True,True,True,True,False,414,2,bare_land_moderate+road_rich+mixed_minority,8.259163539049482,True,,465070.41702031455,5477881.618231593,467630.41702031455,5480441.618231593,EPSG:32632,data\processed\sar\DE02_Heidelberg\DE02_Heidelberg_S1_VV_VH.tif,data\processed\masks\DE02_Heidelberg\DE02_label_mask.tif,data\processed\masks\DE02_Heidelberg\DE02_validity_mask.tif,data\processed\tiles_v22_enrichment\train\DE02_Heidelberg\images\DE02_off128_r002_c001_image.tif,data\processed\tiles_v22_enrichment\train\DE02_Heidelberg\semantic_masks\DE02_off128_r002_c001_semantic.tif,data\processed\tiles_v22_enrichment\train\DE02_Heidelberg\validity_masks\DE02_off128_r002_c001_validity.tif,True,accepted,0,
DE02_off128_r002_c002,DE02_off128_r002_c002,v2.2,v22_offset_enrichment,DE02,Heidelberg,train,640,640,256,128,256,256,0,0.0,50305,0.7675933837890625,15231,0,6038,4220,37319,582,2146,True,True,True,True,True,388,2,bare_land_moderate+road_rich+building_rich+mixed_minority,12.233252860978208,True,,467630.41702031455,5477881.618231593,470190.41702031455,5480441.618231593,EPSG:32632,data\processed\sar\DE02_Heidelberg\DE02_Heidelberg_S1_VV_VH.tif,data\processed\masks\DE02_Heidelberg\DE02_label_mask.tif,data\processed\masks\DE02_Heidelberg\DE02_validity_mask.tif,data\processed\tiles_v22_enrichment\train\DE02_Heidelberg\images\DE02_off128_r002_c002_image.tif,data\processed\tiles_v22_enrichment\train\DE02_Heidelberg\semantic_masks\DE02_off128_r002_c002_semantic.tif,data\processed\tiles_v22_enrichment\train\DE02_Heidelberg\validity_masks\DE02_off128_r002_c002_validity.tif,True,accepted,0,
DE02_off128_r003_c000,DE02_off128_r003_c000,v2.2,v22_offset_enrichment,DE02,Heidelberg,train,896,128,256,128,256,256,0,0.0,41067,0.6266326904296875,24469,0,9296,5567,16837,310,9057,True,True,True,True,True,442,3,road_rich+water_rich+building_rich+mixed_minority,20.75948875490968,True,,462510.41702031455,5475321.618231593,465070.41702031455,5477881.618231593,EPSG:32632,data\processed\sar\DE02_Heidelberg\DE02_Heidelberg_S1_VV_VH.tif,data\processed\masks\DE02_Heidelberg\DE02_label_mask.tif,data\processed\masks\DE02_Heidelberg\DE02_validity_mask.tif,data\processed\tiles_v22_enrichment\train\DE02_Heidelberg\images\DE02_off128_r003_c000_image.tif,data\processed\tiles_v22_enrichment\train\DE02_Heidelberg\semantic_masks\DE02_off128_r003_c000_semantic.tif,data\processed\tiles_v22_enrichment\train\DE02_Heidelberg\validity_masks\DE02_off128_r003_c000_validity.tif,True,accepted,0,
DE02_off128_r003_c001,DE02_off128_r003_c001,v2.2,v22_offset_enrichment,DE02,Heidelberg,train,896,384,256,128,256,256,0,0.0,45079,0.6878509521484375,20457,0,5031,4410,33610,815,1213,True,True,True,True,True,382,2,bare_land_moderate+road_rich+building_rich+mixed_minority,12.754289870491789,True,,465070.41702031455,5475321.618231593,467630.41702031455,5477881.618231593,EPSG:32632,data\processed\sar\DE02_Heidelberg\DE02_Heidelberg_S1_VV_VH.tif,data\processed\masks\DE02_Heidelberg\DE02_label_mask.tif,data\processed\masks\DE02_Heidelberg\DE02_validity_mask.tif,data\processed\tiles_v22_enrichment\train\DE02_Heidelberg\images\DE02_off128_r003_c001_image.tif,data\processed\tiles_v22_enrichment\train\DE02_Heidelberg\semantic_masks\DE02_off128_r003_c001_semantic.tif,data\processed\tiles_v22_enrichment\train\DE02_Heidelberg\validity_masks\DE02_off128_r003_c001_validity.tif,True,accepted,0,
DE02_off128_r003_c005,DE02_off128_r003_c005,v2.2,v22_offset_enrichment,DE02,Heidelberg,train,896,1408,256,128,256,256,0,0.0,50303,0.7675628662109375,15233,0,6143,3549,39870,716,25,True,True,True,True,True,413,2,bare_land_moderate+road_rich+building_rich+mixed_minority,9.991088302069633,True,,475310.41702031455,5475321.618231593,477870.41702031455,5477881.618231593,EPSG:32632,data\processed\sar\DE02_Heidelberg\DE02_Heidelberg_S1_VV_VH.tif,data\processed\masks\DE02_Heidelberg\DE02_label_mask.tif,data\processed\masks\DE02_Heidelberg\DE02_validity_mask.tif,data\processed\tiles_v22_enrichment\train\DE02_Heidelberg\images\DE02_off128_r003_c005_image.tif,data\processed\tiles_v22_enrichment\train\DE02_Heidelberg\semantic_masks\DE02_off128_r003_c005_semantic.tif,data\processed\tiles_v22_enrichment\train\DE02_Heidelberg\validity_masks\DE02_off128_r003_c005_validity.tif,True,accepted,0,
DE02_off128_r004_c001,DE02_off128_r004_c001,v2.2,v22_offset_enrichment,DE02,Heidelberg,train,1152,384,256,128,256,256,0,0.0,42454,0.647796630859375,23082,0,7369,6165,26858,578,1484,True,True,True,True,True,312,2,bare_land_moderate+road_rich+building_rich+mixed_minority,16.451796253980866,True,,465070.41702031455,5472761.618231593,467630.41702031455,5475321.618231593,EPSG:32632,data\processed\sar\DE02_Heidelberg\DE02_Heidelberg_S1_VV_VH.tif,data\processed\masks\DE02_Heidelberg\DE02_label_mask.tif,data\processed\masks\DE02_Heidelberg\DE02_validity_mask.tif,data\processed\tiles_v22_enrichment\train\DE02_Heidelberg\images\DE02_off128_r004_c001_image.tif,data\processed\tiles_v22_enrichment\train\DE02_Heidelberg\semantic_masks\DE02_off128_r004_c001_semantic.tif,data\processed\tiles_v22_enrichment\train\DE02_Heidelberg\validity_masks\DE02_off128_r004_c001_validity.tif,True,accepted,0,
DE02_off128_r004_c004,DE02_off128_r004_c004,v2.2,v22_offset_enrichment,DE02,Heidelberg,train,1152,1152,256,128,256,256,0,0.0,42706,0.651641845703125,22830,0,8378,6251,24907,293,2877,True,True,True,True,True,457,3,road_rich+water_rich+building_rich+mixed_minority,17.620264521673715,True,,472750.41702031455,5472761.618231593,475310.41702031455,5475321.618231593,EPSG:32632,data\processed\sar\DE02_Heidelberg\DE02_Heidelberg_S1_VV_VH.tif,data\processed\masks\DE02_Heidelberg\DE02_label_mask.tif,data\processed\masks\DE02_Heidelberg\DE02_validity_mask.tif,data\processed\tiles_v22_enrichment\train\DE02_Heidelberg\images\DE02_off128_r004_c004_image.tif,data\processed\tiles_v22_enrichment\train\DE02_Heidelberg\semantic_masks\DE02_off128_r004_c004_semantic.tif,data\processed\tiles_v22_enrichment\train\DE02_Heidelberg\validity_masks\DE02_off128_r004_c004_validity.tif,True,accepted,0,
DE02_off128_r004_c005,DE02_off128_r004_c005,v2.2,v22_offset_enrichment,DE02,Heidelberg,train,1152,1408,256,128,256,256,0,0.0,38394,0.585845947265625,27142,0,12831,6290,13475,1376,4422,True,True,True,True,True,114,2,bare_land_moderate+road_rich+water_rich+building_rich+mixed_minority,23.559930439634226,True,,475310.41702031455,5472761.618231593,477870.41702031455,5475321.618231593,EPSG:32632,data\processed\sar\DE02_Heidelberg\DE02_Heidelberg_S1_VV_VH.tif,data\processed\masks\DE02_Heidelberg\DE02_label_mask.tif,data\processed\masks\DE02_Heidelberg\DE02_validity_mask.tif,data\processed\tiles_v22_enrichment\train\DE02_Heidelberg\images\DE02_off128_r004_c005_image.tif,data\processed\tiles_v22_enrichment\train\DE02_Heidelberg\semantic_masks\DE02_off128_r004_c005_semantic.tif,data\processed\tiles_v22_enrichment\train\DE02_Heidelberg\validity_masks\DE02_off128_r004_c005_validity.tif,True,accepted,0,
DE02_off128_r005_c002,DE02_off128_r005_c002,v2.2,v22_offset_enrichment,DE02,Heidelberg,train,1408,640,256,128,256,256,0,0.0,40925,0.6244659423828125,24611,0,9163,6528,24406,411,417,True,True,True,True,True,323,2,bare_land_moderate+road_rich+building_rich+mixed_minority,16.193922264924044,True,,467630.41702031455,5470201.618231593,470190.41702031455,5472761.618231593,EPSG:32632,data\processed\sar\DE02_Heidelberg\DE02_Heidelberg_S1_VV_VH.tif,data\processed\masks\DE02_Heidelberg\DE02_label_mask.tif,data\processed\masks\DE02_Heidelberg\DE02_validity_mask.tif,data\processed\tiles_v22_enrichment\train\DE02_Heidelberg\images\DE02_off128_r005_c002_image.tif,data\processed\tiles_v22_enrichment\train\DE02_Heidelberg\semantic_masks\DE02_off128_r005_c002_semantic.tif,data\processed\tiles_v22_enrichment\train\DE02_Heidelberg\validity_masks\DE02_off128_r005_c002_validity.tif,True,accepted,0,
DE02_off128_r005_c004,DE02_off128_r005_c004,v2.2,v22_offset_enrichment,DE02,Heidelberg,train,1408,1152,256,128,256,256,0,0.0,43193,0.6590728759765625,22343,0,9110,6211,27419,444,9,True,True,True,True,True,340,2,bare_land_moderate+road_rich+building_rich+mixed_minority,15.281257026186086,True,,472750.41702031455,5470201.618231593,475310.41702031455,5472761.618231593,EPSG:32632,data\processed\sar\DE02_Heidelberg\DE02_Heidelberg_S1_VV_VH.tif,data\processed\masks\DE02_Heidelberg\DE02_label_mask.tif,data\processed\masks\DE02_Heidelberg\DE02_validity_mask.tif,data\processed\tiles_v22_enrichment\train\DE02_Heidelberg\images\DE02_off128_r005_c004_image.tif,data\processed\tiles_v22_enrichment\train\DE02_Heidelberg\semantic_masks\DE02_off128_r005_c004_semantic.tif,data\processed\tiles_v22_enrichment\train\DE02_Heidelberg\validity_masks\DE02_off128_r005_c004_validity.tif,True,accepted,0,
DE02_off128_r005_c005,DE02_off128_r005_c005,v2.2,v22_offset_enrichment,DE02,Heidelberg,train,1408,1408,256,128,256,256,0,0.0,35669,0.5442657470703125,29867,0,10811,7426,14398,2874,160,True,True,True,True,True,29,1,bare_land_rich+road_rich+building_rich+mixed_minority,22.669626704764667,True,,475310.41702031455,5470201.618231593,477870.41702031455,5472761.618231593,EPSG:32632,data\processed\sar\DE02_Heidelberg\DE02_Heidelberg_S1_VV_VH.tif,data\processed\masks\DE02_Heidelberg\DE02_label_mask.tif,data\processed\masks\DE02_Heidelberg\DE02_validity_mask.tif,data\processed\tiles_v22_enrichment\train\DE02_Heidelberg\images\DE02_off128_r005_c005_image.tif,data\processed\tiles_v22_enrichment\train\DE02_Heidelberg\semantic_masks\DE02_off128_r005_c005_semantic.tif,data\processed\tiles_v22_enrichment\train\DE02_Heidelberg\validity_masks\DE02_off128_r005_c005_validity.tif,True,accepted,0,
DE02_off128_r006_c002,DE02_off128_r006_c002,v2.2,v22_offset_enrichment,DE02,Heidelberg,train,1664,640,256,128,256,256,0,0.0,46589,0.7108917236328125,18947,0,7285,4861,33191,802,450,True,True,True,True,True,379,2,bare_land_moderate+road_rich+building_rich+mixed_minority,13.080184904426565,True,,467630.41702031455,5467641.618231593,470190.41702031455,5470201.618231593,EPSG:32632,data\processed\sar\DE02_Heidelberg\DE02_Heidelberg_S1_VV_VH.tif,data\processed\masks\DE02_Heidelberg\DE02_label_mask.tif,data\processed\masks\DE02_Heidelberg\DE02_validity_mask.tif,data\processed\tiles_v22_enrichment\train\DE02_Heidelberg\images\DE02_off128_r006_c002_image.tif,data\processed\tiles_v22_enrichment\train\DE02_Heidelberg\semantic_masks\DE02_off128_r006_c002_semantic.tif,data\processed\tiles_v22_enrichment\train\DE02_Heidelberg\validity_masks\DE02_off128_r006_c002_validity.tif,True,accepted,0,
DE02_off128_r006_c005,DE02_off128_r006_c005,v2.2,v22_offset_enrichment,DE02,Heidelberg,train,1664,1408,256,128,256,256,0,0.0,41551,0.6340179443359375,23985,0,10797,6302,23701,733,18,True,True,True,True,True,301,2,bare_land_moderate+road_rich+building_rich+mixed_minority,16.96036388065516,True,,475310.41702031455,5467641.618231593,477870.41702031455,5470201.618231593,EPSG:32632,data\processed\sar\DE02_Heidelberg\DE02_Heidelberg_S1_VV_VH.tif,data\processed\masks\DE02_Heidelberg\DE02_label_mask.tif,data\processed\masks\DE02_Heidelberg\DE02_validity_mask.tif,data\processed\tiles_v22_enrichment\train\DE02_Heidelberg\images\DE02_off128_r006_c005_image.tif,data\processed\tiles_v22_enrichment\train\DE02_Heidelberg\semantic_masks\DE02_off128_r006_c005_semantic.tif,data\processed\tiles_v22_enrichment\train\DE02_Heidelberg\validity_masks\DE02_off128_r006_c005_validity.tif,True,accepted,0,
DE02_off128_r007_c005,DE02_off128_r007_c005,v2.2,v22_offset_enrichment,DE02,Heidelberg,train,1920,1408,256,128,256,256,0,0.0,40331,0.6154022216796875,25205,0,9171,6032,24427,120,581,True,True,True,True,True,497,3,road_rich+building_rich+mixed_minority,15.814306290510114,True,,475310.41702031455,5465081.618231593,477870.41702031455,5467641.618231593,EPSG:32632,data\processed\sar\DE02_Heidelberg\DE02_Heidelberg_S1_VV_VH.tif,data\processed\masks\DE02_Heidelberg\DE02_label_mask.tif,data\processed\masks\DE02_Heidelberg\DE02_validity_mask.tif,data\processed\tiles_v22_enrichment\train\DE02_Heidelberg\images\DE02_off128_r007_c005_image.tif,data\processed\tiles_v22_enrichment\train\DE02_Heidelberg\semantic_masks\DE02_off128_r007_c005_semantic.tif,data\processed\tiles_v22_enrichment\train\DE02_Heidelberg\validity_masks\DE02_off128_r007_c005_validity.tif,True,accepted,0,
DE02_off128_r009_c005,DE02_off128_r009_c005,v2.2,v22_offset_enrichment,DE02,Heidelberg,train,2432,1408,256,128,256,256,0,0.0,54558,0.832489013671875,10978,0,3788,2814,46054,1496,406,True,True,True,True,True,427,2,bare_land_moderate+road_rich+mixed_minority,6.621951958017836,True,,475310.41702031455,5459961.618231593,477870.41702031455,5462521.618231593,EPSG:32632,data\processed\sar\DE02_Heidelberg\DE02_Heidelberg_S1_VV_VH.tif,data\processed\masks\DE02_Heidelberg\DE02_label_mask.tif,data\processed\masks\DE02_Heidelberg\DE02_validity_mask.tif,data\processed\tiles_v22_enrichment\train\DE02_Heidelberg\images\DE02_off128_r009_c005_image.tif,data\processed\tiles_v22_enrichment\train\DE02_Heidelberg\semantic_masks\DE02_off128_r009_c005_semantic.tif,data\processed\tiles_v22_enrichment\train\DE02_Heidelberg\validity_masks\DE02_off128_r009_c005_validity.tif,True,accepted,0,
DE02_off128_r009_c006,DE02_off128_r009_c006,v2.2,v22_offset_enrichment,DE02,Heidelberg,train,2432,1664,256,128,256,256,0,0.0,51800,0.7904052734375,13736,0,3832,2986,39815,5040,127,True,True,True,True,True,75,1,bare_land_rich+road_rich+mixed_minority,15.240598323630548,True,,477870.41702031455,5459961.618231593,480430.41702031455,5462521.618231593,EPSG:32632,data\processed\sar\DE02_Heidelberg\DE02_Heidelberg_S1_VV_VH.tif,data\processed\masks\DE02_Heidelberg\DE02_label_mask.tif,data\processed\masks\DE02_Heidelberg\DE02_validity_mask.tif,data\processed\tiles_v22_enrichment\train\DE02_Heidelberg\images\DE02_off128_r009_c006_image.tif,data\processed\tiles_v22_enrichment\train\DE02_Heidelberg\semantic_masks\DE02_off128_r009_c006_semantic.tif,data\processed\tiles_v22_enrichment\train\DE02_Heidelberg\validity_masks\DE02_off128_r009_c006_validity.tif,True,accepted,0,
DE03_off128_r000_c010,DE03_off128_r000_c010,v2.2,v22_offset_enrichment,DE03,Karlsruhe,train,128,2688,256,128,256,256,0,0.0,35008,0.5341796875,30528,0,11420,6332,16319,805,132,True,True,True,True,True,260,2,bare_land_moderate+road_rich+building_rich+mixed_minority,18.02458188128428,True,,468271.24642737134,5439554.106587356,470831.24642737134,5442114.106587356,EPSG:32632,data\processed\sar\DE03_Karlsruhe\DE03_Karlsruhe_S1_VV_VH.tif,data\processed\masks\DE03_Karlsruhe\DE03_label_mask.tif,data\processed\masks\DE03_Karlsruhe\DE03_validity_mask.tif,data\processed\tiles_v22_enrichment\train\DE03_Karlsruhe\images\DE03_off128_r000_c010_image.tif,data\processed\tiles_v22_enrichment\train\DE03_Karlsruhe\semantic_masks\DE03_off128_r000_c010_semantic.tif,data\processed\tiles_v22_enrichment\train\DE03_Karlsruhe\validity_masks\DE03_off128_r000_c010_validity.tif,True,accepted,0,
DE03_off128_r002_c002,DE03_off128_r002_c002,v2.2,v22_offset_enrichment,DE03,Karlsruhe,train,640,640,256,128,256,256,0,0.0,50559,0.7714691162109375,14977,0,3327,2234,30730,2055,12213,True,True,True,True,True,332,2,bare_land_moderate+water_rich+mixed_minority,15.66134035575286,True,,447791.24642737134,5434434.106587356,450351.24642737134,5436994.106587356,EPSG:32632,data\processed\sar\DE03_Karlsruhe\DE03_Karlsruhe_S1_VV_VH.tif,data\processed\masks\DE03_Karlsruhe\DE03_label_mask.tif,data\processed\masks\DE03_Karlsruhe\DE03_validity_mask.tif,data\processed\tiles_v22_enrichment\train\DE03_Karlsruhe\images\DE03_off128_r002_c002_image.tif,data\processed\tiles_v22_enrichment\train\DE03_Karlsruhe\semantic_masks\DE03_off128_r002_c002_semantic.tif,data\processed\tiles_v22_enrichment\train\DE03_Karlsruhe\validity_masks\DE03_off128_r002_c002_validity.tif,True,accepted,0,
DE03_off128_r002_c004,DE03_off128_r002_c004,v2.2,v22_offset_enrichment,DE03,Karlsruhe,train,640,1152,256,128,256,256,0,0.0,54859,0.8370819091796875,10677,0,2868,1989,44091,607,5304,True,True,True,True,True,418,2,bare_land_moderate+water_rich+mixed_minority,7.384451658232595,True,,452911.24642737134,5434434.106587356,455471.24642737134,5436994.106587356,EPSG:32632,data\processed\sar\DE03_Karlsruhe\DE03_Karlsruhe_S1_VV_VH.tif,data\processed\masks\DE03_Karlsruhe\DE03_label_mask.tif,data\processed\masks\DE03_Karlsruhe\DE03_validity_mask.tif,data\processed\tiles_v22_enrichment\train\DE03_Karlsruhe\images\DE03_off128_r002_c004_image.tif,data\processed\tiles_v22_enrichment\train\DE03_Karlsruhe\semantic_masks\DE03_off128_r002_c004_semantic.tif,data\processed\tiles_v22_enrichment\train\DE03_Karlsruhe\validity_masks\DE03_off128_r002_c004_validity.tif,True,accepted,0,
DE03_off128_r003_c001,DE03_off128_r003_c001,v2.2,v22_offset_enrichment,DE03,Karlsruhe,train,896,384,256,128,256,256,0,0.0,48247,0.7361907958984375,17289,0,6052,5133,30216,115,6731,True,True,True,True,True,475,3,road_rich+water_rich+building_rich+mixed_minority,16.772296667766117,True,,445231.24642737134,5431874.106587356,447791.24642737134,5434434.106587356,EPSG:32632,data\processed\sar\DE03_Karlsruhe\DE03_Karlsruhe_S1_VV_VH.tif,data\processed\masks\DE03_Karlsruhe\DE03_label_mask.tif,data\processed\masks\DE03_Karlsruhe\DE03_validity_mask.tif,data\processed\tiles_v22_enrichment\train\DE03_Karlsruhe\images\DE03_off128_r003_c001_image.tif,data\processed\tiles_v22_enrichment\train\DE03_Karlsruhe\semantic_masks\DE03_off128_r003_c001_semantic.tif,data\processed\tiles_v22_enrichment\train\DE03_Karlsruhe\validity_masks\DE03_off128_r003_c001_validity.tif,True,accepted,0,
DE03_off128_r003_c003,DE03_off128_r003_c003,v2.2,v22_offset_enrichment,DE03,Karlsruhe,train,896,896,256,128,256,256,0,0.0,42547,0.6492156982421875,22989,0,3729,4079,29764,887,4088,True,True,True,True,True,342,2,bare_land_moderate+road_rich+water_rich+mixed_minority,15.22718829325476,True,,450351.24642737134,5431874.106587356,452911.24642737134,5434434.106587356,EPSG:32632,data\processed\sar\DE03_Karlsruhe\DE03_Karlsruhe_S1_VV_VH.tif,data\processed\masks\DE03_Karlsruhe\DE03_label_mask.tif,data\processed\masks\DE03_Karlsruhe\DE03_validity_mask.tif,data\processed\tiles_v22_enrichment\train\DE03_Karlsruhe\images\DE03_off128_r003_c003_image.tif,data\processed\tiles_v22_enrichment\train\DE03_Karlsruhe\semantic_masks\DE03_off128_r003_c003_semantic.tif,data\processed\tiles_v22_enrichment\train\DE03_Karlsruhe\validity_masks\DE03_off128_r003_c003_validity.tif,True,accepted,0,
DE03_off128_r003_c008,DE03_off128_r003_c008,v2.2,v22_offset_enrichment,DE03,Karlsruhe,train,896,2176,256,128,256,256,0,0.0,53379,0.8144989013671875,12157,0,4318,2795,44928,752,586,True,True,True,True,True,432,2,bare_land_moderate+road_rich+mixed_minority,6.115018936271856,True,,463151.24642737134,5431874.106587356,465711.24642737134,5434434.106587356,EPSG:32632,data\processed\sar\DE03_Karlsruhe\DE03_Karlsruhe_S1_VV_VH.tif,data\processed\masks\DE03_Karlsruhe\DE03_label_mask.tif,data\processed\masks\DE03_Karlsruhe\DE03_validity_mask.tif,data\processed\tiles_v22_enrichment\train\DE03_Karlsruhe\images\DE03_off128_r003_c008_image.tif,data\processed\tiles_v22_enrichment\train\DE03_Karlsruhe\semantic_masks\DE03_off128_r003_c008_semantic.tif,data\processed\tiles_v22_enrichment\train\DE03_Karlsruhe\validity_masks\DE03_off128_r003_c008_validity.tif,True,accepted,0,
DE03_off128_r004_c003,DE03_off128_r004_c003,v2.2,v22_offset_enrichment,DE03,Karlsruhe,train,1152,896,256,128,256,256,0,0.0,44085,0.6726837158203125,21451,0,8479,6100,24024,2172,3310,True,True,True,True,True,153,2,bare_land_moderate+road_rich+water_rich+building_rich+mixed_minority,20.804587991651093,True,,450351.24642737134,5429314.106587356,452911.24642737134,5431874.106587356,EPSG:32632,data\processed\sar\DE03_Karlsruhe\DE03_Karlsruhe_S1_VV_VH.tif,data\processed\masks\DE03_Karlsruhe\DE03_label_mask.tif,data\processed\masks\DE03_Karlsruhe\DE03_validity_mask.tif,data\processed\tiles_v22_enrichment\train\DE03_Karlsruhe\images\DE03_off128_r004_c003_image.tif,data\processed\tiles_v22_enrichment\train\DE03_Karlsruhe\semantic_masks\DE03_off128_r004_c003_semantic.tif,data\processed\tiles_v22_enrichment\train\DE03_Karlsruhe\validity_masks\DE03_off128_r004_c003_validity.tif,True,accepted,0,
DE03_off128_r004_c004,DE03_off128_r004_c004,v2.2,v22_offset_enrichment,DE03,Karlsruhe,train,1152,1152,256,128,256,256,0,0.0,34861,0.5319366455078125,30675,0,9612,6366,17795,1000,88,True,True,True,True,True,258,2,bare_land_moderate+road_rich+building_rich+mixed_minority,18.06359092966489,True,,452911.24642737134,5429314.106587356,455471.24642737134,5431874.106587356,EPSG:32632,data\processed\sar\DE03_Karlsruhe\DE03_Karlsruhe_S1_VV_VH.tif,data\processed\masks\DE03_Karlsruhe\DE03_label_mask.tif,data\processed\masks\DE03_Karlsruhe\DE03_validity_mask.tif,data\processed\tiles_v22_enrichment\train\DE03_Karlsruhe\images\DE03_off128_r004_c004_image.tif,data\processed\tiles_v22_enrichment\train\DE03_Karlsruhe\semantic_masks\DE03_off128_r004_c004_semantic.tif,data\processed\tiles_v22_enrichment\train\DE03_Karlsruhe\validity_masks\DE03_off128_r004_c004_validity.tif,True,accepted,0,
DE03_off128_r005_c003,DE03_off128_r005_c003,v2.2,v22_offset_enrichment,DE03,Karlsruhe,train,1408,896,256,128,256,256,0,0.0,38900,0.59356689453125,26636,0,11846,7617,16270,330,2837,True,True,True,True,True,445,3,road_rich+water_rich+building_rich+mixed_minority,19.689453783991404,True,,450351.24642737134,5426754.106587356,452911.24642737134,5429314.106587356,EPSG:32632,data\processed\sar\DE03_Karlsruhe\DE03_Karlsruhe_S1_VV_VH.tif,data\processed\masks\DE03_Karlsruhe\DE03_label_mask.tif,data\processed\masks\DE03_Karlsruhe\DE03_validity_mask.tif,data\processed\tiles_v22_enrichment\train\DE03_Karlsruhe\images\DE03_off128_r005_c003_image.tif,data\processed\tiles_v22_enrichment\train\DE03_Karlsruhe\semantic_masks\DE03_off128_r005_c003_semantic.tif,data\processed\tiles_v22_enrichment\train\DE03_Karlsruhe\validity_masks\DE03_off128_r005_c003_validity.tif,True,accepted,0,
DE03_off128_r005_c004,DE03_off128_r005_c004,v2.2,v22_offset_enrichment,DE03,Karlsruhe,train,1408,1152,256,128,256,256,0,0.0,37074,0.565704345703125,28462,0,16022,9101,11071,336,544,True,True,True,True,True,460,3,road_rich+building_rich+mixed_minority,17.377674998991143,True,,452911.24642737134,5426754.106587356,455471.24642737134,5429314.106587356,EPSG:32632,data\processed\sar\DE03_Karlsruhe\DE03_Karlsruhe_S1_VV_VH.tif,data\processed\masks\DE03_Karlsruhe\DE03_label_mask.tif,data\processed\masks\DE03_Karlsruhe\DE03_validity_mask.tif,data\processed\tiles_v22_enrichment\train\DE03_Karlsruhe\images\DE03_off128_r005_c004_image.tif,data\processed\tiles_v22_enrichment\train\DE03_Karlsruhe\semantic_masks\DE03_off128_r005_c004_semantic.tif,data\processed\tiles_v22_enrichment\train\DE03_Karlsruhe\validity_masks\DE03_off128_r005_c004_validity.tif,True,accepted,0,
DE03_off128_r005_c005,DE03_off128_r005_c005,v2.2,v22_offset_enrichment,DE03,Karlsruhe,train,1408,1408,256,128,256,256,0,0.0,42773,0.6526641845703125,22763,0,17227,8096,14377,2720,353,True,True,True,True,True,37,1,bare_land_rich+road_rich+building_rich+mixed_minority,21.57010041770804,True,,455471.24642737134,5426754.106587356,458031.24642737134,5429314.106587356,EPSG:32632,data\processed\sar\DE03_Karlsruhe\DE03_Karlsruhe_S1_VV_VH.tif,data\processed\masks\DE03_Karlsruhe\DE03_label_mask.tif,data\processed\masks\DE03_Karlsruhe\DE03_validity_mask.tif,data\processed\tiles_v22_enrichment\train\DE03_Karlsruhe\images\DE03_off128_r005_c005_image.tif,data\processed\tiles_v22_enrichment\train\DE03_Karlsruhe\semantic_masks\DE03_off128_r005_c005_semantic.tif,data\processed\tiles_v22_enrichment\train\DE03_Karlsruhe\validity_masks\DE03_off128_r005_c005_validity.tif,True,accepted,0,
DE03_off128_r005_c006,DE03_off128_r005_c006,v2.2,v22_offset_enrichment,DE03,Karlsruhe,train,1408,1664,256,128,256,256,0,0.0,43051,0.6569061279296875,22485,0,10447,8135,23909,452,108,True,True,True,True,True,322,2,bare_land_moderate+road_rich+building_rich+mixed_minority,16.2371713947063,True,,458031.24642737134,5426754.106587356,460591.24642737134,5429314.106587356,EPSG:32632,data\processed\sar\DE03_Karlsruhe\DE03_Karlsruhe_S1_VV_VH.tif,data\processed\masks\DE03_Karlsruhe\DE03_label_mask.tif,data\processed\masks\DE03_Karlsruhe\DE03_validity_mask.tif,data\processed\tiles_v22_enrichment\train\DE03_Karlsruhe\images\DE03_off128_r005_c006_image.tif,data\processed\tiles_v22_enrichment\train\DE03_Karlsruhe\semantic_masks\DE03_off128_r005_c006_semantic.tif,data\processed\tiles_v22_enrichment\train\DE03_Karlsruhe\validity_masks\DE03_off128_r005_c006_validity.tif,True,accepted,0,
DE03_off128_r008_c001,DE03_off128_r008_c001,v2.2,v22_offset_enrichment,DE03,Karlsruhe,train,2176,384,256,128,256,256,0,0.0,42472,0.6480712890625,23064,0,6163,5174,27890,633,2612,True,True,True,True,True,330,2,bare_land_moderate+road_rich+water_rich+building_rich+mixed_minority,15.78625644634259,True,,445231.24642737134,5419074.106587356,447791.24642737134,5421634.106587356,EPSG:32632,data\processed\sar\DE03_Karlsruhe\DE03_Karlsruhe_S1_VV_VH.tif,data\processed\masks\DE03_Karlsruhe\DE03_label_mask.tif,data\processed\masks\DE03_Karlsruhe\DE03_validity_mask.tif,data\processed\tiles_v22_enrichment\train\DE03_Karlsruhe\images\DE03_off128_r008_c001_image.tif,data\processed\tiles_v22_enrichment\train\DE03_Karlsruhe\semantic_masks\DE03_off128_r008_c001_semantic.tif,data\processed\tiles_v22_enrichment\train\DE03_Karlsruhe\validity_masks\DE03_off128_r008_c001_validity.tif,True,accepted,0,
DE03_off128_r009_c008,DE03_off128_r009_c008,v2.2,v22_offset_enrichment,DE03,Karlsruhe,train,2432,2176,256,128,256,256,0,0.0,51117,0.7799835205078125,14419,0,4461,2990,43063,551,52,True,True,True,True,True,434,2,bare_land_moderate+road_rich+mixed_minority,5.951162868174159,True,,463151.24642737134,5416514.106587356,465711.24642737134,5419074.106587356,EPSG:32632,data\processed\sar\DE03_Karlsruhe\DE03_Karlsruhe_S1_VV_VH.tif,data\processed\masks\DE03_Karlsruhe\DE03_label_mask.tif,data\processed\masks\DE03_Karlsruhe\DE03_validity_mask.tif,data\processed\tiles_v22_enrichment\train\DE03_Karlsruhe\images\DE03_off128_r009_c008_image.tif,data\processed\tiles_v22_enrichment\train\DE03_Karlsruhe\semantic_masks\DE03_off128_r009_c008_semantic.tif,data\processed\tiles_v22_enrichment\train\DE03_Karlsruhe\validity_masks\DE03_off128_r009_c008_validity.tif,True,accepted,0,
DE03_off128_r010_c000,DE03_off128_r010_c000,v2.2,v22_offset_enrichment,DE03,Karlsruhe,train,2688,128,256,128,256,256,0,0.0,52147,0.7957000732421875,13389,0,3364,2689,44588,1456,50,True,True,True,True,True,428,2,bare_land_moderate+road_rich+mixed_minority,6.390533687528568,True,,442671.24642737134,5413954.106587356,445231.24642737134,5416514.106587356,EPSG:32632,data\processed\sar\DE03_Karlsruhe\DE03_Karlsruhe_S1_VV_VH.tif,data\processed\masks\DE03_Karlsruhe\DE03_label_mask.tif,data\processed\masks\DE03_Karlsruhe\DE03_validity_mask.tif,data\processed\tiles_v22_enrichment\train\DE03_Karlsruhe\images\DE03_off128_r010_c000_image.tif,data\processed\tiles_v22_enrichment\train\DE03_Karlsruhe\semantic_masks\DE03_off128_r010_c000_semantic.tif,data\processed\tiles_v22_enrichment\train\DE03_Karlsruhe\validity_masks\DE03_off128_r010_c000_validity.tif,True,accepted,0,
DE03_off128_r010_c001,DE03_off128_r010_c001,v2.2,v22_offset_enrichment,DE03,Karlsruhe,train,2688,384,256,128,256,256,0,0.0,52392,0.7994384765625,13144,0,5571,2542,37405,2891,3983,True,True,True,True,True,77,1,bare_land_rich+water_rich+building_rich+mixed_minority,14.760902058788792,True,,445231.24642737134,5413954.106587356,447791.24642737134,5416514.106587356,EPSG:32632,data\processed\sar\DE03_Karlsruhe\DE03_Karlsruhe_S1_VV_VH.tif,data\processed\masks\DE03_Karlsruhe\DE03_label_mask.tif,data\processed\masks\DE03_Karlsruhe\DE03_validity_mask.tif,data\processed\tiles_v22_enrichment\train\DE03_Karlsruhe\images\DE03_off128_r010_c001_image.tif,data\processed\tiles_v22_enrichment\train\DE03_Karlsruhe\semantic_masks\DE03_off128_r010_c001_semantic.tif,data\processed\tiles_v22_enrichment\train\DE03_Karlsruhe\validity_masks\DE03_off128_r010_c001_validity.tif,True,accepted,0,
DE04_off128_r000_c001,DE04_off128_r000_c001,v2.2,v22_offset_enrichment,DE04,Stuttgart,train,128,384,256,128,256,256,0,0.0,62902,0.959808349609375,2634,0,366,1317,55527,5682,10,True,True,True,True,True,92,1,bare_land_rich,6.675315655543388,True,,502277.70616791205,5413709.149969402,504837.70616791205,5416269.149969402,EPSG:32632,data\processed\sar\DE04_Stuttgart\DE04_Stuttgart_S1_VV_VH.tif,data\processed\masks\DE04_Stuttgart\DE04_label_mask.tif,data\processed\masks\DE04_Stuttgart\DE04_validity_mask.tif,data\processed\tiles_v22_enrichment\train\DE04_Stuttgart\images\DE04_off128_r000_c001_image.tif,data\processed\tiles_v22_enrichment\train\DE04_Stuttgart\semantic_masks\DE04_off128_r000_c001_semantic.tif,data\processed\tiles_v22_enrichment\train\DE04_Stuttgart\validity_masks\DE04_off128_r000_c001_validity.tif,True,accepted,0,
DE04_off128_r000_c002,DE04_off128_r000_c002,v2.2,v22_offset_enrichment,DE04,Stuttgart,train,128,640,256,128,256,256,0,0.0,49758,0.759246826171875,15778,0,5355,3733,38869,1735,66,True,True,True,True,True,405,2,bare_land_moderate+road_rich+building_rich+mixed_minority,11.717504794739742,True,,504837.70616791205,5413709.149969402,507397.70616791205,5416269.149969402,EPSG:32632,data\processed\sar\DE04_Stuttgart\DE04_Stuttgart_S1_VV_VH.tif,data\processed\masks\DE04_Stuttgart\DE04_label_mask.tif,data\processed\masks\DE04_Stuttgart\DE04_validity_mask.tif,data\processed\tiles_v22_enrichment\train\DE04_Stuttgart\images\DE04_off128_r000_c002_image.tif,data\processed\tiles_v22_enrichment\train\DE04_Stuttgart\semantic_masks\DE04_off128_r000_c002_semantic.tif,data\processed\tiles_v22_enrichment\train\DE04_Stuttgart\validity_masks\DE04_off128_r000_c002_validity.tif,True,accepted,0,
DE04_off128_r000_c004,DE04_off128_r000_c004,v2.2,v22_offset_enrichment,DE04,Stuttgart,train,128,1152,256,128,256,256,0,0.0,46860,0.71502685546875,18676,0,7813,5367,32866,789,25,True,True,True,True,True,371,2,bare_land_moderate+road_rich+building_rich+mixed_minority,13.456277388972804,True,,509957.70616791205,5413709.149969402,512517.70616791205,5416269.149969402,EPSG:32632,data\processed\sar\DE04_Stuttgart\DE04_Stuttgart_S1_VV_VH.tif,data\processed\masks\DE04_Stuttgart\DE04_label_mask.tif,data\processed\masks\DE04_Stuttgart\DE04_validity_mask.tif,data\processed\tiles_v22_enrichment\train\DE04_Stuttgart\images\DE04_off128_r000_c004_image.tif,data\processed\tiles_v22_enrichment\train\DE04_Stuttgart\semantic_masks\DE04_off128_r000_c004_semantic.tif,data\processed\tiles_v22_enrichment\train\DE04_Stuttgart\validity_masks\DE04_off128_r000_c004_validity.tif,True,accepted,0,
DE04_off128_r000_c005,DE04_off128_r000_c005,v2.2,v22_offset_enrichment,DE04,Stuttgart,train,128,1408,256,128,256,256,0,0.0,37697,0.5752105712890625,27839,0,12891,6753,17683,318,52,True,True,True,True,True,474,3,road_rich+building_rich+mixed_minority,16.805242138787804,True,,512517.70616791205,5413709.149969402,515077.70616791205,5416269.149969402,EPSG:32632,data\processed\sar\DE04_Stuttgart\DE04_Stuttgart_S1_VV_VH.tif,data\processed\masks\DE04_Stuttgart\DE04_label_mask.tif,data\processed\masks\DE04_Stuttgart\DE04_validity_mask.tif,data\processed\tiles_v22_enrichment\train\DE04_Stuttgart\images\DE04_off128_r000_c005_image.tif,data\processed\tiles_v22_enrichment\train\DE04_Stuttgart\semantic_masks\DE04_off128_r000_c005_semantic.tif,data\processed\tiles_v22_enrichment\train\DE04_Stuttgart\validity_masks\DE04_off128_r000_c005_validity.tif,True,accepted,0,
DE04_off128_r001_c005,DE04_off128_r001_c005,v2.2,v22_offset_enrichment,DE04,Stuttgart,train,384,1408,256,128,256,256,0,0.0,35345,0.5393218994140625,30191,0,9403,6105,19534,222,81,True,True,True,True,True,489,3,road_rich+building_rich+mixed_minority,16.12398734007045,True,,512517.70616791205,5411149.149969402,515077.70616791205,5413709.149969402,EPSG:32632,data\processed\sar\DE04_Stuttgart\DE04_Stuttgart_S1_VV_VH.tif,data\processed\masks\DE04_Stuttgart\DE04_label_mask.tif,data\processed\masks\DE04_Stuttgart\DE04_validity_mask.tif,data\processed\tiles_v22_enrichment\train\DE04_Stuttgart\images\DE04_off128_r001_c005_image.tif,data\processed\tiles_v22_enrichment\train\DE04_Stuttgart\semantic_masks\DE04_off128_r001_c005_semantic.tif,data\processed\tiles_v22_enrichment\train\DE04_Stuttgart\validity_masks\DE04_off128_r001_c005_validity.tif,True,accepted,0,
DE04_off128_r002_c000,DE04_off128_r002_c000,v2.2,v22_offset_enrichment,DE04,Stuttgart,train,640,128,256,128,256,256,0,0.0,60418,0.921905517578125,5118,0,1592,1169,53403,4252,2,True,True,True,True,True,95,1,bare_land_rich,5.676649033280224,True,,499717.70616791205,5408589.149969402,502277.70616791205,5411149.149969402,EPSG:32632,data\processed\sar\DE04_Stuttgart\DE04_Stuttgart_S1_VV_VH.tif,data\processed\masks\DE04_Stuttgart\DE04_label_mask.tif,data\processed\masks\DE04_Stuttgart\DE04_validity_mask.tif,data\processed\tiles_v22_enrichment\train\DE04_Stuttgart\images\DE04_off128_r002_c000_image.tif,data\processed\tiles_v22_enrichment\train\DE04_Stuttgart\semantic_masks\DE04_off128_r002_c000_semantic.tif,data\processed\tiles_v22_enrichment\train\DE04_Stuttgart\validity_masks\DE04_off128_r002_c000_validity.tif,True,accepted,0,
DE04_off128_r002_c004,DE04_off128_r002_c004,v2.2,v22_offset_enrichment,DE04,Stuttgart,train,640,1152,256,128,256,256,0,0.0,41859,0.6387176513671875,23677,0,10677,6845,24011,321,5,True,True,True,True,True,490,3,road_rich+building_rich+mixed_minority,16.083042647186485,True,,509957.70616791205,5408589.149969402,512517.70616791205,5411149.149969402,EPSG:32632,data\processed\sar\DE04_Stuttgart\DE04_Stuttgart_S1_VV_VH.tif,data\processed\masks\DE04_Stuttgart\DE04_label_mask.tif,data\processed\masks\DE04_Stuttgart\DE04_validity_mask.tif,data\processed\tiles_v22_enrichment\train\DE04_Stuttgart\images\DE04_off128_r002_c004_image.tif,data\processed\tiles_v22_enrichment\train\DE04_Stuttgart\semantic_masks\DE04_off128_r002_c004_semantic.tif,data\processed\tiles_v22_enrichment\train\DE04_Stuttgart\validity_masks\DE04_off128_r002_c004_validity.tif,True,accepted,0,
DE04_off128_r002_c005,DE04_off128_r002_c005,v2.2,v22_offset_enrichment,DE04,Stuttgart,train,640,1408,256,128,256,256,0,0.0,43418,0.662506103515625,22118,0,6384,4527,31974,487,46,True,True,True,True,True,393,2,bare_land_moderate+road_rich+building_rich+mixed_minority,12.063676125165632,True,,512517.70616791205,5408589.149969402,515077.70616791205,5411149.149969402,EPSG:32632,data\processed\sar\DE04_Stuttgart\DE04_Stuttgart_S1_VV_VH.tif,data\processed\masks\DE04_Stuttgart\DE04_label_mask.tif,data\processed\masks\DE04_Stuttgart\DE04_validity_mask.tif,data\processed\tiles_v22_enrichment\train\DE04_Stuttgart\images\DE04_off128_r002_c005_image.tif,data\processed\tiles_v22_enrichment\train\DE04_Stuttgart\semantic_masks\DE04_off128_r002_c005_semantic.tif,data\processed\tiles_v22_enrichment\train\DE04_Stuttgart\validity_masks\DE04_off128_r002_c005_validity.tif,True,accepted,0,
DE04_off128_r002_c009,DE04_off128_r002_c009,v2.2,v22_offset_enrichment,DE04,Stuttgart,train,640,2432,256,128,256,256,0,0.0,46749,0.7133331298828125,18787,0,6353,4899,33787,793,917,True,True,True,True,True,375,2,bare_land_moderate+road_rich+building_rich+mixed_minority,13.181043669145684,True,,522757.70616791205,5408589.149969402,525317.7061679121,5411149.149969402,EPSG:32632,data\processed\sar\DE04_Stuttgart\DE04_Stuttgart_S1_VV_VH.tif,data\processed\masks\DE04_Stuttgart\DE04_label_mask.tif,data\processed\masks\DE04_Stuttgart\DE04_validity_mask.tif,data\processed\tiles_v22_enrichment\train\DE04_Stuttgart\images\DE04_off128_r002_c009_image.tif,data\processed\tiles_v22_enrichment\train\DE04_Stuttgart\semantic_masks\DE04_off128_r002_c009_semantic.tif,data\processed\tiles_v22_enrichment\train\DE04_Stuttgart\validity_masks\DE04_off128_r002_c009_validity.tif,True,accepted,0,
DE04_off128_r003_c002,DE04_off128_r003_c002,v2.2,v22_offset_enrichment,DE04,Stuttgart,train,896,640,256,128,256,256,0,0.0,47000,0.7171630859375,18536,0,6487,4734,35095,674,10,True,True,True,True,True,395,2,bare_land_moderate+road_rich+building_rich+mixed_minority,11.986631171043882,True,,504837.70616791205,5406029.149969402,507397.70616791205,5408589.149969402,EPSG:32632,data\processed\sar\DE04_Stuttgart\DE04_Stuttgart_S1_VV_VH.tif,data\processed\masks\DE04_Stuttgart\DE04_label_mask.tif,data\processed\masks\DE04_Stuttgart\DE04_validity_mask.tif,data\processed\tiles_v22_enrichment\train\DE04_Stuttgart\images\DE04_off128_r003_c002_image.tif,data\processed\tiles_v22_enrichment\train\DE04_Stuttgart\semantic_masks\DE04_off128_r003_c002_semantic.tif,data\processed\tiles_v22_enrichment\train\DE04_Stuttgart\validity_masks\DE04_off128_r003_c002_validity.tif,True,accepted,0,
DE04_off128_r003_c005,DE04_off128_r003_c005,v2.2,v22_offset_enrichment,DE04,Stuttgart,train,896,1408,256,128,256,256,0,0.0,37994,0.579742431640625,27542,0,8748,6361,22209,615,61,True,True,True,True,True,316,2,bare_land_moderate+road_rich+building_rich+mixed_minority,16.39260762088103,True,,512517.70616791205,5406029.149969402,515077.70616791205,5408589.149969402,EPSG:32632,data\processed\sar\DE04_Stuttgart\DE04_Stuttgart_S1_VV_VH.tif,data\processed\masks\DE04_Stuttgart\DE04_label_mask.tif,data\processed\masks\DE04_Stuttgart\DE04_validity_mask.tif,data\processed\tiles_v22_enrichment\train\DE04_Stuttgart\images\DE04_off128_r003_c005_image.tif,data\processed\tiles_v22_enrichment\train\DE04_Stuttgart\semantic_masks\DE04_off128_r003_c005_semantic.tif,data\processed\tiles_v22_enrichment\train\DE04_Stuttgart\validity_masks\DE04_off128_r003_c005_validity.tif,True,accepted,0,
DE04_off128_r003_c006,DE04_off128_r003_c006,v2.2,v22_offset_enrichment,DE04,Stuttgart,train,896,1664,256,128,256,256,0,0.0,37665,0.5747222900390625,27871,0,9339,6202,18365,536,3223,True,True,True,True,True,180,2,bare_land_moderate+road_rich+water_rich+building_rich+mixed_minority,19.85522142716902,True,,515077.70616791205,5406029.149969402,517637.70616791205,5408589.149969402,EPSG:32632,data\processed\sar\DE04_Stuttgart\DE04_Stuttgart_S1_VV_VH.tif,data\processed\masks\DE04_Stuttgart\DE04_label_mask.tif,data\processed\masks\DE04_Stuttgart\DE04_validity_mask.tif,data\processed\tiles_v22_enrichment\train\DE04_Stuttgart\images\DE04_off128_r003_c006_image.tif,data\processed\tiles_v22_enrichment\train\DE04_Stuttgart\semantic_masks\DE04_off128_r003_c006_semantic.tif,data\processed\tiles_v22_enrichment\train\DE04_Stuttgart\validity_masks\DE04_off128_r003_c006_validity.tif,True,accepted,0,
DE04_off128_r003_c008,DE04_off128_r003_c008,v2.2,v22_offset_enrichment,DE04,Stuttgart,train,896,2176,256,128,256,256,0,0.0,42100,0.64239501953125,23436,0,10327,6313,25170,191,99,True,True,True,True,True,499,3,road_rich+building_rich+mixed_minority,15.77600547083766,True,,520197.70616791205,5406029.149969402,522757.70616791205,5408589.149969402,EPSG:32632,data\processed\sar\DE04_Stuttgart\DE04_Stuttgart_S1_VV_VH.tif,data\processed\masks\DE04_Stuttgart\DE04_label_mask.tif,data\processed\masks\DE04_Stuttgart\DE04_validity_mask.tif,data\processed\tiles_v22_enrichment\train\DE04_Stuttgart\images\DE04_off128_r003_c008_image.tif,data\processed\tiles_v22_enrichment\train\DE04_Stuttgart\semantic_masks\DE04_off128_r003_c008_semantic.tif,data\processed\tiles_v22_enrichment\train\DE04_Stuttgart\validity_masks\DE04_off128_r003_c008_validity.tif,True,accepted,0,
DE04_off128_r004_c000,DE04_off128_r004_c000,v2.2,v22_offset_enrichment,DE04,Stuttgart,train,1152,128,256,128,256,256,0,0.0,37483,0.5719451904296875,28053,0,11751,7185,18280,128,139,True,True,True,True,True,482,3,road_rich+building_rich+mixed_minority,16.49346961483542,True,,499717.70616791205,5403469.149969402,502277.70616791205,5406029.149969402,EPSG:32632,data\processed\sar\DE04_Stuttgart\DE04_Stuttgart_S1_VV_VH.tif,data\processed\masks\DE04_Stuttgart\DE04_label_mask.tif,data\processed\masks\DE04_Stuttgart\DE04_validity_mask.tif,data\processed\tiles_v22_enrichment\train\DE04_Stuttgart\images\DE04_off128_r004_c000_image.tif,data\processed\tiles_v22_enrichment\train\DE04_Stuttgart\semantic_masks\DE04_off128_r004_c000_semantic.tif,data\processed\tiles_v22_enrichment\train\DE04_Stuttgart\validity_masks\DE04_off128_r004_c000_validity.tif,True,accepted,0,
DE04_off128_r004_c005,DE04_off128_r004_c005,v2.2,v22_offset_enrichment,DE04,Stuttgart,train,1152,1408,256,128,256,256,0,0.0,36631,0.5589447021484375,28905,0,10951,6665,17274,1347,394,True,True,True,True,True,194,2,bare_land_moderate+road_rich+building_rich+mixed_minority,19.41526858083043,True,,512517.70616791205,5403469.149969402,515077.70616791205,5406029.149969402,EPSG:32632,data\processed\sar\DE04_Stuttgart\DE04_Stuttgart_S1_VV_VH.tif,data\processed\masks\DE04_Stuttgart\DE04_label_mask.tif,data\processed\masks\DE04_Stuttgart\DE04_validity_mask.tif,data\processed\tiles_v22_enrichment\train\DE04_Stuttgart\images\DE04_off128_r004_c005_image.tif,data\processed\tiles_v22_enrichment\train\DE04_Stuttgart\semantic_masks\DE04_off128_r004_c005_semantic.tif,data\processed\tiles_v22_enrichment\train\DE04_Stuttgart\validity_masks\DE04_off128_r004_c005_validity.tif,True,accepted,0,
DE04_off128_r004_c006,DE04_off128_r004_c006,v2.2,v22_offset_enrichment,DE04,Stuttgart,train,1152,1664,256,128,256,256,0,0.0,34431,0.5253753662109375,31105,0,13454,9096,7868,1015,2998,True,True,True,True,True,134,2,bare_land_moderate+road_rich+water_rich+building_rich+mixed_minority,21.866623079027875,True,,515077.70616791205,5403469.149969402,517637.70616791205,5406029.149969402,EPSG:32632,data\processed\sar\DE04_Stuttgart\DE04_Stuttgart_S1_VV_VH.tif,data\processed\masks\DE04_Stuttgart\DE04_label_mask.tif,data\processed\masks\DE04_Stuttgart\DE04_validity_mask.tif,data\processed\tiles_v22_enrichment\train\DE04_Stuttgart\images\DE04_off128_r004_c006_image.tif,data\processed\tiles_v22_enrichment\train\DE04_Stuttgart\semantic_masks\DE04_off128_r004_c006_semantic.tif,data\processed\tiles_v22_enrichment\train\DE04_Stuttgart\validity_masks\DE04_off128_r004_c006_validity.tif,True,accepted,0,
DE04_off128_r004_c007,DE04_off128_r004_c007,v2.2,v22_offset_enrichment,DE04,Stuttgart,train,1152,1920,256,128,256,256,0,0.0,48116,0.73419189453125,17420,0,5801,4062,36856,1376,21,True,True,True,True,True,396,2,bare_land_moderate+road_rich+building_rich+mixed_minority,11.913155233129636,True,,517637.70616791205,5403469.149969402,520197.70616791205,5406029.149969402,EPSG:32632,data\processed\sar\DE04_Stuttgart\DE04_Stuttgart_S1_VV_VH.tif,data\processed\masks\DE04_Stuttgart\DE04_label_mask.tif,data\processed\masks\DE04_Stuttgart\DE04_validity_mask.tif,data\processed\tiles_v22_enrichment\train\DE04_Stuttgart\images\DE04_off128_r004_c007_image.tif,data\processed\tiles_v22_enrichment\train\DE04_Stuttgart\semantic_masks\DE04_off128_r004_c007_semantic.tif,data\processed\tiles_v22_enrichment\train\DE04_Stuttgart\validity_masks\DE04_off128_r004_c007_validity.tif,True,accepted,0,
DE04_off128_r004_c009,DE04_off128_r004_c009,v2.2,v22_offset_enrichment,DE04,Stuttgart,train,1152,2432,256,128,256,256,0,0.0,48831,0.7451019287109375,16705,0,3976,2594,41714,507,40,True,True,True,True,True,438,2,bare_land_moderate+road_rich+mixed_minority,5.612013896840503,True,,522757.70616791205,5403469.149969402,525317.7061679121,5406029.149969402,EPSG:32632,data\processed\sar\DE04_Stuttgart\DE04_Stuttgart_S1_VV_VH.tif,data\processed\masks\DE04_Stuttgart\DE04_label_mask.tif,data\processed\masks\DE04_Stuttgart\DE04_validity_mask.tif,data\processed\tiles_v22_enrichment\train\DE04_Stuttgart\images\DE04_off128_r004_c009_image.tif,data\processed\tiles_v22_enrichment\train\DE04_Stuttgart\semantic_masks\DE04_off128_r004_c009_semantic.tif,data\processed\tiles_v22_enrichment\train\DE04_Stuttgart\validity_masks\DE04_off128_r004_c009_validity.tif,True,accepted,0,
DE04_off128_r005_c004,DE04_off128_r005_c004,v2.2,v22_offset_enrichment,DE04,Stuttgart,train,1408,1152,256,128,256,256,0,0.0,39430,0.601654052734375,26106,0,14743,7493,16988,109,97,True,True,True,True,True,484,3,road_rich+building_rich+mixed_minority,16.421207692095265,True,,509957.70616791205,5400909.149969402,512517.70616791205,5403469.149969402,EPSG:32632,data\processed\sar\DE04_Stuttgart\DE04_Stuttgart_S1_VV_VH.tif,data\processed\masks\DE04_Stuttgart\DE04_label_mask.tif,data\processed\masks\DE04_Stuttgart\DE04_validity_mask.tif,data\processed\tiles_v22_enrichment\train\DE04_Stuttgart\images\DE04_off128_r005_c004_image.tif,data\processed\tiles_v22_enrichment\train\DE04_Stuttgart\semantic_masks\DE04_off128_r005_c004_semantic.tif,data\processed\tiles_v22_enrichment\train\DE04_Stuttgart\validity_masks\DE04_off128_r005_c004_validity.tif,True,accepted,0,
DE04_off128_r005_c005,DE04_off128_r005_c005,v2.2,v22_offset_enrichment,DE04,Stuttgart,train,1408,1408,256,128,256,256,0,0.0,39386,0.600982666015625,26150,0,15832,8748,14153,552,101,True,True,True,True,True,287,2,bare_land_moderate+road_rich+building_rich+mixed_minority,17.324767767320658,True,,512517.70616791205,5400909.149969402,515077.70616791205,5403469.149969402,EPSG:32632,data\processed\sar\DE04_Stuttgart\DE04_Stuttgart_S1_VV_VH.tif,data\processed\masks\DE04_Stuttgart\DE04_label_mask.tif,data\processed\masks\DE04_Stuttgart\DE04_validity_mask.tif,data\processed\tiles_v22_enrichment\train\DE04_Stuttgart\images\DE04_off128_r005_c005_image.tif,data\processed\tiles_v22_enrichment\train\DE04_Stuttgart\semantic_masks\DE04_off128_r005_c005_semantic.tif,data\processed\tiles_v22_enrichment\train\DE04_Stuttgart\validity_masks\DE04_off128_r005_c005_validity.tif,True,accepted,0,
DE04_off128_r005_c007,DE04_off128_r005_c007,v2.2,v22_offset_enrichment,DE04,Stuttgart,train,1408,1920,256,128,256,256,0,0.0,44663,0.6815032958984375,20873,0,9357,5708,25250,449,3899,True,True,True,True,True,271,2,bare_land_moderate+road_rich+water_rich+building_rich+mixed_minority,17.788303107823296,True,,517637.70616791205,5400909.149969402,520197.70616791205,5403469.149969402,EPSG:32632,data\processed\sar\DE04_Stuttgart\DE04_Stuttgart_S1_VV_VH.tif,data\processed\masks\DE04_Stuttgart\DE04_label_mask.tif,data\processed\masks\DE04_Stuttgart\DE04_validity_mask.tif,data\processed\tiles_v22_enrichment\train\DE04_Stuttgart\images\DE04_off128_r005_c007_image.tif,data\processed\tiles_v22_enrichment\train\DE04_Stuttgart\semantic_masks\DE04_off128_r005_c007_semantic.tif,data\processed\tiles_v22_enrichment\train\DE04_Stuttgart\validity_masks\DE04_off128_r005_c007_validity.tif,True,accepted,0,
DE04_off128_r006_c007,DE04_off128_r006_c007,v2.2,v22_offset_enrichment,DE04,Stuttgart,train,1664,1920,256,128,256,256,0,0.0,50470,0.770111083984375,15066,0,8868,4242,33661,1485,2214,True,True,True,True,True,350,2,bare_land_moderate+road_rich+building_rich+mixed_minority,14.557311401004386,True,,517637.70616791205,5398349.149969402,520197.70616791205,5400909.149969402,EPSG:32632,data\processed\sar\DE04_Stuttgart\DE04_Stuttgart_S1_VV_VH.tif,data\processed\masks\DE04_Stuttgart\DE04_label_mask.tif,data\processed\masks\DE04_Stuttgart\DE04_validity_mask.tif,data\processed\tiles_v22_enrichment\train\DE04_Stuttgart\images\DE04_off128_r006_c007_image.tif,data\processed\tiles_v22_enrichment\train\DE04_Stuttgart\semantic_masks\DE04_off128_r006_c007_semantic.tif,data\processed\tiles_v22_enrichment\train\DE04_Stuttgart\validity_masks\DE04_off128_r006_c007_validity.tif,True,accepted,0,
DE04_off128_r006_c008,DE04_off128_r006_c008,v2.2,v22_offset_enrichment,DE04,Stuttgart,train,1664,2176,256,128,256,256,0,0.0,44896,0.68505859375,20640,0,8034,4373,29933,711,1845,True,True,True,True,True,357,2,bare_land_moderate+road_rich+building_rich+mixed_minority,14.124162300093548,True,,520197.70616791205,5398349.149969402,522757.70616791205,5400909.149969402,EPSG:32632,data\processed\sar\DE04_Stuttgart\DE04_Stuttgart_S1_VV_VH.tif,data\processed\masks\DE04_Stuttgart\DE04_label_mask.tif,data\processed\masks\DE04_Stuttgart\DE04_validity_mask.tif,data\processed\tiles_v22_enrichment\train\DE04_Stuttgart\images\DE04_off128_r006_c008_image.tif,data\processed\tiles_v22_enrichment\train\DE04_Stuttgart\semantic_masks\DE04_off128_r006_c008_semantic.tif,data\processed\tiles_v22_enrichment\train\DE04_Stuttgart\validity_masks\DE04_off128_r006_c008_validity.tif,True,accepted,0,
DE04_off128_r007_c000,DE04_off128_r007_c000,v2.2,v22_offset_enrichment,DE04,Stuttgart,train,1920,128,256,128,256,256,0,0.0,52778,0.805328369140625,12758,0,3684,3132,43878,1996,88,True,True,True,True,True,420,2,bare_land_moderate+road_rich+mixed_minority,7.353589269516705,True,,499717.70616791205,5395789.149969402,502277.70616791205,5398349.149969402,EPSG:32632,data\processed\sar\DE04_Stuttgart\DE04_Stuttgart_S1_VV_VH.tif,data\processed\masks\DE04_Stuttgart\DE04_label_mask.tif,data\processed\masks\DE04_Stuttgart\DE04_validity_mask.tif,data\processed\tiles_v22_enrichment\train\DE04_Stuttgart\images\DE04_off128_r007_c000_image.tif,data\processed\tiles_v22_enrichment\train\DE04_Stuttgart\semantic_masks\DE04_off128_r007_c000_semantic.tif,data\processed\tiles_v22_enrichment\train\DE04_Stuttgart\validity_masks\DE04_off128_r007_c000_validity.tif,True,accepted,0,
DE04_off128_r007_c003,DE04_off128_r007_c003,v2.2,v22_offset_enrichment,DE04,Stuttgart,train,1920,896,256,128,256,256,0,0.0,33589,0.5125274658203125,31947,0,11797,6612,14719,291,170,True,True,True,True,True,472,3,road_rich+building_rich+mixed_minority,16.90805874094014,True,,507397.70616791205,5395789.149969402,509957.70616791205,5398349.149969402,EPSG:32632,data\processed\sar\DE04_Stuttgart\DE04_Stuttgart_S1_VV_VH.tif,data\processed\masks\DE04_Stuttgart\DE04_label_mask.tif,data\processed\masks\DE04_Stuttgart\DE04_validity_mask.tif,data\processed\tiles_v22_enrichment\train\DE04_Stuttgart\images\DE04_off128_r007_c003_image.tif,data\processed\tiles_v22_enrichment\train\DE04_Stuttgart\semantic_masks\DE04_off128_r007_c003_semantic.tif,data\processed\tiles_v22_enrichment\train\DE04_Stuttgart\validity_masks\DE04_off128_r007_c003_validity.tif,True,accepted,0,
DE04_off128_r007_c009,DE04_off128_r007_c009,v2.2,v22_offset_enrichment,DE04,Stuttgart,train,1920,2432,256,128,256,256,0,0.0,37775,0.5764007568359375,27761,0,11120,6724,16746,8,3177,True,True,True,True,True,446,3,road_rich+water_rich+building_rich+mixed_minority,19.373091689992783,True,,522757.70616791205,5395789.149969402,525317.7061679121,5398349.149969402,EPSG:32632,data\processed\sar\DE04_Stuttgart\DE04_Stuttgart_S1_VV_VH.tif,data\processed\masks\DE04_Stuttgart\DE04_label_mask.tif,data\processed\masks\DE04_Stuttgart\DE04_validity_mask.tif,data\processed\tiles_v22_enrichment\train\DE04_Stuttgart\images\DE04_off128_r007_c009_image.tif,data\processed\tiles_v22_enrichment\train\DE04_Stuttgart\semantic_masks\DE04_off128_r007_c009_semantic.tif,data\processed\tiles_v22_enrichment\train\DE04_Stuttgart\validity_masks\DE04_off128_r007_c009_validity.tif,True,accepted,0,
DE04_off128_r008_c000,DE04_off128_r008_c000,v2.2,v22_offset_enrichment,DE04,Stuttgart,train,2176,128,256,128,256,256,0,0.0,35958,0.548675537109375,29578,0,13631,8144,11638,2202,343,True,True,True,True,True,38,1,bare_land_rich+road_rich+building_rich+mixed_minority,21.32928068756268,True,,499717.70616791205,5393229.149969402,502277.70616791205,5395789.149969402,EPSG:32632,data\processed\sar\DE04_Stuttgart\DE04_Stuttgart_S1_VV_VH.tif,data\processed\masks\DE04_Stuttgart\DE04_label_mask.tif,data\processed\masks\DE04_Stuttgart\DE04_validity_mask.tif,data\processed\tiles_v22_enrichment\train\DE04_Stuttgart\images\DE04_off128_r008_c000_image.tif,data\processed\tiles_v22_enrichment\train\DE04_Stuttgart\semantic_masks\DE04_off128_r008_c000_semantic.tif,data\processed\tiles_v22_enrichment\train\DE04_Stuttgart\validity_masks\DE04_off128_r008_c000_validity.tif,True,accepted,0,
DE04_off128_r008_c005,DE04_off128_r008_c005,v2.2,v22_offset_enrichment,DE04,Stuttgart,train,2176,1408,256,128,256,256,0,0.0,54378,0.829742431640625,11158,0,4345,3868,44436,1533,196,True,True,True,True,True,417,2,bare_land_moderate+road_rich+mixed_minority,7.486989476689612,True,,512517.70616791205,5393229.149969402,515077.70616791205,5395789.149969402,EPSG:32632,data\processed\sar\DE04_Stuttgart\DE04_Stuttgart_S1_VV_VH.tif,data\processed\masks\DE04_Stuttgart\DE04_label_mask.tif,data\processed\masks\DE04_Stuttgart\DE04_validity_mask.tif,data\processed\tiles_v22_enrichment\train\DE04_Stuttgart\images\DE04_off128_r008_c005_image.tif,data\processed\tiles_v22_enrichment\train\DE04_Stuttgart\semantic_masks\DE04_off128_r008_c005_semantic.tif,data\processed\tiles_v22_enrichment\train\DE04_Stuttgart\validity_masks\DE04_off128_r008_c005_validity.tif,True,accepted,0,
DE04_off128_r009_c000,DE04_off128_r009_c000,v2.2,v22_offset_enrichment,DE04,Stuttgart,train,2432,128,256,128,256,256,0,0.0,31512,0.4808349609375,34024,0,11468,7563,11332,456,693,True,True,True,True,True,261,2,bare_land_moderate+road_rich+building_rich+mixed_minority,18.018154077464537,True,,499717.70616791205,5390669.149969402,502277.70616791205,5393229.149969402,EPSG:32632,data\processed\sar\DE04_Stuttgart\DE04_Stuttgart_S1_VV_VH.tif,data\processed\masks\DE04_Stuttgart\DE04_label_mask.tif,data\processed\masks\DE04_Stuttgart\DE04_validity_mask.tif,data\processed\tiles_v22_enrichment\train\DE04_Stuttgart\images\DE04_off128_r009_c000_image.tif,data\processed\tiles_v22_enrichment\train\DE04_Stuttgart\semantic_masks\DE04_off128_r009_c000_semantic.tif,data\processed\tiles_v22_enrichment\train\DE04_Stuttgart\validity_masks\DE04_off128_r009_c000_validity.tif,True,accepted,0,
DE04_off128_r009_c001,DE04_off128_r009_c001,v2.2,v22_offset_enrichment,DE04,Stuttgart,train,2432,384,256,128,256,256,0,0.0,52296,0.7979736328125,13240,0,3271,3087,43766,2040,132,True,True,True,True,True,421,2,bare_land_moderate+road_rich+mixed_minority,7.349730005566271,True,,502277.70616791205,5390669.149969402,504837.70616791205,5393229.149969402,EPSG:32632,data\processed\sar\DE04_Stuttgart\DE04_Stuttgart_S1_VV_VH.tif,data\processed\masks\DE04_Stuttgart\DE04_label_mask.tif,data\processed\masks\DE04_Stuttgart\DE04_validity_mask.tif,data\processed\tiles_v22_enrichment\train\DE04_Stuttgart\images\DE04_off128_r009_c001_image.tif,data\processed\tiles_v22_enrichment\train\DE04_Stuttgart\semantic_masks\DE04_off128_r009_c001_semantic.tif,data\processed\tiles_v22_enrichment\train\DE04_Stuttgart\validity_masks\DE04_off128_r009_c001_validity.tif,True,accepted,0,
DE04_off128_r009_c010,DE04_off128_r009_c010,v2.2,v22_offset_enrichment,DE04,Stuttgart,train,2432,2688,256,128,256,256,0,0.0,43540,0.66436767578125,21996,0,8098,6190,27295,688,1269,True,True,True,True,True,314,2,bare_land_moderate+road_rich+building_rich+mixed_minority,16.41425283884969,True,,525317.7061679121,5390669.149969402,527877.7061679121,5393229.149969402,EPSG:32632,data\processed\sar\DE04_Stuttgart\DE04_Stuttgart_S1_VV_VH.tif,data\processed\masks\DE04_Stuttgart\DE04_label_mask.tif,data\processed\masks\DE04_Stuttgart\DE04_validity_mask.tif,data\processed\tiles_v22_enrichment\train\DE04_Stuttgart\images\DE04_off128_r009_c010_image.tif,data\processed\tiles_v22_enrichment\train\DE04_Stuttgart\semantic_masks\DE04_off128_r009_c010_semantic.tif,data\processed\tiles_v22_enrichment\train\DE04_Stuttgart\validity_masks\DE04_off128_r009_c010_validity.tif,True,accepted,0,
DE05_off128_r000_c001,DE05_off128_r000_c001,v2.2,v22_offset_enrichment,DE05,Munich,train,128,384,256,128,256,256,0,0.0,39459,0.6020965576171875,26077,0,8346,6750,22503,504,1356,True,True,True,True,True,293,2,bare_land_moderate+road_rich+building_rich+mixed_minority,17.171168252287604,True,,680935.145199985,5345700.636082032,683495.145199985,5348260.636082032,EPSG:32632,data\processed\sar\DE05_Munich\DE05_Munich_S1_VV_VH.tif,data\processed\masks\DE05_Munich\DE05_label_mask.tif,data\processed\masks\DE05_Munich\DE05_validity_mask.tif,data\processed\tiles_v22_enrichment\train\DE05_Munich\images\DE05_off128_r000_c001_image.tif,data\processed\tiles_v22_enrichment\train\DE05_Munich\semantic_masks\DE05_off128_r000_c001_semantic.tif,data\processed\tiles_v22_enrichment\train\DE05_Munich\validity_masks\DE05_off128_r000_c001_validity.tif,True,accepted,0,
DE05_off128_r002_c001,DE05_off128_r002_c001,v2.2,v22_offset_enrichment,DE05,Munich,train,640,384,256,128,256,256,0,0.0,43670,0.666351318359375,21866,0,5360,4384,32814,742,370,True,True,True,True,True,389,2,bare_land_moderate+road_rich+building_rich+mixed_minority,12.228980125320676,True,,680935.145199985,5340580.636082032,683495.145199985,5343140.636082032,EPSG:32632,data\processed\sar\DE05_Munich\DE05_Munich_S1_VV_VH.tif,data\processed\masks\DE05_Munich\DE05_label_mask.tif,data\processed\masks\DE05_Munich\DE05_validity_mask.tif,data\processed\tiles_v22_enrichment\train\DE05_Munich\images\DE05_off128_r002_c001_image.tif,data\processed\tiles_v22_enrichment\train\DE05_Munich\semantic_masks\DE05_off128_r002_c001_semantic.tif,data\processed\tiles_v22_enrichment\train\DE05_Munich\validity_masks\DE05_off128_r002_c001_validity.tif,True,accepted,0,
DE05_off128_r002_c003,DE05_off128_r002_c003,v2.2,v22_offset_enrichment,DE05,Munich,train,640,896,256,128,256,256,0,0.0,44740,0.68267822265625,20796,0,4447,3505,31078,2381,3329,True,True,True,True,True,72,1,bare_land_rich+road_rich+water_rich+mixed_minority,16.1079129119723,True,,686055.145199985,5340580.636082032,688615.145199985,5343140.636082032,EPSG:32632,data\processed\sar\DE05_Munich\DE05_Munich_S1_VV_VH.tif,data\processed\masks\DE05_Munich\DE05_label_mask.tif,data\processed\masks\DE05_Munich\DE05_validity_mask.tif,data\processed\tiles_v22_enrichment\train\DE05_Munich\images\DE05_off128_r002_c003_image.tif,data\processed\tiles_v22_enrichment\train\DE05_Munich\semantic_masks\DE05_off128_r002_c003_semantic.tif,data\processed\tiles_v22_enrichment\train\DE05_Munich\validity_masks\DE05_off128_r002_c003_validity.tif,True,accepted,0,
DE05_off128_r002_c004,DE05_off128_r002_c004,v2.2,v22_offset_enrichment,DE05,Munich,train,640,1152,256,128,256,256,0,0.0,31498,0.480621337890625,34038,0,11111,6231,13153,922,81,True,True,True,True,True,240,2,bare_land_moderate+road_rich+building_rich+mixed_minority,18.42522099501172,True,,688615.145199985,5340580.636082032,691175.145199985,5343140.636082032,EPSG:32632,data\processed\sar\DE05_Munich\DE05_Munich_S1_VV_VH.tif,data\processed\masks\DE05_Munich\DE05_label_mask.tif,data\processed\masks\DE05_Munich\DE05_validity_mask.tif,data\processed\tiles_v22_enrichment\train\DE05_Munich\images\DE05_off128_r002_c004_image.tif,data\processed\tiles_v22_enrichment\train\DE05_Munich\semantic_masks\DE05_off128_r002_c004_semantic.tif,data\processed\tiles_v22_enrichment\train\DE05_Munich\validity_masks\DE05_off128_r002_c004_validity.tif,True,accepted,0,
DE05_off128_r002_c005,DE05_off128_r002_c005,v2.2,v22_offset_enrichment,DE05,Munich,train,640,1408,256,128,256,256,0,0.0,36651,0.5592498779296875,28885,0,11939,7278,11940,5490,4,True,True,True,True,True,6,1,bare_land_rich+road_rich+building_rich+mixed_minority,28.046917335843524,True,,691175.145199985,5340580.636082032,693735.145199985,5343140.636082032,EPSG:32632,data\processed\sar\DE05_Munich\DE05_Munich_S1_VV_VH.tif,data\processed\masks\DE05_Munich\DE05_label_mask.tif,data\processed\masks\DE05_Munich\DE05_validity_mask.tif,data\processed\tiles_v22_enrichment\train\DE05_Munich\images\DE05_off128_r002_c005_image.tif,data\processed\tiles_v22_enrichment\train\DE05_Munich\semantic_masks\DE05_off128_r002_c005_semantic.tif,data\processed\tiles_v22_enrichment\train\DE05_Munich\validity_masks\DE05_off128_r002_c005_validity.tif,True,accepted,0,
DE05_off128_r002_c006,DE05_off128_r002_c006,v2.2,v22_offset_enrichment,DE05,Munich,train,640,1664,256,128,256,256,0,0.0,43184,0.658935546875,22352,0,6976,5978,26510,1103,2617,True,True,True,True,True,268,2,bare_land_moderate+road_rich+water_rich+building_rich+mixed_minority,17.855304572440026,True,,693735.145199985,5340580.636082032,696295.145199985,5343140.636082032,EPSG:32632,data\processed\sar\DE05_Munich\DE05_Munich_S1_VV_VH.tif,data\processed\masks\DE05_Munich\DE05_label_mask.tif,data\processed\masks\DE05_Munich\DE05_validity_mask.tif,data\processed\tiles_v22_enrichment\train\DE05_Munich\images\DE05_off128_r002_c006_image.tif,data\processed\tiles_v22_enrichment\train\DE05_Munich\semantic_masks\DE05_off128_r002_c006_semantic.tif,data\processed\tiles_v22_enrichment\train\DE05_Munich\validity_masks\DE05_off128_r002_c006_validity.tif,True,accepted,0,
DE05_off128_r003_c001,DE05_off128_r003_c001,v2.2,v22_offset_enrichment,DE05,Munich,train,896,384,256,128,256,256,0,0.0,37874,0.577911376953125,27662,0,6896,5287,24497,995,199,True,True,True,True,True,327,2,bare_land_moderate+road_rich+building_rich+mixed_minority,15.99661550115442,True,,680935.145199985,5338020.636082032,683495.145199985,5340580.636082032,EPSG:32632,data\processed\sar\DE05_Munich\DE05_Munich_S1_VV_VH.tif,data\processed\masks\DE05_Munich\DE05_label_mask.tif,data\processed\masks\DE05_Munich\DE05_validity_mask.tif,data\processed\tiles_v22_enrichment\train\DE05_Munich\images\DE05_off128_r003_c001_image.tif,data\processed\tiles_v22_enrichment\train\DE05_Munich\semantic_masks\DE05_off128_r003_c001_semantic.tif,data\processed\tiles_v22_enrichment\train\DE05_Munich\validity_masks\DE05_off128_r003_c001_validity.tif,True,accepted,0,
DE05_off128_r003_c002,DE05_off128_r003_c002,v2.2,v22_offset_enrichment,DE05,Munich,train,896,640,256,128,256,256,0,0.0,33567,0.5121917724609375,31969,0,9674,6658,16613,601,21,True,True,True,True,True,289,2,bare_land_moderate+road_rich+building_rich+mixed_minority,17.292571311889542,True,,683495.145199985,5338020.636082032,686055.145199985,5340580.636082032,EPSG:32632,data\processed\sar\DE05_Munich\DE05_Munich_S1_VV_VH.tif,data\processed\masks\DE05_Munich\DE05_label_mask.tif,data\processed\masks\DE05_Munich\DE05_validity_mask.tif,data\processed\tiles_v22_enrichment\train\DE05_Munich\images\DE05_off128_r003_c002_image.tif,data\processed\tiles_v22_enrichment\train\DE05_Munich\semantic_masks\DE05_off128_r003_c002_semantic.tif,data\processed\tiles_v22_enrichment\train\DE05_Munich\validity_masks\DE05_off128_r003_c002_validity.tif,True,accepted,0,
DE05_off128_r003_c003,DE05_off128_r003_c003,v2.2,v22_offset_enrichment,DE05,Munich,train,896,896,256,128,256,256,0,0.0,32462,0.495330810546875,33074,0,11976,7398,11629,1419,40,True,True,True,True,True,191,2,bare_land_moderate+road_rich+building_rich+mixed_minority,19.54163110011622,True,,686055.145199985,5338020.636082032,688615.145199985,5340580.636082032,EPSG:32632,data\processed\sar\DE05_Munich\DE05_Munich_S1_VV_VH.tif,data\processed\masks\DE05_Munich\DE05_label_mask.tif,data\processed\masks\DE05_Munich\DE05_validity_mask.tif,data\processed\tiles_v22_enrichment\train\DE05_Munich\images\DE05_off128_r003_c003_image.tif,data\processed\tiles_v22_enrichment\train\DE05_Munich\semantic_masks\DE05_off128_r003_c003_semantic.tif,data\processed\tiles_v22_enrichment\train\DE05_Munich\validity_masks\DE05_off128_r003_c003_validity.tif,True,accepted,0,
DE05_off128_r003_c004,DE05_off128_r003_c004,v2.2,v22_offset_enrichment,DE05,Munich,train,896,1152,256,128,256,256,0,0.0,45100,0.68817138671875,20436,0,12827,7032,23135,1237,869,True,True,True,True,True,218,2,bare_land_moderate+road_rich+building_rich+mixed_minority,18.919324380066865,True,,688615.145199985,5338020.636082032,691175.145199985,5340580.636082032,EPSG:32632,data\processed\sar\DE05_Munich\DE05_Munich_S1_VV_VH.tif,data\processed\masks\DE05_Munich\DE05_label_mask.tif,data\processed\masks\DE05_Munich\DE05_validity_mask.tif,data\processed\tiles_v22_enrichment\train\DE05_Munich\images\DE05_off128_r003_c004_image.tif,data\processed\tiles_v22_enrichment\train\DE05_Munich\semantic_masks\DE05_off128_r003_c004_semantic.tif,data\processed\tiles_v22_enrichment\train\DE05_Munich\validity_masks\DE05_off128_r003_c004_validity.tif,True,accepted,0,
DE05_off128_r003_c005,DE05_off128_r003_c005,v2.2,v22_offset_enrichment,DE05,Munich,train,896,1408,256,128,256,256,0,0.0,33944,0.5179443359375,31592,0,13545,8143,10727,1275,254,True,True,True,True,True,201,2,bare_land_moderate+road_rich+building_rich+mixed_minority,19.32221018557219,True,,691175.145199985,5338020.636082032,693735.145199985,5340580.636082032,EPSG:32632,data\processed\sar\DE05_Munich\DE05_Munich_S1_VV_VH.tif,data\processed\masks\DE05_Munich\DE05_label_mask.tif,data\processed\masks\DE05_Munich\DE05_validity_mask.tif,data\processed\tiles_v22_enrichment\train\DE05_Munich\images\DE05_off128_r003_c005_image.tif,data\processed\tiles_v22_enrichment\train\DE05_Munich\semantic_masks\DE05_off128_r003_c005_semantic.tif,data\processed\tiles_v22_enrichment\train\DE05_Munich\validity_masks\DE05_off128_r003_c005_validity.tif,True,accepted,0,
DE05_off128_r003_c006,DE05_off128_r003_c006,v2.2,v22_offset_enrichment,DE05,Munich,train,896,1664,256,128,256,256,0,0.0,45425,0.6931304931640625,20111,0,5783,4158,31995,480,3009,True,True,True,True,True,367,2,bare_land_moderate+road_rich+water_rich+building_rich+mixed_minority,13.589883382542157,True,,693735.145199985,5338020.636082032,696295.145199985,5340580.636082032,EPSG:32632,data\processed\sar\DE05_Munich\DE05_Munich_S1_VV_VH.tif,data\processed\masks\DE05_Munich\DE05_label_mask.tif,data\processed\masks\DE05_Munich\DE05_validity_mask.tif,data\processed\tiles_v22_enrichment\train\DE05_Munich\images\DE05_off128_r003_c006_image.tif,data\processed\tiles_v22_enrichment\train\DE05_Munich\semantic_masks\DE05_off128_r003_c006_semantic.tif,data\processed\tiles_v22_enrichment\train\DE05_Munich\validity_masks\DE05_off128_r003_c006_validity.tif,True,accepted,0,
DE05_off128_r003_c008,DE05_off128_r003_c008,v2.2,v22_offset_enrichment,DE05,Munich,train,896,2176,256,128,256,256,0,0.0,61035,0.9313201904296876,4501,0,554,624,53668,4015,2174,True,True,True,True,True,94,1,bare_land_rich,5.857740468190599,True,,698855.145199985,5338020.636082032,701415.145199985,5340580.636082032,EPSG:32632,data\processed\sar\DE05_Munich\DE05_Munich_S1_VV_VH.tif,data\processed\masks\DE05_Munich\DE05_label_mask.tif,data\processed\masks\DE05_Munich\DE05_validity_mask.tif,data\processed\tiles_v22_enrichment\train\DE05_Munich\images\DE05_off128_r003_c008_image.tif,data\processed\tiles_v22_enrichment\train\DE05_Munich\semantic_masks\DE05_off128_r003_c008_semantic.tif,data\processed\tiles_v22_enrichment\train\DE05_Munich\validity_masks\DE05_off128_r003_c008_validity.tif,True,accepted,0,
DE05_off128_r003_c009,DE05_off128_r003_c009,v2.2,v22_offset_enrichment,DE05,Munich,train,896,2432,256,128,256,256,0,0.0,44402,0.677520751953125,21134,0,4806,5082,33963,529,22,True,True,True,True,True,391,2,bare_land_moderate+road_rich+building_rich+mixed_minority,12.141283645516475,True,,701415.145199985,5338020.636082032,703975.145199985,5340580.636082032,EPSG:32632,data\processed\sar\DE05_Munich\DE05_Munich_S1_VV_VH.tif,data\processed\masks\DE05_Munich\DE05_label_mask.tif,data\processed\masks\DE05_Munich\DE05_validity_mask.tif,data\processed\tiles_v22_enrichment\train\DE05_Munich\images\DE05_off128_r003_c009_image.tif,data\processed\tiles_v22_enrichment\train\DE05_Munich\semantic_masks\DE05_off128_r003_c009_semantic.tif,data\processed\tiles_v22_enrichment\train\DE05_Munich\validity_masks\DE05_off128_r003_c009_validity.tif,True,accepted,0,
DE05_off128_r003_c010,DE05_off128_r003_c010,v2.2,v22_offset_enrichment,DE05,Munich,train,896,2688,256,128,256,256,0,0.0,47901,0.7309112548828125,17635,0,6503,4073,35006,2199,120,True,True,True,True,True,365,2,bare_land_moderate+road_rich+building_rich+mixed_minority,13.64185257134802,True,,703975.145199985,5338020.636082032,706535.145199985,5340580.636082032,EPSG:32632,data\processed\sar\DE05_Munich\DE05_Munich_S1_VV_VH.tif,data\processed\masks\DE05_Munich\DE05_label_mask.tif,data\processed\masks\DE05_Munich\DE05_validity_mask.tif,data\processed\tiles_v22_enrichment\train\DE05_Munich\images\DE05_off128_r003_c010_image.tif,data\processed\tiles_v22_enrichment\train\DE05_Munich\semantic_masks\DE05_off128_r003_c010_semantic.tif,data\processed\tiles_v22_enrichment\train\DE05_Munich\validity_masks\DE05_off128_r003_c010_validity.tif,True,accepted,0,
DE05_off128_r004_c000,DE05_off128_r004_c000,v2.2,v22_offset_enrichment,DE05,Munich,train,1152,128,256,128,256,256,0,0.0,39319,0.5999603271484375,26217,0,7834,4902,25752,725,106,True,True,True,True,True,346,2,bare_land_moderate+road_rich+building_rich+mixed_minority,14.651894506552797,True,,678375.145199985,5335460.636082032,680935.145199985,5338020.636082032,EPSG:32632,data\processed\sar\DE05_Munich\DE05_Munich_S1_VV_VH.tif,data\processed\masks\DE05_Munich\DE05_label_mask.tif,data\processed\masks\DE05_Munich\DE05_validity_mask.tif,data\processed\tiles_v22_enrichment\train\DE05_Munich\images\DE05_off128_r004_c000_image.tif,data\processed\tiles_v22_enrichment\train\DE05_Munich\semantic_masks\DE05_off128_r004_c000_semantic.tif,data\processed\tiles_v22_enrichment\train\DE05_Munich\validity_masks\DE05_off128_r004_c000_validity.tif,True,accepted,0,
DE05_off128_r004_c002,DE05_off128_r004_c002,v2.2,v22_offset_enrichment,DE05,Munich,train,1152,640,256,128,256,256,0,0.0,41125,0.6275177001953125,24411,0,6398,4188,28334,738,1467,True,True,True,True,True,362,2,bare_land_moderate+road_rich+building_rich+mixed_minority,13.933779098371604,True,,683495.145199985,5335460.636082032,686055.145199985,5338020.636082032,EPSG:32632,data\processed\sar\DE05_Munich\DE05_Munich_S1_VV_VH.tif,data\processed\masks\DE05_Munich\DE05_label_mask.tif,data\processed\masks\DE05_Munich\DE05_validity_mask.tif,data\processed\tiles_v22_enrichment\train\DE05_Munich\images\DE05_off128_r004_c002_image.tif,data\processed\tiles_v22_enrichment\train\DE05_Munich\semantic_masks\DE05_off128_r004_c002_semantic.tif,data\processed\tiles_v22_enrichment\train\DE05_Munich\validity_masks\DE05_off128_r004_c002_validity.tif,True,accepted,0,
DE05_off128_r004_c004,DE05_off128_r004_c004,v2.2,v22_offset_enrichment,DE05,Munich,train,1152,1152,256,128,256,256,0,0.0,39024,0.595458984375,26512,0,19940,8976,8946,1153,9,True,True,True,True,True,236,2,bare_land_moderate+road_rich+building_rich+mixed_minority,18.468357713362288,True,,688615.145199985,5335460.636082032,691175.145199985,5338020.636082032,EPSG:32632,data\processed\sar\DE05_Munich\DE05_Munich_S1_VV_VH.tif,data\processed\masks\DE05_Munich\DE05_label_mask.tif,data\processed\masks\DE05_Munich\DE05_validity_mask.tif,data\processed\tiles_v22_enrichment\train\DE05_Munich\images\DE05_off128_r004_c004_image.tif,data\processed\tiles_v22_enrichment\train\DE05_Munich\semantic_masks\DE05_off128_r004_c004_semantic.tif,data\processed\tiles_v22_enrichment\train\DE05_Munich\validity_masks\DE05_off128_r004_c004_validity.tif,True,accepted,0,
DE05_off128_r004_c006,DE05_off128_r004_c006,v2.2,v22_offset_enrichment,DE05,Munich,train,1152,1664,256,128,256,256,0,0.0,33685,0.5139923095703125,31851,0,10178,6078,16005,364,1060,True,True,True,True,True,252,2,bare_land_moderate+road_rich+building_rich+mixed_minority,18.137192547064743,True,,693735.145199985,5335460.636082032,696295.145199985,5338020.636082032,EPSG:32632,data\processed\sar\DE05_Munich\DE05_Munich_S1_VV_VH.tif,data\processed\masks\DE05_Munich\DE05_label_mask.tif,data\processed\masks\DE05_Munich\DE05_validity_mask.tif,data\processed\tiles_v22_enrichment\train\DE05_Munich\images\DE05_off128_r004_c006_image.tif,data\processed\tiles_v22_enrichment\train\DE05_Munich\semantic_masks\DE05_off128_r004_c006_semantic.tif,data\processed\tiles_v22_enrichment\train\DE05_Munich\validity_masks\DE05_off128_r004_c006_validity.tif,True,accepted,0,
DE05_off128_r004_c007,DE05_off128_r004_c007,v2.2,v22_offset_enrichment,DE05,Munich,train,1152,1920,256,128,256,256,0,0.0,37161,0.5670318603515625,28375,0,6154,4258,26217,394,138,True,True,True,True,True,380,2,bare_land_moderate+road_rich+building_rich+mixed_minority,12.9227811674208,True,,696295.145199985,5335460.636082032,698855.145199985,5338020.636082032,EPSG:32632,data\processed\sar\DE05_Munich\DE05_Munich_S1_VV_VH.tif,data\processed\masks\DE05_Munich\DE05_label_mask.tif,data\processed\masks\DE05_Munich\DE05_validity_mask.tif,data\processed\tiles_v22_enrichment\train\DE05_Munich\images\DE05_off128_r004_c007_image.tif,data\processed\tiles_v22_enrichment\train\DE05_Munich\semantic_masks\DE05_off128_r004_c007_semantic.tif,data\processed\tiles_v22_enrichment\train\DE05_Munich\validity_masks\DE05_off128_r004_c007_validity.tif,True,accepted,0,
DE05_off128_r004_c008,DE05_off128_r004_c008,v2.2,v22_offset_enrichment,DE05,Munich,train,1152,2176,256,128,256,256,0,0.0,47431,0.7237396240234375,18105,0,3634,3491,37599,2343,364,True,True,True,True,True,385,2,bare_land_moderate+road_rich+mixed_minority,12.547905254096596,True,,698855.145199985,5335460.636082032,701415.145199985,5338020.636082032,EPSG:32632,data\processed\sar\DE05_Munich\DE05_Munich_S1_VV_VH.tif,data\processed\masks\DE05_Munich\DE05_label_mask.tif,data\processed\masks\DE05_Munich\DE05_validity_mask.tif,data\processed\tiles_v22_enrichment\train\DE05_Munich\images\DE05_off128_r004_c008_image.tif,data\processed\tiles_v22_enrichment\train\DE05_Munich\semantic_masks\DE05_off128_r004_c008_semantic.tif,data\processed\tiles_v22_enrichment\train\DE05_Munich\validity_masks\DE05_off128_r004_c008_validity.tif,True,accepted,0,
DE05_off128_r004_c009,DE05_off128_r004_c009,v2.2,v22_offset_enrichment,DE05,Munich,train,1152,2432,256,128,256,256,0,0.0,46617,0.7113189697265625,18919,0,5108,4529,29637,5539,1804,True,True,True,True,True,42,1,bare_land_rich+road_rich+building_rich+mixed_minority,21.23760766269265,True,,701415.145199985,5335460.636082032,703975.145199985,5338020.636082032,EPSG:32632,data\processed\sar\DE05_Munich\DE05_Munich_S1_VV_VH.tif,data\processed\masks\DE05_Munich\DE05_label_mask.tif,data\processed\masks\DE05_Munich\DE05_validity_mask.tif,data\processed\tiles_v22_enrichment\train\DE05_Munich\images\DE05_off128_r004_c009_image.tif,data\processed\tiles_v22_enrichment\train\DE05_Munich\semantic_masks\DE05_off128_r004_c009_semantic.tif,data\processed\tiles_v22_enrichment\train\DE05_Munich\validity_masks\DE05_off128_r004_c009_validity.tif,True,accepted,0,
DE05_off128_r004_c010,DE05_off128_r004_c010,v2.2,v22_offset_enrichment,DE05,Munich,train,1152,2688,256,128,256,256,0,0.0,49670,0.757904052734375,15866,0,5198,4280,38576,1295,321,True,True,True,True,True,398,2,bare_land_moderate+road_rich+building_rich+mixed_minority,11.842059478544725,True,,703975.145199985,5335460.636082032,706535.145199985,5338020.636082032,EPSG:32632,data\processed\sar\DE05_Munich\DE05_Munich_S1_VV_VH.tif,data\processed\masks\DE05_Munich\DE05_label_mask.tif,data\processed\masks\DE05_Munich\DE05_validity_mask.tif,data\processed\tiles_v22_enrichment\train\DE05_Munich\images\DE05_off128_r004_c010_image.tif,data\processed\tiles_v22_enrichment\train\DE05_Munich\semantic_masks\DE05_off128_r004_c010_semantic.tif,data\processed\tiles_v22_enrichment\train\DE05_Munich\validity_masks\DE05_off128_r004_c010_validity.tif,True,accepted,0,
DE05_off128_r005_c000,DE05_off128_r005_c000,v2.2,v22_offset_enrichment,DE05,Munich,train,1408,128,256,128,256,256,0,0.0,39655,0.6050872802734375,25881,0,7642,4747,26299,955,12,True,True,True,True,True,348,2,bare_land_moderate+road_rich+building_rich+mixed_minority,14.616939505717896,True,,678375.145199985,5332900.636082032,680935.145199985,5335460.636082032,EPSG:32632,data\processed\sar\DE05_Munich\DE05_Munich_S1_VV_VH.tif,data\processed\masks\DE05_Munich\DE05_label_mask.tif,data\processed\masks\DE05_Munich\DE05_validity_mask.tif,data\processed\tiles_v22_enrichment\train\DE05_Munich\images\DE05_off128_r005_c000_image.tif,data\processed\tiles_v22_enrichment\train\DE05_Munich\semantic_masks\DE05_off128_r005_c000_semantic.tif,data\processed\tiles_v22_enrichment\train\DE05_Munich\validity_masks\DE05_off128_r005_c000_validity.tif,True,accepted,0,
DE05_off128_r005_c002,DE05_off128_r005_c002,v2.2,v22_offset_enrichment,DE05,Munich,train,1408,640,256,128,256,256,0,0.0,29358,0.447967529296875,36178,0,9918,7230,11074,1085,51,True,True,True,True,True,217,2,bare_land_moderate+road_rich+building_rich+mixed_minority,18.974059224916463,True,,683495.145199985,5332900.636082032,686055.145199985,5335460.636082032,EPSG:32632,data\processed\sar\DE05_Munich\DE05_Munich_S1_VV_VH.tif,data\processed\masks\DE05_Munich\DE05_label_mask.tif,data\processed\masks\DE05_Munich\DE05_validity_mask.tif,data\processed\tiles_v22_enrichment\train\DE05_Munich\images\DE05_off128_r005_c002_image.tif,data\processed\tiles_v22_enrichment\train\DE05_Munich\semantic_masks\DE05_off128_r005_c002_semantic.tif,data\processed\tiles_v22_enrichment\train\DE05_Munich\validity_masks\DE05_off128_r005_c002_validity.tif,True,accepted,0,
DE05_off128_r005_c003,DE05_off128_r005_c003,v2.2,v22_offset_enrichment,DE05,Munich,train,1408,896,256,128,256,256,0,0.0,34876,0.53216552734375,30660,0,12342,8046,12917,1210,361,True,True,True,True,True,205,2,bare_land_moderate+road_rich+building_rich+mixed_minority,19.22175148903661,True,,686055.145199985,5332900.636082032,688615.145199985,5335460.636082032,EPSG:32632,data\processed\sar\DE05_Munich\DE05_Munich_S1_VV_VH.tif,data\processed\masks\DE05_Munich\DE05_label_mask.tif,data\processed\masks\DE05_Munich\DE05_validity_mask.tif,data\processed\tiles_v22_enrichment\train\DE05_Munich\images\DE05_off128_r005_c003_image.tif,data\processed\tiles_v22_enrichment\train\DE05_Munich\semantic_masks\DE05_off128_r005_c003_semantic.tif,data\processed\tiles_v22_enrichment\train\DE05_Munich\validity_masks\DE05_off128_r005_c003_validity.tif,True,accepted,0,
DE05_off128_r005_c004,DE05_off128_r005_c004,v2.2,v22_offset_enrichment,DE05,Munich,train,1408,1152,256,128,256,256,0,0.0,37980,0.57952880859375,27556,0,20360,7585,8984,732,319,True,True,True,True,True,266,2,bare_land_moderate+road_rich+building_rich+mixed_minority,17.95735924566589,True,,688615.145199985,5332900.636082032,691175.145199985,5335460.636082032,EPSG:32632,data\processed\sar\DE05_Munich\DE05_Munich_S1_VV_VH.tif,data\processed\masks\DE05_Munich\DE05_label_mask.tif,data\processed\masks\DE05_Munich\DE05_validity_mask.tif,data\processed\tiles_v22_enrichment\train\DE05_Munich\images\DE05_off128_r005_c004_image.tif,data\processed\tiles_v22_enrichment\train\DE05_Munich\semantic_masks\DE05_off128_r005_c004_semantic.tif,data\processed\tiles_v22_enrichment\train\DE05_Munich\validity_masks\DE05_off128_r005_c004_validity.tif,True,accepted,0,
DE05_off128_r005_c005,DE05_off128_r005_c005,v2.2,v22_offset_enrichment,DE05,Munich,train,1408,1408,256,128,256,256,0,0.0,41355,0.6310272216796875,24181,0,21466,7912,8582,937,2458,True,True,True,True,True,166,2,bare_land_moderate+road_rich+water_rich+building_rich+mixed_minority,20.321088882905656,True,,691175.145199985,5332900.636082032,693735.145199985,5335460.636082032,EPSG:32632,data\processed\sar\DE05_Munich\DE05_Munich_S1_VV_VH.tif,data\processed\masks\DE05_Munich\DE05_label_mask.tif,data\processed\masks\DE05_Munich\DE05_validity_mask.tif,data\processed\tiles_v22_enrichment\train\DE05_Munich\images\DE05_off128_r005_c005_image.tif,data\processed\tiles_v22_enrichment\train\DE05_Munich\semantic_masks\DE05_off128_r005_c005_semantic.tif,data\processed\tiles_v22_enrichment\train\DE05_Munich\validity_masks\DE05_off128_r005_c005_validity.tif,True,accepted,0,
DE05_off128_r005_c006,DE05_off128_r005_c006,v2.2,v22_offset_enrichment,DE05,Munich,train,1408,1664,256,128,256,256,0,0.0,35109,0.5357208251953125,30427,0,14019,7893,10355,2816,26,True,True,True,True,True,31,1,bare_land_rich+road_rich+building_rich+mixed_minority,22.48193119860384,True,,693735.145199985,5332900.636082032,696295.145199985,5335460.636082032,EPSG:32632,data\processed\sar\DE05_Munich\DE05_Munich_S1_VV_VH.tif,data\processed\masks\DE05_Munich\DE05_label_mask.tif,data\processed\masks\DE05_Munich\DE05_validity_mask.tif,data\processed\tiles_v22_enrichment\train\DE05_Munich\images\DE05_off128_r005_c006_image.tif,data\processed\tiles_v22_enrichment\train\DE05_Munich\semantic_masks\DE05_off128_r005_c006_semantic.tif,data\processed\tiles_v22_enrichment\train\DE05_Munich\validity_masks\DE05_off128_r005_c006_validity.tif,True,accepted,0,
DE05_off128_r005_c007,DE05_off128_r005_c007,v2.2,v22_offset_enrichment,DE05,Munich,train,1408,1920,256,128,256,256,0,0.0,30344,0.4630126953125,35192,0,12173,7375,9610,1177,9,True,True,True,True,True,212,2,bare_land_moderate+road_rich+building_rich+mixed_minority,19.077961284819487,True,,696295.145199985,5332900.636082032,698855.145199985,5335460.636082032,EPSG:32632,data\processed\sar\DE05_Munich\DE05_Munich_S1_VV_VH.tif,data\processed\masks\DE05_Munich\DE05_label_mask.tif,data\processed\masks\DE05_Munich\DE05_validity_mask.tif,data\processed\tiles_v22_enrichment\train\DE05_Munich\images\DE05_off128_r005_c007_image.tif,data\processed\tiles_v22_enrichment\train\DE05_Munich\semantic_masks\DE05_off128_r005_c007_semantic.tif,data\processed\tiles_v22_enrichment\train\DE05_Munich\validity_masks\DE05_off128_r005_c007_validity.tif,True,accepted,0,
DE05_off128_r005_c008,DE05_off128_r005_c008,v2.2,v22_offset_enrichment,DE05,Munich,train,1408,2176,256,128,256,256,0,0.0,40828,0.62298583984375,24708,0,10223,5233,23044,1447,881,True,True,True,True,True,272,2,bare_land_moderate+road_rich+building_rich+mixed_minority,17.767616975339,True,,698855.145199985,5332900.636082032,701415.145199985,5335460.636082032,EPSG:32632,data\processed\sar\DE05_Munich\DE05_Munich_S1_VV_VH.tif,data\processed\masks\DE05_Munich\DE05_label_mask.tif,data\processed\masks\DE05_Munich\DE05_validity_mask.tif,data\processed\tiles_v22_enrichment\train\DE05_Munich\images\DE05_off128_r005_c008_image.tif,data\processed\tiles_v22_enrichment\train\DE05_Munich\semantic_masks\DE05_off128_r005_c008_semantic.tif,data\processed\tiles_v22_enrichment\train\DE05_Munich\validity_masks\DE05_off128_r005_c008_validity.tif,True,accepted,0,
DE05_off128_r005_c009,DE05_off128_r005_c009,v2.2,v22_offset_enrichment,DE05,Munich,train,1408,2432,256,128,256,256,0,0.0,56686,0.864959716796875,8850,0,1628,1670,49476,3190,722,True,True,True,True,True,97,1,bare_land_rich,5.652396968465641,True,,701415.145199985,5332900.636082032,703975.145199985,5335460.636082032,EPSG:32632,data\processed\sar\DE05_Munich\DE05_Munich_S1_VV_VH.tif,data\processed\masks\DE05_Munich\DE05_label_mask.tif,data\processed\masks\DE05_Munich\DE05_validity_mask.tif,data\processed\tiles_v22_enrichment\train\DE05_Munich\images\DE05_off128_r005_c009_image.tif,data\processed\tiles_v22_enrichment\train\DE05_Munich\semantic_masks\DE05_off128_r005_c009_semantic.tif,data\processed\tiles_v22_enrichment\train\DE05_Munich\validity_masks\DE05_off128_r005_c009_validity.tif,True,accepted,0,
DE05_off128_r006_c001,DE05_off128_r006_c001,v2.2,v22_offset_enrichment,DE05,Munich,train,1664,384,256,128,256,256,0,0.0,42552,0.6492919921875,22984,0,6555,4440,27483,4019,55,True,True,True,True,True,61,1,bare_land_rich+road_rich+building_rich+mixed_minority,18.82820250168177,True,,680935.145199985,5330340.636082032,683495.145199985,5332900.636082032,EPSG:32632,data\processed\sar\DE05_Munich\DE05_Munich_S1_VV_VH.tif,data\processed\masks\DE05_Munich\DE05_label_mask.tif,data\processed\masks\DE05_Munich\DE05_validity_mask.tif,data\processed\tiles_v22_enrichment\train\DE05_Munich\images\DE05_off128_r006_c001_image.tif,data\processed\tiles_v22_enrichment\train\DE05_Munich\semantic_masks\DE05_off128_r006_c001_semantic.tif,data\processed\tiles_v22_enrichment\train\DE05_Munich\validity_masks\DE05_off128_r006_c001_validity.tif,True,accepted,0,
DE05_off128_r006_c003,DE05_off128_r006_c003,v2.2,v22_offset_enrichment,DE05,Munich,train,1664,896,256,128,256,256,0,0.0,33133,0.5055694580078125,32403,0,11861,8454,12248,559,11,True,True,True,True,True,285,2,bare_land_moderate+road_rich+building_rich+mixed_minority,17.368561037399957,True,,686055.145199985,5330340.636082032,688615.145199985,5332900.636082032,EPSG:32632,data\processed\sar\DE05_Munich\DE05_Munich_S1_VV_VH.tif,data\processed\masks\DE05_Munich\DE05_label_mask.tif,data\processed\masks\DE05_Munich\DE05_validity_mask.tif,data\processed\tiles_v22_enrichment\train\DE05_Munich\images\DE05_off128_r006_c003_image.tif,data\processed\tiles_v22_enrichment\train\DE05_Munich\semantic_masks\DE05_off128_r006_c003_semantic.tif,data\processed\tiles_v22_enrichment\train\DE05_Munich\validity_masks\DE05_off128_r006_c003_validity.tif,True,accepted,0,
DE05_off128_r006_c005,DE05_off128_r006_c005,v2.2,v22_offset_enrichment,DE05,Munich,train,1664,1408,256,128,256,256,0,0.0,30713,0.4686431884765625,34823,0,15022,8703,6131,709,148,True,True,True,True,True,264,2,bare_land_moderate+road_rich+building_rich+mixed_minority,18.008170424500396,True,,691175.145199985,5330340.636082032,693735.145199985,5332900.636082032,EPSG:32632,data\processed\sar\DE05_Munich\DE05_Munich_S1_VV_VH.tif,data\processed\masks\DE05_Munich\DE05_label_mask.tif,data\processed\masks\DE05_Munich\DE05_validity_mask.tif,data\processed\tiles_v22_enrichment\train\DE05_Munich\images\DE05_off128_r006_c005_image.tif,data\processed\tiles_v22_enrichment\train\DE05_Munich\semantic_masks\DE05_off128_r006_c005_semantic.tif,data\processed\tiles_v22_enrichment\train\DE05_Munich\validity_masks\DE05_off128_r006_c005_validity.tif,True,accepted,0,
DE05_off128_r006_c006,DE05_off128_r006_c006,v2.2,v22_offset_enrichment,DE05,Munich,train,1664,1664,256,128,256,256,0,0.0,31620,0.48248291015625,33916,0,10148,7633,12151,1169,519,True,True,True,True,True,190,2,bare_land_moderate+road_rich+building_rich+mixed_minority,19.596651158100588,True,,693735.145199985,5330340.636082032,696295.145199985,5332900.636082032,EPSG:32632,data\processed\sar\DE05_Munich\DE05_Munich_S1_VV_VH.tif,data\processed\masks\DE05_Munich\DE05_label_mask.tif,data\processed\masks\DE05_Munich\DE05_validity_mask.tif,data\processed\tiles_v22_enrichment\train\DE05_Munich\images\DE05_off128_r006_c006_image.tif,data\processed\tiles_v22_enrichment\train\DE05_Munich\semantic_masks\DE05_off128_r006_c006_semantic.tif,data\processed\tiles_v22_enrichment\train\DE05_Munich\validity_masks\DE05_off128_r006_c006_validity.tif,True,accepted,0,
DE05_off128_r006_c007,DE05_off128_r006_c007,v2.2,v22_offset_enrichment,DE05,Munich,train,1664,1920,256,128,256,256,0,0.0,33254,0.507415771484375,32282,0,10174,6019,16041,978,42,True,True,True,True,True,241,2,bare_land_moderate+road_rich+building_rich+mixed_minority,18.410735672849626,True,,696295.145199985,5330340.636082032,698855.145199985,5332900.636082032,EPSG:32632,data\processed\sar\DE05_Munich\DE05_Munich_S1_VV_VH.tif,data\processed\masks\DE05_Munich\DE05_label_mask.tif,data\processed\masks\DE05_Munich\DE05_validity_mask.tif,data\processed\tiles_v22_enrichment\train\DE05_Munich\images\DE05_off128_r006_c007_image.tif,data\processed\tiles_v22_enrichment\train\DE05_Munich\semantic_masks\DE05_off128_r006_c007_semantic.tif,data\processed\tiles_v22_enrichment\train\DE05_Munich\validity_masks\DE05_off128_r006_c007_validity.tif,True,accepted,0,
DE05_off128_r007_c003,DE05_off128_r007_c003,v2.2,v22_offset_enrichment,DE05,Munich,train,1920,896,256,128,256,256,0,0.0,32606,0.497528076171875,32930,0,12975,7326,11224,1072,9,True,True,True,True,True,229,2,bare_land_moderate+road_rich+building_rich+mixed_minority,18.638759751323686,True,,686055.145199985,5327780.636082032,688615.145199985,5330340.636082032,EPSG:32632,data\processed\sar\DE05_Munich\DE05_Munich_S1_VV_VH.tif,data\processed\masks\DE05_Munich\DE05_label_mask.tif,data\processed\masks\DE05_Munich\DE05_validity_mask.tif,data\processed\tiles_v22_enrichment\train\DE05_Munich\images\DE05_off128_r007_c003_image.tif,data\processed\tiles_v22_enrichment\train\DE05_Munich\semantic_masks\DE05_off128_r007_c003_semantic.tif,data\processed\tiles_v22_enrichment\train\DE05_Munich\validity_masks\DE05_off128_r007_c003_validity.tif,True,accepted,0,
DE05_off128_r007_c004,DE05_off128_r007_c004,v2.2,v22_offset_enrichment,DE05,Munich,train,1920,1152,256,128,256,256,0,0.0,41719,0.6365814208984375,23817,0,6324,4119,27458,480,3338,True,True,True,True,True,344,2,bare_land_moderate+road_rich+water_rich+building_rich+mixed_minority,14.955189249465755,True,,688615.145199985,5327780.636082032,691175.145199985,5330340.636082032,EPSG:32632,data\processed\sar\DE05_Munich\DE05_Munich_S1_VV_VH.tif,data\processed\masks\DE05_Munich\DE05_label_mask.tif,data\processed\masks\DE05_Munich\DE05_validity_mask.tif,data\processed\tiles_v22_enrichment\train\DE05_Munich\images\DE05_off128_r007_c004_image.tif,data\processed\tiles_v22_enrichment\train\DE05_Munich\semantic_masks\DE05_off128_r007_c004_semantic.tif,data\processed\tiles_v22_enrichment\train\DE05_Munich\validity_masks\DE05_off128_r007_c004_validity.tif,True,accepted,0,
DE05_off128_r007_c006,DE05_off128_r007_c006,v2.2,v22_offset_enrichment,DE05,Munich,train,1920,1664,256,128,256,256,0,0.0,44211,0.6746063232421875,21325,0,7079,4918,30887,580,747,True,True,True,True,True,370,2,bare_land_moderate+road_rich+building_rich+mixed_minority,13.476103688151372,True,,693735.145199985,5327780.636082032,696295.145199985,5330340.636082032,EPSG:32632,data\processed\sar\DE05_Munich\DE05_Munich_S1_VV_VH.tif,data\processed\masks\DE05_Munich\DE05_label_mask.tif,data\processed\masks\DE05_Munich\DE05_validity_mask.tif,data\processed\tiles_v22_enrichment\train\DE05_Munich\images\DE05_off128_r007_c006_image.tif,data\processed\tiles_v22_enrichment\train\DE05_Munich\semantic_masks\DE05_off128_r007_c006_semantic.tif,data\processed\tiles_v22_enrichment\train\DE05_Munich\validity_masks\DE05_off128_r007_c006_validity.tif,True,accepted,0,
DE05_off128_r007_c007,DE05_off128_r007_c007,v2.2,v22_offset_enrichment,DE05,Munich,train,1920,1920,256,128,256,256,0,0.0,39020,0.59539794921875,26516,0,9325,5749,22994,913,39,True,True,True,True,True,304,2,bare_land_moderate+road_rich+building_rich+mixed_minority,16.932020194221312,True,,696295.145199985,5327780.636082032,698855.145199985,5330340.636082032,EPSG:32632,data\processed\sar\DE05_Munich\DE05_Munich_S1_VV_VH.tif,data\processed\masks\DE05_Munich\DE05_label_mask.tif,data\processed\masks\DE05_Munich\DE05_validity_mask.tif,data\processed\tiles_v22_enrichment\train\DE05_Munich\images\DE05_off128_r007_c007_image.tif,data\processed\tiles_v22_enrichment\train\DE05_Munich\semantic_masks\DE05_off128_r007_c007_semantic.tif,data\processed\tiles_v22_enrichment\train\DE05_Munich\validity_masks\DE05_off128_r007_c007_validity.tif,True,accepted,0,
DE05_off128_r008_c003,DE05_off128_r008_c003,v2.2,v22_offset_enrichment,DE05,Munich,train,2176,896,256,128,256,256,0,0.0,41741,0.6369171142578125,23795,0,6207,3801,30666,442,625,True,True,True,True,True,402,2,bare_land_moderate+road_rich+building_rich+mixed_minority,11.777210830268448,True,,686055.145199985,5325220.636082032,688615.145199985,5327780.636082032,EPSG:32632,data\processed\sar\DE05_Munich\DE05_Munich_S1_VV_VH.tif,data\processed\masks\DE05_Munich\DE05_label_mask.tif,data\processed\masks\DE05_Munich\DE05_validity_mask.tif,data\processed\tiles_v22_enrichment\train\DE05_Munich\images\DE05_off128_r008_c003_image.tif,data\processed\tiles_v22_enrichment\train\DE05_Munich\semantic_masks\DE05_off128_r008_c003_semantic.tif,data\processed\tiles_v22_enrichment\train\DE05_Munich\validity_masks\DE05_off128_r008_c003_validity.tif,True,accepted,0,
DE05_off128_r008_c007,DE05_off128_r008_c007,v2.2,v22_offset_enrichment,DE05,Munich,train,2176,1920,256,128,256,256,0,0.0,42932,0.65509033203125,22604,0,7918,5092,29326,575,21,True,True,True,True,True,366,2,bare_land_moderate+road_rich+building_rich+mixed_minority,13.62895598003274,True,,696295.145199985,5325220.636082032,698855.145199985,5327780.636082032,EPSG:32632,data\processed\sar\DE05_Munich\DE05_Munich_S1_VV_VH.tif,data\processed\masks\DE05_Munich\DE05_label_mask.tif,data\processed\masks\DE05_Munich\DE05_validity_mask.tif,data\processed\tiles_v22_enrichment\train\DE05_Munich\images\DE05_off128_r008_c007_image.tif,data\processed\tiles_v22_enrichment\train\DE05_Munich\semantic_masks\DE05_off128_r008_c007_semantic.tif,data\processed\tiles_v22_enrichment\train\DE05_Munich\validity_masks\DE05_off128_r008_c007_validity.tif,True,accepted,0,
DE05_off128_r008_c008,DE05_off128_r008_c008,v2.2,v22_offset_enrichment,DE05,Munich,train,2176,2176,256,128,256,256,0,0.0,43627,0.6656951904296875,21909,0,8039,4898,30048,620,22,True,True,True,True,True,373,2,bare_land_moderate+road_rich+building_rich+mixed_minority,13.322971647669467,True,,698855.145199985,5325220.636082032,701415.145199985,5327780.636082032,EPSG:32632,data\processed\sar\DE05_Munich\DE05_Munich_S1_VV_VH.tif,data\processed\masks\DE05_Munich\DE05_label_mask.tif,data\processed\masks\DE05_Munich\DE05_validity_mask.tif,data\processed\tiles_v22_enrichment\train\DE05_Munich\images\DE05_off128_r008_c008_image.tif,data\processed\tiles_v22_enrichment\train\DE05_Munich\semantic_masks\DE05_off128_r008_c008_semantic.tif,data\processed\tiles_v22_enrichment\train\DE05_Munich\validity_masks\DE05_off128_r008_c008_validity.tif,True,accepted,0,
DE05_off128_r010_c006,DE05_off128_r010_c006,v2.2,v22_offset_enrichment,DE05,Munich,train,2688,1664,256,128,256,256,0,0.0,62999,0.9612884521484376,2537,0,405,607,56430,5555,2,True,True,True,True,True,93,1,bare_land_rich,6.083821137443921,True,,693735.145199985,5320100.636082032,696295.145199985,5322660.636082032,EPSG:32632,data\processed\sar\DE05_Munich\DE05_Munich_S1_VV_VH.tif,data\processed\masks\DE05_Munich\DE05_label_mask.tif,data\processed\masks\DE05_Munich\DE05_validity_mask.tif,data\processed\tiles_v22_enrichment\train\DE05_Munich\images\DE05_off128_r010_c006_image.tif,data\processed\tiles_v22_enrichment\train\DE05_Munich\semantic_masks\DE05_off128_r010_c006_semantic.tif,data\processed\tiles_v22_enrichment\train\DE05_Munich\validity_masks\DE05_off128_r010_c006_validity.tif,True,accepted,0,
DE06_off128_r000_c002,DE06_off128_r000_c002,v2.2,v22_offset_enrichment,DE06,Nuremberg,train,128,640,256,128,256,256,0,0.0,43701,0.6668243408203125,21835,0,6380,5422,26915,1825,3159,True,True,True,True,True,233,2,bare_land_moderate+road_rich+water_rich+building_rich+mixed_minority,18.53328048598861,True,,641910.4733126876,5490948.6269730525,644470.4733126876,5493508.6269730525,EPSG:32632,data\processed\sar\DE06_Nuremberg\DE06_Nuremberg_S1_VV_VH.tif,data\processed\masks\DE06_Nuremberg\DE06_label_mask.tif,data\processed\masks\DE06_Nuremberg\DE06_validity_mask.tif,data\processed\tiles_v22_enrichment\train\DE06_Nuremberg\images\DE06_off128_r000_c002_image.tif,data\processed\tiles_v22_enrichment\train\DE06_Nuremberg\semantic_masks\DE06_off128_r000_c002_semantic.tif,data\processed\tiles_v22_enrichment\train\DE06_Nuremberg\validity_masks\DE06_off128_r000_c002_validity.tif,True,accepted,0,
DE06_off128_r000_c003,DE06_off128_r000_c003,v2.2,v22_offset_enrichment,DE06,Nuremberg,train,128,896,256,128,256,256,0,0.0,50244,0.76666259765625,15292,0,6513,4505,38372,753,101,True,True,True,True,True,407,2,bare_land_moderate+road_rich+building_rich+mixed_minority,11.370177445200234,True,,644470.4733126876,5490948.6269730525,647030.4733126876,5493508.6269730525,EPSG:32632,data\processed\sar\DE06_Nuremberg\DE06_Nuremberg_S1_VV_VH.tif,data\processed\masks\DE06_Nuremberg\DE06_label_mask.tif,data\processed\masks\DE06_Nuremberg\DE06_validity_mask.tif,data\processed\tiles_v22_enrichment\train\DE06_Nuremberg\images\DE06_off128_r000_c003_image.tif,data\processed\tiles_v22_enrichment\train\DE06_Nuremberg\semantic_masks\DE06_off128_r000_c003_semantic.tif,data\processed\tiles_v22_enrichment\train\DE06_Nuremberg\validity_masks\DE06_off128_r000_c003_validity.tif,True,accepted,0,
DE06_off128_r003_c001,DE06_off128_r003_c001,v2.2,v22_offset_enrichment,DE06,Nuremberg,train,896,384,256,128,256,256,0,0.0,51316,0.78302001953125,14220,0,4856,3053,40849,624,1934,True,True,True,True,True,412,2,bare_land_moderate+road_rich+mixed_minority,10.252425273253287,True,,639350.4733126876,5483268.6269730525,641910.4733126876,5485828.6269730525,EPSG:32632,data\processed\sar\DE06_Nuremberg\DE06_Nuremberg_S1_VV_VH.tif,data\processed\masks\DE06_Nuremberg\DE06_label_mask.tif,data\processed\masks\DE06_Nuremberg\DE06_validity_mask.tif,data\processed\tiles_v22_enrichment\train\DE06_Nuremberg\images\DE06_off128_r003_c001_image.tif,data\processed\tiles_v22_enrichment\train\DE06_Nuremberg\semantic_masks\DE06_off128_r003_c001_semantic.tif,data\processed\tiles_v22_enrichment\train\DE06_Nuremberg\validity_masks\DE06_off128_r003_c001_validity.tif,True,accepted,0,
DE06_off128_r003_c002,DE06_off128_r003_c002,v2.2,v22_offset_enrichment,DE06,Nuremberg,train,896,640,256,128,256,256,0,0.0,39572,0.60382080078125,25964,0,6481,4148,26726,557,1660,True,True,True,True,True,356,2,bare_land_moderate+road_rich+building_rich+mixed_minority,14.153780368152116,True,,641910.4733126876,5483268.6269730525,644470.4733126876,5485828.6269730525,EPSG:32632,data\processed\sar\DE06_Nuremberg\DE06_Nuremberg_S1_VV_VH.tif,data\processed\masks\DE06_Nuremberg\DE06_label_mask.tif,data\processed\masks\DE06_Nuremberg\DE06_validity_mask.tif,data\processed\tiles_v22_enrichment\train\DE06_Nuremberg\images\DE06_off128_r003_c002_image.tif,data\processed\tiles_v22_enrichment\train\DE06_Nuremberg\semantic_masks\DE06_off128_r003_c002_semantic.tif,data\processed\tiles_v22_enrichment\train\DE06_Nuremberg\validity_masks\DE06_off128_r003_c002_validity.tif,True,accepted,0,
DE06_off128_r004_c002,DE06_off128_r004_c002,v2.2,v22_offset_enrichment,DE06,Nuremberg,train,1152,640,256,128,256,256,0,0.0,38228,0.58331298828125,27308,0,12622,6467,17690,192,1257,True,True,True,True,True,456,3,road_rich+building_rich+mixed_minority,17.80037901318446,True,,641910.4733126876,5480708.6269730525,644470.4733126876,5483268.6269730525,EPSG:32632,data\processed\sar\DE06_Nuremberg\DE06_Nuremberg_S1_VV_VH.tif,data\processed\masks\DE06_Nuremberg\DE06_label_mask.tif,data\processed\masks\DE06_Nuremberg\DE06_validity_mask.tif,data\processed\tiles_v22_enrichment\train\DE06_Nuremberg\images\DE06_off128_r004_c002_image.tif,data\processed\tiles_v22_enrichment\train\DE06_Nuremberg\semantic_masks\DE06_off128_r004_c002_semantic.tif,data\processed\tiles_v22_enrichment\train\DE06_Nuremberg\validity_masks\DE06_off128_r004_c002_validity.tif,True,accepted,0,
DE06_off128_r004_c003,DE06_off128_r004_c003,v2.2,v22_offset_enrichment,DE06,Nuremberg,train,1152,896,256,128,256,256,0,0.0,38564,0.58843994140625,26972,0,11786,6640,18281,443,1414,True,True,True,True,True,235,2,bare_land_moderate+road_rich+building_rich+mixed_minority,18.47408458407817,True,,644470.4733126876,5480708.6269730525,647030.4733126876,5483268.6269730525,EPSG:32632,data\processed\sar\DE06_Nuremberg\DE06_Nuremberg_S1_VV_VH.tif,data\processed\masks\DE06_Nuremberg\DE06_label_mask.tif,data\processed\masks\DE06_Nuremberg\DE06_validity_mask.tif,data\processed\tiles_v22_enrichment\train\DE06_Nuremberg\images\DE06_off128_r004_c003_image.tif,data\processed\tiles_v22_enrichment\train\DE06_Nuremberg\semantic_masks\DE06_off128_r004_c003_semantic.tif,data\processed\tiles_v22_enrichment\train\DE06_Nuremberg\validity_masks\DE06_off128_r004_c003_validity.tif,True,accepted,0,
DE06_off128_r004_c004,DE06_off128_r004_c004,v2.2,v22_offset_enrichment,DE06,Nuremberg,train,1152,1152,256,128,256,256,0,0.0,37916,0.57855224609375,27620,0,10267,5144,21178,905,422,True,True,True,True,True,295,2,bare_land_moderate+road_rich+building_rich+mixed_minority,17.13507192116496,True,,647030.4733126876,5480708.6269730525,649590.4733126876,5483268.6269730525,EPSG:32632,data\processed\sar\DE06_Nuremberg\DE06_Nuremberg_S1_VV_VH.tif,data\processed\masks\DE06_Nuremberg\DE06_label_mask.tif,data\processed\masks\DE06_Nuremberg\DE06_validity_mask.tif,data\processed\tiles_v22_enrichment\train\DE06_Nuremberg\images\DE06_off128_r004_c004_image.tif,data\processed\tiles_v22_enrichment\train\DE06_Nuremberg\semantic_masks\DE06_off128_r004_c004_semantic.tif,data\processed\tiles_v22_enrichment\train\DE06_Nuremberg\validity_masks\DE06_off128_r004_c004_validity.tif,True,accepted,0,
DE06_off128_r004_c005,DE06_off128_r004_c005,v2.2,v22_offset_enrichment,DE06,Nuremberg,train,1152,1408,256,128,256,256,0,0.0,38808,0.5921630859375,26728,0,13773,6749,17588,427,271,True,True,True,True,True,291,2,bare_land_moderate+road_rich+building_rich+mixed_minority,17.251717816920802,True,,649590.4733126876,5480708.6269730525,652150.4733126876,5483268.6269730525,EPSG:32632,data\processed\sar\DE06_Nuremberg\DE06_Nuremberg_S1_VV_VH.tif,data\processed\masks\DE06_Nuremberg\DE06_label_mask.tif,data\processed\masks\DE06_Nuremberg\DE06_validity_mask.tif,data\processed\tiles_v22_enrichment\train\DE06_Nuremberg\images\DE06_off128_r004_c005_image.tif,data\processed\tiles_v22_enrichment\train\DE06_Nuremberg\semantic_masks\DE06_off128_r004_c005_semantic.tif,data\processed\tiles_v22_enrichment\train\DE06_Nuremberg\validity_masks\DE06_off128_r004_c005_validity.tif,True,accepted,0,
DE06_off128_r004_c006,DE06_off128_r004_c006,v2.2,v22_offset_enrichment,DE06,Nuremberg,train,1152,1664,256,128,256,256,0,0.0,34199,0.5218353271484375,31337,0,12715,7087,11920,720,1757,True,True,True,True,True,186,2,bare_land_moderate+road_rich+water_rich+building_rich+mixed_minority,19.76112594968125,True,,652150.4733126876,5480708.6269730525,654710.4733126876,5483268.6269730525,EPSG:32632,data\processed\sar\DE06_Nuremberg\DE06_Nuremberg_S1_VV_VH.tif,data\processed\masks\DE06_Nuremberg\DE06_label_mask.tif,data\processed\masks\DE06_Nuremberg\DE06_validity_mask.tif,data\processed\tiles_v22_enrichment\train\DE06_Nuremberg\images\DE06_off128_r004_c006_image.tif,data\processed\tiles_v22_enrichment\train\DE06_Nuremberg\semantic_masks\DE06_off128_r004_c006_semantic.tif,data\processed\tiles_v22_enrichment\train\DE06_Nuremberg\validity_masks\DE06_off128_r004_c006_validity.tif,True,accepted,0,
DE06_off128_r004_c009,DE06_off128_r004_c009,v2.2,v22_offset_enrichment,DE06,Nuremberg,train,1152,2432,256,128,256,256,0,0.0,47800,0.7293701171875,17736,0,4254,2933,39742,670,201,True,True,True,True,True,429,2,bare_land_moderate+road_rich+mixed_minority,6.324805943955936,True,,659830.4733126876,5480708.6269730525,662390.4733126876,5483268.6269730525,EPSG:32632,data\processed\sar\DE06_Nuremberg\DE06_Nuremberg_S1_VV_VH.tif,data\processed\masks\DE06_Nuremberg\DE06_label_mask.tif,data\processed\masks\DE06_Nuremberg\DE06_validity_mask.tif,data\processed\tiles_v22_enrichment\train\DE06_Nuremberg\images\DE06_off128_r004_c009_image.tif,data\processed\tiles_v22_enrichment\train\DE06_Nuremberg\semantic_masks\DE06_off128_r004_c009_semantic.tif,data\processed\tiles_v22_enrichment\train\DE06_Nuremberg\validity_masks\DE06_off128_r004_c009_validity.tif,True,accepted,0,
DE06_off128_r005_c003,DE06_off128_r005_c003,v2.2,v22_offset_enrichment,DE06,Nuremberg,train,1408,896,256,128,256,256,0,0.0,35439,0.5407562255859375,30097,0,13909,7192,12208,1331,799,True,True,True,True,True,176,2,bare_land_moderate+road_rich+building_rich+mixed_minority,19.94718699394848,True,,644470.4733126876,5478148.6269730525,647030.4733126876,5480708.6269730525,EPSG:32632,data\processed\sar\DE06_Nuremberg\DE06_Nuremberg_S1_VV_VH.tif,data\processed\masks\DE06_Nuremberg\DE06_label_mask.tif,data\processed\masks\DE06_Nuremberg\DE06_validity_mask.tif,data\processed\tiles_v22_enrichment\train\DE06_Nuremberg\images\DE06_off128_r005_c003_image.tif,data\processed\tiles_v22_enrichment\train\DE06_Nuremberg\semantic_masks\DE06_off128_r005_c003_semantic.tif,data\processed\tiles_v22_enrichment\train\DE06_Nuremberg\validity_masks\DE06_off128_r005_c003_validity.tif,True,accepted,0,
DE06_off128_r005_c004,DE06_off128_r005_c004,v2.2,v22_offset_enrichment,DE06,Nuremberg,train,1408,1152,256,128,256,256,0,0.0,34091,0.5201873779296875,31445,0,15716,8427,7556,1824,568,True,True,True,True,True,44,1,bare_land_rich+road_rich+building_rich+mixed_minority,20.96694751990264,True,,647030.4733126876,5478148.6269730525,649590.4733126876,5480708.6269730525,EPSG:32632,data\processed\sar\DE06_Nuremberg\DE06_Nuremberg_S1_VV_VH.tif,data\processed\masks\DE06_Nuremberg\DE06_label_mask.tif,data\processed\masks\DE06_Nuremberg\DE06_validity_mask.tif,data\processed\tiles_v22_enrichment\train\DE06_Nuremberg\images\DE06_off128_r005_c004_image.tif,data\processed\tiles_v22_enrichment\train\DE06_Nuremberg\semantic_masks\DE06_off128_r005_c004_semantic.tif,data\processed\tiles_v22_enrichment\train\DE06_Nuremberg\validity_masks\DE06_off128_r005_c004_validity.tif,True,accepted,0,
DE06_off128_r005_c005,DE06_off128_r005_c005,v2.2,v22_offset_enrichment,DE06,Nuremberg,train,1408,1408,256,128,256,256,0,0.0,38468,0.58697509765625,27068,0,21399,10147,5442,377,1103,True,True,True,True,True,452,3,road_rich+building_rich+mixed_minority,18.01793069711554,True,,649590.4733126876,5478148.6269730525,652150.4733126876,5480708.6269730525,EPSG:32632,data\processed\sar\DE06_Nuremberg\DE06_Nuremberg_S1_VV_VH.tif,data\processed\masks\DE06_Nuremberg\DE06_label_mask.tif,data\processed\masks\DE06_Nuremberg\DE06_validity_mask.tif,data\processed\tiles_v22_enrichment\train\DE06_Nuremberg\images\DE06_off128_r005_c005_image.tif,data\processed\tiles_v22_enrichment\train\DE06_Nuremberg\semantic_masks\DE06_off128_r005_c005_semantic.tif,data\processed\tiles_v22_enrichment\train\DE06_Nuremberg\validity_masks\DE06_off128_r005_c005_validity.tif,True,accepted,0,
DE06_off128_r005_c006,DE06_off128_r005_c006,v2.2,v22_offset_enrichment,DE06,Nuremberg,train,1408,1664,256,128,256,256,0,0.0,33311,0.5082855224609375,32225,0,10884,6873,12084,370,3100,True,True,True,True,True,159,2,bare_land_moderate+road_rich+water_rich+building_rich+mixed_minority,20.619374952378983,True,,652150.4733126876,5478148.6269730525,654710.4733126876,5480708.6269730525,EPSG:32632,data\processed\sar\DE06_Nuremberg\DE06_Nuremberg_S1_VV_VH.tif,data\processed\masks\DE06_Nuremberg\DE06_label_mask.tif,data\processed\masks\DE06_Nuremberg\DE06_validity_mask.tif,data\processed\tiles_v22_enrichment\train\DE06_Nuremberg\images\DE06_off128_r005_c006_image.tif,data\processed\tiles_v22_enrichment\train\DE06_Nuremberg\semantic_masks\DE06_off128_r005_c006_semantic.tif,data\processed\tiles_v22_enrichment\train\DE06_Nuremberg\validity_masks\DE06_off128_r005_c006_validity.tif,True,accepted,0,
DE06_off128_r006_c001,DE06_off128_r006_c001,v2.2,v22_offset_enrichment,DE06,Nuremberg,train,1664,384,256,128,256,256,0,0.0,52193,0.7964019775390625,13343,0,3226,3378,44715,638,236,True,True,True,True,True,431,2,bare_land_moderate+road_rich+mixed_minority,6.135915273879396,True,,639350.4733126876,5475588.6269730525,641910.4733126876,5478148.6269730525,EPSG:32632,data\processed\sar\DE06_Nuremberg\DE06_Nuremberg_S1_VV_VH.tif,data\processed\masks\DE06_Nuremberg\DE06_label_mask.tif,data\processed\masks\DE06_Nuremberg\DE06_validity_mask.tif,data\processed\tiles_v22_enrichment\train\DE06_Nuremberg\images\DE06_off128_r006_c001_image.tif,data\processed\tiles_v22_enrichment\train\DE06_Nuremberg\semantic_masks\DE06_off128_r006_c001_semantic.tif,data\processed\tiles_v22_enrichment\train\DE06_Nuremberg\validity_masks\DE06_off128_r006_c001_validity.tif,True,accepted,0,
DE06_off128_r006_c003,DE06_off128_r006_c003,v2.2,v22_offset_enrichment,DE06,Nuremberg,train,1664,896,256,128,256,256,0,0.0,41341,0.6308135986328125,24195,0,7169,5143,25920,821,2288,True,True,True,True,True,311,2,bare_land_moderate+road_rich+water_rich+building_rich+mixed_minority,16.49876551077814,True,,644470.4733126876,5475588.6269730525,647030.4733126876,5478148.6269730525,EPSG:32632,data\processed\sar\DE06_Nuremberg\DE06_Nuremberg_S1_VV_VH.tif,data\processed\masks\DE06_Nuremberg\DE06_label_mask.tif,data\processed\masks\DE06_Nuremberg\DE06_validity_mask.tif,data\processed\tiles_v22_enrichment\train\DE06_Nuremberg\images\DE06_off128_r006_c003_image.tif,data\processed\tiles_v22_enrichment\train\DE06_Nuremberg\semantic_masks\DE06_off128_r006_c003_semantic.tif,data\processed\tiles_v22_enrichment\train\DE06_Nuremberg\validity_masks\DE06_off128_r006_c003_validity.tif,True,accepted,0,
DE06_off128_r006_c004,DE06_off128_r006_c004,v2.2,v22_offset_enrichment,DE06,Nuremberg,train,1664,1152,256,128,256,256,0,0.0,32772,0.50006103515625,32764,0,14743,8276,7957,650,1146,True,True,True,True,True,216,2,bare_land_moderate+road_rich+building_rich+mixed_minority,18.9855364409905,True,,647030.4733126876,5475588.6269730525,649590.4733126876,5478148.6269730525,EPSG:32632,data\processed\sar\DE06_Nuremberg\DE06_Nuremberg_S1_VV_VH.tif,data\processed\masks\DE06_Nuremberg\DE06_label_mask.tif,data\processed\masks\DE06_Nuremberg\DE06_validity_mask.tif,data\processed\tiles_v22_enrichment\train\DE06_Nuremberg\images\DE06_off128_r006_c004_image.tif,data\processed\tiles_v22_enrichment\train\DE06_Nuremberg\semantic_masks\DE06_off128_r006_c004_semantic.tif,data\processed\tiles_v22_enrichment\train\DE06_Nuremberg\validity_masks\DE06_off128_r006_c004_validity.tif,True,accepted,0,
DE06_off128_r006_c005,DE06_off128_r006_c005,v2.2,v22_offset_enrichment,DE06,Nuremberg,train,1664,1408,256,128,256,256,0,0.0,30298,0.462310791015625,35238,0,15252,7510,5783,1751,2,True,True,True,True,True,46,1,bare_land_rich+road_rich+building_rich+mixed_minority,20.588358714971,True,,649590.4733126876,5475588.6269730525,652150.4733126876,5478148.6269730525,EPSG:32632,data\processed\sar\DE06_Nuremberg\DE06_Nuremberg_S1_VV_VH.tif,data\processed\masks\DE06_Nuremberg\DE06_label_mask.tif,data\processed\masks\DE06_Nuremberg\DE06_validity_mask.tif,data\processed\tiles_v22_enrichment\train\DE06_Nuremberg\images\DE06_off128_r006_c005_image.tif,data\processed\tiles_v22_enrichment\train\DE06_Nuremberg\semantic_masks\DE06_off128_r006_c005_semantic.tif,data\processed\tiles_v22_enrichment\train\DE06_Nuremberg\validity_masks\DE06_off128_r006_c005_validity.tif,True,accepted,0,
DE06_off128_r006_c006,DE06_off128_r006_c006,v2.2,v22_offset_enrichment,DE06,Nuremberg,train,1664,1664,256,128,256,256,0,0.0,44675,0.6816864013671875,20861,0,6994,4942,25042,1885,5812,True,True,True,True,True,168,2,bare_land_moderate+road_rich+water_rich+building_rich+mixed_minority,20.24654370410921,True,,652150.4733126876,5475588.6269730525,654710.4733126876,5478148.6269730525,EPSG:32632,data\processed\sar\DE06_Nuremberg\DE06_Nuremberg_S1_VV_VH.tif,data\processed\masks\DE06_Nuremberg\DE06_label_mask.tif,data\processed\masks\DE06_Nuremberg\DE06_validity_mask.tif,data\processed\tiles_v22_enrichment\train\DE06_Nuremberg\images\DE06_off128_r006_c006_image.tif,data\processed\tiles_v22_enrichment\train\DE06_Nuremberg\semantic_masks\DE06_off128_r006_c006_semantic.tif,data\processed\tiles_v22_enrichment\train\DE06_Nuremberg\validity_masks\DE06_off128_r006_c006_validity.tif,True,accepted,0,
DE06_off128_r006_c007,DE06_off128_r006_c007,v2.2,v22_offset_enrichment,DE06,Nuremberg,train,1664,1920,256,128,256,256,0,0.0,51643,0.7880096435546875,13893,0,5398,2679,42889,539,138,True,True,True,True,True,435,2,bare_land_moderate+road_rich+building_rich+mixed_minority,5.887183692184154,True,,654710.4733126876,5475588.6269730525,657270.4733126876,5478148.6269730525,EPSG:32632,data\processed\sar\DE06_Nuremberg\DE06_Nuremberg_S1_VV_VH.tif,data\processed\masks\DE06_Nuremberg\DE06_label_mask.tif,data\processed\masks\DE06_Nuremberg\DE06_validity_mask.tif,data\processed\tiles_v22_enrichment\train\DE06_Nuremberg\images\DE06_off128_r006_c007_image.tif,data\processed\tiles_v22_enrichment\train\DE06_Nuremberg\semantic_masks\DE06_off128_r006_c007_semantic.tif,data\processed\tiles_v22_enrichment\train\DE06_Nuremberg\validity_masks\DE06_off128_r006_c007_validity.tif,True,accepted,0,
DE06_off128_r007_c004,DE06_off128_r007_c004,v2.2,v22_offset_enrichment,DE06,Nuremberg,train,1920,1152,256,128,256,256,0,0.0,31158,0.475433349609375,34378,0,12495,6636,10777,285,965,True,True,True,True,True,453,3,road_rich+building_rich+mixed_minority,17.94603480028015,True,,647030.4733126876,5473028.6269730525,649590.4733126876,5475588.6269730525,EPSG:32632,data\processed\sar\DE06_Nuremberg\DE06_Nuremberg_S1_VV_VH.tif,data\processed\masks\DE06_Nuremberg\DE06_label_mask.tif,data\processed\masks\DE06_Nuremberg\DE06_validity_mask.tif,data\processed\tiles_v22_enrichment\train\DE06_Nuremberg\images\DE06_off128_r007_c004_image.tif,data\processed\tiles_v22_enrichment\train\DE06_Nuremberg\semantic_masks\DE06_off128_r007_c004_semantic.tif,data\processed\tiles_v22_enrichment\train\DE06_Nuremberg\validity_masks\DE06_off128_r007_c004_validity.tif,True,accepted,0,
DE06_off128_r007_c005,DE06_off128_r007_c005,v2.2,v22_offset_enrichment,DE06,Nuremberg,train,1920,1408,256,128,256,256,0,0.0,37994,0.579742431640625,27542,0,5165,4651,22873,1479,3826,True,True,True,True,True,211,2,bare_land_moderate+road_rich+water_rich+building_rich+mixed_minority,19.10590445722361,True,,649590.4733126876,5473028.6269730525,652150.4733126876,5475588.6269730525,EPSG:32632,data\processed\sar\DE06_Nuremberg\DE06_Nuremberg_S1_VV_VH.tif,data\processed\masks\DE06_Nuremberg\DE06_label_mask.tif,data\processed\masks\DE06_Nuremberg\DE06_validity_mask.tif,data\processed\tiles_v22_enrichment\train\DE06_Nuremberg\images\DE06_off128_r007_c005_image.tif,data\processed\tiles_v22_enrichment\train\DE06_Nuremberg\semantic_masks\DE06_off128_r007_c005_semantic.tif,data\processed\tiles_v22_enrichment\train\DE06_Nuremberg\validity_masks\DE06_off128_r007_c005_validity.tif,True,accepted,0,
DE06_off128_r007_c007,DE06_off128_r007_c007,v2.2,v22_offset_enrichment,DE06,Nuremberg,train,1920,1920,256,128,256,256,0,0.0,47307,0.7218475341796875,18229,0,6021,3719,36521,1004,42,True,True,True,True,True,409,2,bare_land_moderate+road_rich+building_rich+mixed_minority,11.081181248006397,True,,654710.4733126876,5473028.6269730525,657270.4733126876,5475588.6269730525,EPSG:32632,data\processed\sar\DE06_Nuremberg\DE06_Nuremberg_S1_VV_VH.tif,data\processed\masks\DE06_Nuremberg\DE06_label_mask.tif,data\processed\masks\DE06_Nuremberg\DE06_validity_mask.tif,data\processed\tiles_v22_enrichment\train\DE06_Nuremberg\images\DE06_off128_r007_c007_image.tif,data\processed\tiles_v22_enrichment\train\DE06_Nuremberg\semantic_masks\DE06_off128_r007_c007_semantic.tif,data\processed\tiles_v22_enrichment\train\DE06_Nuremberg\validity_masks\DE06_off128_r007_c007_validity.tif,True,accepted,0,
DE06_off128_r008_c005,DE06_off128_r008_c005,v2.2,v22_offset_enrichment,DE06,Nuremberg,train,2176,1408,256,128,256,256,0,0.0,51198,0.781219482421875,14338,0,3471,2671,41511,1600,1945,True,True,True,True,True,415,2,bare_land_moderate+road_rich+mixed_minority,7.663629683634606,True,,649590.4733126876,5470468.6269730525,652150.4733126876,5473028.6269730525,EPSG:32632,data\processed\sar\DE06_Nuremberg\DE06_Nuremberg_S1_VV_VH.tif,data\processed\masks\DE06_Nuremberg\DE06_label_mask.tif,data\processed\masks\DE06_Nuremberg\DE06_validity_mask.tif,data\processed\tiles_v22_enrichment\train\DE06_Nuremberg\images\DE06_off128_r008_c005_image.tif,data\processed\tiles_v22_enrichment\train\DE06_Nuremberg\semantic_masks\DE06_off128_r008_c005_semantic.tif,data\processed\tiles_v22_enrichment\train\DE06_Nuremberg\validity_masks\DE06_off128_r008_c005_validity.tif,True,accepted,0,
DE06_off128_r009_c004,DE06_off128_r009_c004,v2.2,v22_offset_enrichment,DE06,Nuremberg,train,2432,1152,256,128,256,256,0,0.0,47159,0.7195892333984375,18377,0,4654,3467,34858,2578,1602,True,True,True,True,True,80,1,bare_land_rich+road_rich+mixed_minority,14.34303332678464,True,,647030.4733126876,5467908.6269730525,649590.4733126876,5470468.6269730525,EPSG:32632,data\processed\sar\DE06_Nuremberg\DE06_Nuremberg_S1_VV_VH.tif,data\processed\masks\DE06_Nuremberg\DE06_label_mask.tif,data\processed\masks\DE06_Nuremberg\DE06_validity_mask.tif,data\processed\tiles_v22_enrichment\train\DE06_Nuremberg\images\DE06_off128_r009_c004_image.tif,data\processed\tiles_v22_enrichment\train\DE06_Nuremberg\semantic_masks\DE06_off128_r009_c004_semantic.tif,data\processed\tiles_v22_enrichment\train\DE06_Nuremberg\validity_masks\DE06_off128_r009_c004_validity.tif,True,accepted,0,
DE06_off128_r009_c009,DE06_off128_r009_c009,v2.2,v22_offset_enrichment,DE06,Nuremberg,train,2432,2432,256,128,256,256,0,0.0,58571,0.8937225341796875,6965,0,1243,2188,48540,5441,1159,True,True,True,True,True,86,1,bare_land_rich,8.173632954612469,True,,659830.4733126876,5467908.6269730525,662390.4733126876,5470468.6269730525,EPSG:32632,data\processed\sar\DE06_Nuremberg\DE06_Nuremberg_S1_VV_VH.tif,data\processed\masks\DE06_Nuremberg\DE06_label_mask.tif,data\processed\masks\DE06_Nuremberg\DE06_validity_mask.tif,data\processed\tiles_v22_enrichment\train\DE06_Nuremberg\images\DE06_off128_r009_c009_image.tif,data\processed\tiles_v22_enrichment\train\DE06_Nuremberg\semantic_masks\DE06_off128_r009_c009_semantic.tif,data\processed\tiles_v22_enrichment\train\DE06_Nuremberg\validity_masks\DE06_off128_r009_c009_validity.tif,True,accepted,0,
DE07_off128_r000_c003,DE07_off128_r000_c003,v2.2,v22_offset_enrichment,DE07,Frankfurt,train,128,896,256,128,256,256,0,0.0,35062,0.535003662109375,30474,0,10783,6651,16864,533,231,True,True,True,True,True,280,2,bare_land_moderate+road_rich+building_rich+mixed_minority,17.514668256256883,True,,471229.50839400734,5562169.574938818,473789.50839400734,5564729.574938818,EPSG:32632,data\processed\sar\DE07_Frankfurt\DE07_Frankfurt_S1_VV_VH.tif,data\processed\masks\DE07_Frankfurt\DE07_label_mask.tif,data\processed\masks\DE07_Frankfurt\DE07_validity_mask.tif,data\processed\tiles_v22_enrichment\train\DE07_Frankfurt\images\DE07_off128_r000_c003_image.tif,data\processed\tiles_v22_enrichment\train\DE07_Frankfurt\semantic_masks\DE07_off128_r000_c003_semantic.tif,data\processed\tiles_v22_enrichment\train\DE07_Frankfurt\validity_masks\DE07_off128_r000_c003_validity.tif,True,accepted,0,
DE07_off128_r001_c002,DE07_off128_r001_c002,v2.2,v22_offset_enrichment,DE07,Frankfurt,train,384,640,256,128,256,256,0,0.0,36823,0.5618743896484375,28713,0,10024,6086,20267,285,161,True,True,True,True,True,483,3,road_rich+building_rich+mixed_minority,16.43926080574707,True,,468669.50839400734,5559609.574938818,471229.50839400734,5562169.574938818,EPSG:32632,data\processed\sar\DE07_Frankfurt\DE07_Frankfurt_S1_VV_VH.tif,data\processed\masks\DE07_Frankfurt\DE07_label_mask.tif,data\processed\masks\DE07_Frankfurt\DE07_validity_mask.tif,data\processed\tiles_v22_enrichment\train\DE07_Frankfurt\images\DE07_off128_r001_c002_image.tif,data\processed\tiles_v22_enrichment\train\DE07_Frankfurt\semantic_masks\DE07_off128_r001_c002_semantic.tif,data\processed\tiles_v22_enrichment\train\DE07_Frankfurt\validity_masks\DE07_off128_r001_c002_validity.tif,True,accepted,0,
DE07_off128_r001_c006,DE07_off128_r001_c006,v2.2,v22_offset_enrichment,DE07,Frankfurt,train,384,1664,256,128,256,256,0,0.0,51736,0.7894287109375,13800,0,4359,3257,43571,521,28,True,True,True,True,True,433,2,bare_land_moderate+road_rich+mixed_minority,6.060445698398479,True,,478909.50839400734,5559609.574938818,481469.50839400734,5562169.574938818,EPSG:32632,data\processed\sar\DE07_Frankfurt\DE07_Frankfurt_S1_VV_VH.tif,data\processed\masks\DE07_Frankfurt\DE07_label_mask.tif,data\processed\masks\DE07_Frankfurt\DE07_validity_mask.tif,data\processed\tiles_v22_enrichment\train\DE07_Frankfurt\images\DE07_off128_r001_c006_image.tif,data\processed\tiles_v22_enrichment\train\DE07_Frankfurt\semantic_masks\DE07_off128_r001_c006_semantic.tif,data\processed\tiles_v22_enrichment\train\DE07_Frankfurt\validity_masks\DE07_off128_r001_c006_validity.tif,True,accepted,0,
DE07_off128_r001_c008,DE07_off128_r001_c008,v2.2,v22_offset_enrichment,DE07,Frankfurt,train,384,2176,256,128,256,256,0,0.0,51980,0.79315185546875,13556,0,3587,2851,44558,662,322,True,True,True,True,True,436,2,bare_land_moderate+road_rich+mixed_minority,5.870048545846208,True,,484029.50839400734,5559609.574938818,486589.50839400734,5562169.574938818,EPSG:32632,data\processed\sar\DE07_Frankfurt\DE07_Frankfurt_S1_VV_VH.tif,data\processed\masks\DE07_Frankfurt\DE07_label_mask.tif,data\processed\masks\DE07_Frankfurt\DE07_validity_mask.tif,data\processed\tiles_v22_enrichment\train\DE07_Frankfurt\images\DE07_off128_r001_c008_image.tif,data\processed\tiles_v22_enrichment\train\DE07_Frankfurt\semantic_masks\DE07_off128_r001_c008_semantic.tif,data\processed\tiles_v22_enrichment\train\DE07_Frankfurt\validity_masks\DE07_off128_r001_c008_validity.tif,True,accepted,0,
DE07_off128_r002_c003,DE07_off128_r002_c003,v2.2,v22_offset_enrichment,DE07,Frankfurt,train,640,896,256,128,256,256,0,0.0,46446,0.708709716796875,19090,0,5446,4252,35777,794,177,True,True,True,True,True,406,2,bare_land_moderate+road_rich+building_rich+mixed_minority,11.4804015740074,True,,471229.50839400734,5557049.574938818,473789.50839400734,5559609.574938818,EPSG:32632,data\processed\sar\DE07_Frankfurt\DE07_Frankfurt_S1_VV_VH.tif,data\processed\masks\DE07_Frankfurt\DE07_label_mask.tif,data\processed\masks\DE07_Frankfurt\DE07_validity_mask.tif,data\processed\tiles_v22_enrichment\train\DE07_Frankfurt\images\DE07_off128_r002_c003_image.tif,data\processed\tiles_v22_enrichment\train\DE07_Frankfurt\semantic_masks\DE07_off128_r002_c003_semantic.tif,data\processed\tiles_v22_enrichment\train\DE07_Frankfurt\validity_masks\DE07_off128_r002_c003_validity.tif,True,accepted,0,
DE07_off128_r002_c004,DE07_off128_r002_c004,v2.2,v22_offset_enrichment,DE07,Frankfurt,train,640,1152,256,128,256,256,0,0.0,45439,0.6933441162109375,20097,0,5608,4495,32945,1568,823,True,True,True,True,True,361,2,bare_land_moderate+road_rich+building_rich+mixed_minority,13.965159076927502,True,,473789.50839400734,5557049.574938818,476349.50839400734,5559609.574938818,EPSG:32632,data\processed\sar\DE07_Frankfurt\DE07_Frankfurt_S1_VV_VH.tif,data\processed\masks\DE07_Frankfurt\DE07_label_mask.tif,data\processed\masks\DE07_Frankfurt\DE07_validity_mask.tif,data\processed\tiles_v22_enrichment\train\DE07_Frankfurt\images\DE07_off128_r002_c004_image.tif,data\processed\tiles_v22_enrichment\train\DE07_Frankfurt\semantic_masks\DE07_off128_r002_c004_semantic.tif,data\processed\tiles_v22_enrichment\train\DE07_Frankfurt\validity_masks\DE07_off128_r002_c004_validity.tif,True,accepted,0,
DE07_off128_r002_c005,DE07_off128_r002_c005,v2.2,v22_offset_enrichment,DE07,Frankfurt,train,640,1408,256,128,256,256,0,0.0,45012,0.68682861328125,20524,0,4228,3415,35897,704,768,True,True,True,True,True,411,2,bare_land_moderate+road_rich+mixed_minority,10.581612226539937,True,,476349.50839400734,5557049.574938818,478909.50839400734,5559609.574938818,EPSG:32632,data\processed\sar\DE07_Frankfurt\DE07_Frankfurt_S1_VV_VH.tif,data\processed\masks\DE07_Frankfurt\DE07_label_mask.tif,data\processed\masks\DE07_Frankfurt\DE07_validity_mask.tif,data\processed\tiles_v22_enrichment\train\DE07_Frankfurt\images\DE07_off128_r002_c005_image.tif,data\processed\tiles_v22_enrichment\train\DE07_Frankfurt\semantic_masks\DE07_off128_r002_c005_semantic.tif,data\processed\tiles_v22_enrichment\train\DE07_Frankfurt\validity_masks\DE07_off128_r002_c005_validity.tif,True,accepted,0,
DE07_off128_r003_c001,DE07_off128_r003_c001,v2.2,v22_offset_enrichment,DE07,Frankfurt,train,896,384,256,128,256,256,0,0.0,37264,0.568603515625,28272,0,8545,5591,22598,512,18,True,True,True,True,True,324,2,bare_land_moderate+road_rich+building_rich+mixed_minority,16.12675615624329,True,,466109.50839400734,5554489.574938818,468669.50839400734,5557049.574938818,EPSG:32632,data\processed\sar\DE07_Frankfurt\DE07_Frankfurt_S1_VV_VH.tif,data\processed\masks\DE07_Frankfurt\DE07_label_mask.tif,data\processed\masks\DE07_Frankfurt\DE07_validity_mask.tif,data\processed\tiles_v22_enrichment\train\DE07_Frankfurt\images\DE07_off128_r003_c001_image.tif,data\processed\tiles_v22_enrichment\train\DE07_Frankfurt\semantic_masks\DE07_off128_r003_c001_semantic.tif,data\processed\tiles_v22_enrichment\train\DE07_Frankfurt\validity_masks\DE07_off128_r003_c001_validity.tif,True,accepted,0,
DE07_off128_r003_c004,DE07_off128_r003_c004,v2.2,v22_offset_enrichment,DE07,Frankfurt,train,896,1152,256,128,256,256,0,0.0,33696,0.51416015625,31840,0,10026,6691,16046,180,753,True,True,True,True,True,464,3,road_rich+building_rich+mixed_minority,17.298526253116098,True,,473789.50839400734,5554489.574938818,476349.50839400734,5557049.574938818,EPSG:32632,data\processed\sar\DE07_Frankfurt\DE07_Frankfurt_S1_VV_VH.tif,data\processed\masks\DE07_Frankfurt\DE07_label_mask.tif,data\processed\masks\DE07_Frankfurt\DE07_validity_mask.tif,data\processed\tiles_v22_enrichment\train\DE07_Frankfurt\images\DE07_off128_r003_c004_image.tif,data\processed\tiles_v22_enrichment\train\DE07_Frankfurt\semantic_masks\DE07_off128_r003_c004_semantic.tif,data\processed\tiles_v22_enrichment\train\DE07_Frankfurt\validity_masks\DE07_off128_r003_c004_validity.tif,True,accepted,0,
DE07_off128_r004_c002,DE07_off128_r004_c002,v2.2,v22_offset_enrichment,DE07,Frankfurt,train,1152,640,256,128,256,256,0,0.0,38563,0.5884246826171875,26973,0,8088,7210,21477,1752,36,True,True,True,True,True,242,2,bare_land_moderate+road_rich+building_rich+mixed_minority,18.406358971961897,True,,468669.50839400734,5551929.574938818,471229.50839400734,5554489.574938818,EPSG:32632,data\processed\sar\DE07_Frankfurt\DE07_Frankfurt_S1_VV_VH.tif,data\processed\masks\DE07_Frankfurt\DE07_label_mask.tif,data\processed\masks\DE07_Frankfurt\DE07_validity_mask.tif,data\processed\tiles_v22_enrichment\train\DE07_Frankfurt\images\DE07_off128_r004_c002_image.tif,data\processed\tiles_v22_enrichment\train\DE07_Frankfurt\semantic_masks\DE07_off128_r004_c002_semantic.tif,data\processed\tiles_v22_enrichment\train\DE07_Frankfurt\validity_masks\DE07_off128_r004_c002_validity.tif,True,accepted,0,
DE07_off128_r004_c003,DE07_off128_r004_c003,v2.2,v22_offset_enrichment,DE07,Frankfurt,train,1152,896,256,128,256,256,0,0.0,36241,0.5529937744140625,29295,0,10032,6784,17961,669,795,True,True,True,True,True,259,2,bare_land_moderate+road_rich+building_rich+mixed_minority,18.05943675336056,True,,471229.50839400734,5551929.574938818,473789.50839400734,5554489.574938818,EPSG:32632,data\processed\sar\DE07_Frankfurt\DE07_Frankfurt_S1_VV_VH.tif,data\processed\masks\DE07_Frankfurt\DE07_label_mask.tif,data\processed\masks\DE07_Frankfurt\DE07_validity_mask.tif,data\processed\tiles_v22_enrichment\train\DE07_Frankfurt\images\DE07_off128_r004_c003_image.tif,data\processed\tiles_v22_enrichment\train\DE07_Frankfurt\semantic_masks\DE07_off128_r004_c003_semantic.tif,data\processed\tiles_v22_enrichment\train\DE07_Frankfurt\validity_masks\DE07_off128_r004_c003_validity.tif,True,accepted,0,
DE07_off128_r004_c004,DE07_off128_r004_c004,v2.2,v22_offset_enrichment,DE07,Frankfurt,train,1152,1152,256,128,256,256,0,0.0,38696,0.5904541015625,26840,0,10802,7280,20204,207,203,True,True,True,True,True,485,3,road_rich+building_rich+mixed_minority,16.415500617998305,True,,473789.50839400734,5551929.574938818,476349.50839400734,5554489.574938818,EPSG:32632,data\processed\sar\DE07_Frankfurt\DE07_Frankfurt_S1_VV_VH.tif,data\processed\masks\DE07_Frankfurt\DE07_label_mask.tif,data\processed\masks\DE07_Frankfurt\DE07_validity_mask.tif,data\processed\tiles_v22_enrichment\train\DE07_Frankfurt\images\DE07_off128_r004_c004_image.tif,data\processed\tiles_v22_enrichment\train\DE07_Frankfurt\semantic_masks\DE07_off128_r004_c004_semantic.tif,data\processed\tiles_v22_enrichment\train\DE07_Frankfurt\validity_masks\DE07_off128_r004_c004_validity.tif,True,accepted,0,
DE07_off128_r004_c005,DE07_off128_r004_c005,v2.2,v22_offset_enrichment,DE07,Frankfurt,train,1152,1408,256,128,256,256,0,0.0,28906,0.441070556640625,36630,0,14811,8104,5591,380,20,True,True,True,True,True,299,2,bare_land_moderate+road_rich+building_rich+mixed_minority,17.020431243003316,True,,476349.50839400734,5551929.574938818,478909.50839400734,5554489.574938818,EPSG:32632,data\processed\sar\DE07_Frankfurt\DE07_Frankfurt_S1_VV_VH.tif,data\processed\masks\DE07_Frankfurt\DE07_label_mask.tif,data\processed\masks\DE07_Frankfurt\DE07_validity_mask.tif,data\processed\tiles_v22_enrichment\train\DE07_Frankfurt\images\DE07_off128_r004_c005_image.tif,data\processed\tiles_v22_enrichment\train\DE07_Frankfurt\semantic_masks\DE07_off128_r004_c005_semantic.tif,data\processed\tiles_v22_enrichment\train\DE07_Frankfurt\validity_masks\DE07_off128_r004_c005_validity.tif,True,accepted,0,
DE07_off128_r004_c006,DE07_off128_r004_c006,v2.2,v22_offset_enrichment,DE07,Frankfurt,train,1152,1664,256,128,256,256,0,0.0,37363,0.5701141357421875,28173,0,10593,6172,18963,1195,440,True,True,True,True,True,223,2,bare_land_moderate+road_rich+building_rich+mixed_minority,18.852586099984887,True,,478909.50839400734,5551929.574938818,481469.50839400734,5554489.574938818,EPSG:32632,data\processed\sar\DE07_Frankfurt\DE07_Frankfurt_S1_VV_VH.tif,data\processed\masks\DE07_Frankfurt\DE07_label_mask.tif,data\processed\masks\DE07_Frankfurt\DE07_validity_mask.tif,data\processed\tiles_v22_enrichment\train\DE07_Frankfurt\images\DE07_off128_r004_c006_image.tif,data\processed\tiles_v22_enrichment\train\DE07_Frankfurt\semantic_masks\DE07_off128_r004_c006_semantic.tif,data\processed\tiles_v22_enrichment\train\DE07_Frankfurt\validity_masks\DE07_off128_r004_c006_validity.tif,True,accepted,0,
DE07_off128_r004_c007,DE07_off128_r004_c007,v2.2,v22_offset_enrichment,DE07,Frankfurt,train,1152,1920,256,128,256,256,0,0.0,38085,0.5811309814453125,27451,0,11101,5571,17244,1645,2524,True,True,True,True,True,135,2,bare_land_moderate+road_rich+water_rich+building_rich+mixed_minority,21.83634957144137,True,,481469.50839400734,5551929.574938818,484029.50839400734,5554489.574938818,EPSG:32632,data\processed\sar\DE07_Frankfurt\DE07_Frankfurt_S1_VV_VH.tif,data\processed\masks\DE07_Frankfurt\DE07_label_mask.tif,data\processed\masks\DE07_Frankfurt\DE07_validity_mask.tif,data\processed\tiles_v22_enrichment\train\DE07_Frankfurt\images\DE07_off128_r004_c007_image.tif,data\processed\tiles_v22_enrichment\train\DE07_Frankfurt\semantic_masks\DE07_off128_r004_c007_semantic.tif,data\processed\tiles_v22_enrichment\train\DE07_Frankfurt\validity_masks\DE07_off128_r004_c007_validity.tif,True,accepted,0,
DE07_off128_r004_c009,DE07_off128_r004_c009,v2.2,v22_offset_enrichment,DE07,Frankfurt,train,1152,2432,256,128,256,256,0,0.0,39722,0.606109619140625,25814,0,8676,5356,21644,226,3820,True,True,True,True,True,450,3,road_rich+water_rich+building_rich+mixed_minority,18.274504966806905,True,,486589.50839400734,5551929.574938818,489149.50839400734,5554489.574938818,EPSG:32632,data\processed\sar\DE07_Frankfurt\DE07_Frankfurt_S1_VV_VH.tif,data\processed\masks\DE07_Frankfurt\DE07_label_mask.tif,data\processed\masks\DE07_Frankfurt\DE07_validity_mask.tif,data\processed\tiles_v22_enrichment\train\DE07_Frankfurt\images\DE07_off128_r004_c009_image.tif,data\processed\tiles_v22_enrichment\train\DE07_Frankfurt\semantic_masks\DE07_off128_r004_c009_semantic.tif,data\processed\tiles_v22_enrichment\train\DE07_Frankfurt\validity_masks\DE07_off128_r004_c009_validity.tif,True,accepted,0,
DE07_off128_r005_c000,DE07_off128_r005_c000,v2.2,v22_offset_enrichment,DE07,Frankfurt,train,1408,128,256,128,256,256,0,0.0,35196,0.53704833984375,30340,0,3075,2781,28481,830,29,True,True,True,True,True,419,2,bare_land_moderate+road_rich+mixed_minority,7.355587775838118,True,,463549.50839400734,5549369.574938818,466109.50839400734,5551929.574938818,EPSG:32632,data\processed\sar\DE07_Frankfurt\DE07_Frankfurt_S1_VV_VH.tif,data\processed\masks\DE07_Frankfurt\DE07_label_mask.tif,data\processed\masks\DE07_Frankfurt\DE07_validity_mask.tif,data\processed\tiles_v22_enrichment\train\DE07_Frankfurt\images\DE07_off128_r005_c000_image.tif,data\processed\tiles_v22_enrichment\train\DE07_Frankfurt\semantic_masks\DE07_off128_r005_c000_semantic.tif,data\processed\tiles_v22_enrichment\train\DE07_Frankfurt\validity_masks\DE07_off128_r005_c000_validity.tif,True,accepted,0,
DE07_off128_r005_c001,DE07_off128_r005_c001,v2.2,v22_offset_enrichment,DE07,Frankfurt,train,1408,384,256,128,256,256,0,0.0,33487,0.5109710693359375,32049,0,10359,6822,13872,490,1944,True,True,True,True,True,193,2,bare_land_moderate+road_rich+water_rich+building_rich+mixed_minority,19.50366972851711,True,,466109.50839400734,5549369.574938818,468669.50839400734,5551929.574938818,EPSG:32632,data\processed\sar\DE07_Frankfurt\DE07_Frankfurt_S1_VV_VH.tif,data\processed\masks\DE07_Frankfurt\DE07_label_mask.tif,data\processed\masks\DE07_Frankfurt\DE07_validity_mask.tif,data\processed\tiles_v22_enrichment\train\DE07_Frankfurt\images\DE07_off128_r005_c001_image.tif,data\processed\tiles_v22_enrichment\train\DE07_Frankfurt\semantic_masks\DE07_off128_r005_c001_semantic.tif,data\processed\tiles_v22_enrichment\train\DE07_Frankfurt\validity_masks\DE07_off128_r005_c001_validity.tif,True,accepted,0,
DE07_off128_r005_c002,DE07_off128_r005_c002,v2.2,v22_offset_enrichment,DE07,Frankfurt,train,1408,640,256,128,256,256,0,0.0,45205,0.6897735595703125,20331,0,5452,4561,32165,1111,1916,True,True,True,True,True,355,2,bare_land_moderate+road_rich+building_rich+mixed_minority,14.214162454604049,True,,468669.50839400734,5549369.574938818,471229.50839400734,5551929.574938818,EPSG:32632,data\processed\sar\DE07_Frankfurt\DE07_Frankfurt_S1_VV_VH.tif,data\processed\masks\DE07_Frankfurt\DE07_label_mask.tif,data\processed\masks\DE07_Frankfurt\DE07_validity_mask.tif,data\processed\tiles_v22_enrichment\train\DE07_Frankfurt\images\DE07_off128_r005_c002_image.tif,data\processed\tiles_v22_enrichment\train\DE07_Frankfurt\semantic_masks\DE07_off128_r005_c002_semantic.tif,data\processed\tiles_v22_enrichment\train\DE07_Frankfurt\validity_masks\DE07_off128_r005_c002_validity.tif,True,accepted,0,
DE07_off128_r005_c003,DE07_off128_r005_c003,v2.2,v22_offset_enrichment,DE07,Frankfurt,train,1408,896,256,128,256,256,0,0.0,39677,0.6054229736328125,25859,0,7940,7152,21907,2198,480,True,True,True,True,True,57,1,bare_land_rich+road_rich+building_rich+mixed_minority,19.52285624731782,True,,471229.50839400734,5549369.574938818,473789.50839400734,5551929.574938818,EPSG:32632,data\processed\sar\DE07_Frankfurt\DE07_Frankfurt_S1_VV_VH.tif,data\processed\masks\DE07_Frankfurt\DE07_label_mask.tif,data\processed\masks\DE07_Frankfurt\DE07_validity_mask.tif,data\processed\tiles_v22_enrichment\train\DE07_Frankfurt\images\DE07_off128_r005_c003_image.tif,data\processed\tiles_v22_enrichment\train\DE07_Frankfurt\semantic_masks\DE07_off128_r005_c003_semantic.tif,data\processed\tiles_v22_enrichment\train\DE07_Frankfurt\validity_masks\DE07_off128_r005_c003_validity.tif,True,accepted,0,
DE07_off128_r005_c004,DE07_off128_r005_c004,v2.2,v22_offset_enrichment,DE07,Frankfurt,train,1408,1152,256,128,256,256,0,0.0,35146,0.536285400390625,30390,0,19493,8152,3487,1403,2611,True,True,True,True,True,130,2,bare_land_moderate+road_rich+water_rich+building_rich+mixed_minority,22.20142510334401,True,,473789.50839400734,5549369.574938818,476349.50839400734,5551929.574938818,EPSG:32632,data\processed\sar\DE07_Frankfurt\DE07_Frankfurt_S1_VV_VH.tif,data\processed\masks\DE07_Frankfurt\DE07_label_mask.tif,data\processed\masks\DE07_Frankfurt\DE07_validity_mask.tif,data\processed\tiles_v22_enrichment\train\DE07_Frankfurt\images\DE07_off128_r005_c004_image.tif,data\processed\tiles_v22_enrichment\train\DE07_Frankfurt\semantic_masks\DE07_off128_r005_c004_semantic.tif,data\processed\tiles_v22_enrichment\train\DE07_Frankfurt\validity_masks\DE07_off128_r005_c004_validity.tif,True,accepted,0,
DE07_off128_r005_c005,DE07_off128_r005_c005,v2.2,v22_offset_enrichment,DE07,Frankfurt,train,1408,1408,256,128,256,256,0,0.0,38949,0.5943145751953125,26587,0,18199,8981,7143,551,4075,True,True,True,True,True,147,2,bare_land_moderate+road_rich+water_rich+building_rich+mixed_minority,21.411010767652115,True,,476349.50839400734,5549369.574938818,478909.50839400734,5551929.574938818,EPSG:32632,data\processed\sar\DE07_Frankfurt\DE07_Frankfurt_S1_VV_VH.tif,data\processed\masks\DE07_Frankfurt\DE07_label_mask.tif,data\processed\masks\DE07_Frankfurt\DE07_validity_mask.tif,data\processed\tiles_v22_enrichment\train\DE07_Frankfurt\images\DE07_off128_r005_c005_image.tif,data\processed\tiles_v22_enrichment\train\DE07_Frankfurt\semantic_masks\DE07_off128_r005_c005_semantic.tif,data\processed\tiles_v22_enrichment\train\DE07_Frankfurt\validity_masks\DE07_off128_r005_c005_validity.tif,True,accepted,0,
DE07_off128_r005_c006,DE07_off128_r005_c006,v2.2,v22_offset_enrichment,DE07,Frankfurt,train,1408,1664,256,128,256,256,0,0.0,38738,0.591094970703125,26798,0,11003,6166,13379,1627,6563,True,True,True,True,True,104,2,bare_land_moderate+road_rich+water_rich+building_rich+mixed_minority,25.2116484324203,True,,478909.50839400734,5549369.574938818,481469.50839400734,5551929.574938818,EPSG:32632,data\processed\sar\DE07_Frankfurt\DE07_Frankfurt_S1_VV_VH.tif,data\processed\masks\DE07_Frankfurt\DE07_label_mask.tif,data\processed\masks\DE07_Frankfurt\DE07_validity_mask.tif,data\processed\tiles_v22_enrichment\train\DE07_Frankfurt\images\DE07_off128_r005_c006_image.tif,data\processed\tiles_v22_enrichment\train\DE07_Frankfurt\semantic_masks\DE07_off128_r005_c006_semantic.tif,data\processed\tiles_v22_enrichment\train\DE07_Frankfurt\validity_masks\DE07_off128_r005_c006_validity.tif,True,accepted,0,
DE07_off128_r005_c007,DE07_off128_r005_c007,v2.2,v22_offset_enrichment,DE07,Frankfurt,train,1408,1920,256,128,256,256,0,0.0,39073,0.5962066650390625,26463,0,14151,6333,12732,990,4867,True,True,True,True,True,118,2,bare_land_moderate+road_rich+water_rich+building_rich+mixed_minority,23.105650526529093,True,,481469.50839400734,5549369.574938818,484029.50839400734,5551929.574938818,EPSG:32632,data\processed\sar\DE07_Frankfurt\DE07_Frankfurt_S1_VV_VH.tif,data\processed\masks\DE07_Frankfurt\DE07_label_mask.tif,data\processed\masks\DE07_Frankfurt\DE07_validity_mask.tif,data\processed\tiles_v22_enrichment\train\DE07_Frankfurt\images\DE07_off128_r005_c007_image.tif,data\processed\tiles_v22_enrichment\train\DE07_Frankfurt\semantic_masks\DE07_off128_r005_c007_semantic.tif,data\processed\tiles_v22_enrichment\train\DE07_Frankfurt\validity_masks\DE07_off128_r005_c007_validity.tif,True,accepted,0,
DE07_off128_r005_c008,DE07_off128_r005_c008,v2.2,v22_offset_enrichment,DE07,Frankfurt,train,1408,2176,256,128,256,256,0,0.0,41204,0.62872314453125,24332,0,8177,4876,21256,5242,1653,True,True,True,True,True,17,1,bare_land_rich+road_rich+building_rich+mixed_minority,24.48812999823477,True,,484029.50839400734,5549369.574938818,486589.50839400734,5551929.574938818,EPSG:32632,data\processed\sar\DE07_Frankfurt\DE07_Frankfurt_S1_VV_VH.tif,data\processed\masks\DE07_Frankfurt\DE07_label_mask.tif,data\processed\masks\DE07_Frankfurt\DE07_validity_mask.tif,data\processed\tiles_v22_enrichment\train\DE07_Frankfurt\images\DE07_off128_r005_c008_image.tif,data\processed\tiles_v22_enrichment\train\DE07_Frankfurt\semantic_masks\DE07_off128_r005_c008_semantic.tif,data\processed\tiles_v22_enrichment\train\DE07_Frankfurt\validity_masks\DE07_off128_r005_c008_validity.tif,True,accepted,0,
DE07_off128_r006_c001,DE07_off128_r006_c001,v2.2,v22_offset_enrichment,DE07,Frankfurt,train,1664,384,256,128,256,256,0,0.0,37510,0.572357177734375,28026,0,7181,4974,21588,181,3586,True,True,True,True,True,458,3,road_rich+water_rich+building_rich+mixed_minority,17.61034704710254,True,,466109.50839400734,5546809.574938818,468669.50839400734,5549369.574938818,EPSG:32632,data\processed\sar\DE07_Frankfurt\DE07_Frankfurt_S1_VV_VH.tif,data\processed\masks\DE07_Frankfurt\DE07_label_mask.tif,data\processed\masks\DE07_Frankfurt\DE07_validity_mask.tif,data\processed\tiles_v22_enrichment\train\DE07_Frankfurt\images\DE07_off128_r006_c001_image.tif,data\processed\tiles_v22_enrichment\train\DE07_Frankfurt\semantic_masks\DE07_off128_r006_c001_semantic.tif,data\processed\tiles_v22_enrichment\train\DE07_Frankfurt\validity_masks\DE07_off128_r006_c001_validity.tif,True,accepted,0,
DE07_off128_r006_c002,DE07_off128_r006_c002,v2.2,v22_offset_enrichment,DE07,Frankfurt,train,1664,640,256,128,256,256,0,0.0,47295,0.7216644287109375,18241,0,4314,3527,34257,1971,3226,True,True,True,True,True,347,2,bare_land_moderate+road_rich+water_rich+mixed_minority,14.626728388960435,True,,468669.50839400734,5546809.574938818,471229.50839400734,5549369.574938818,EPSG:32632,data\processed\sar\DE07_Frankfurt\DE07_Frankfurt_S1_VV_VH.tif,data\processed\masks\DE07_Frankfurt\DE07_label_mask.tif,data\processed\masks\DE07_Frankfurt\DE07_validity_mask.tif,data\processed\tiles_v22_enrichment\train\DE07_Frankfurt\images\DE07_off128_r006_c002_image.tif,data\processed\tiles_v22_enrichment\train\DE07_Frankfurt\semantic_masks\DE07_off128_r006_c002_semantic.tif,data\processed\tiles_v22_enrichment\train\DE07_Frankfurt\validity_masks\DE07_off128_r006_c002_validity.tif,True,accepted,0,
DE07_off128_r006_c003,DE07_off128_r006_c003,v2.2,v22_offset_enrichment,DE07,Frankfurt,train,1664,896,256,128,256,256,0,0.0,36717,0.5602569580078125,28819,0,7090,5847,18227,620,4933,True,True,True,True,True,150,2,bare_land_moderate+road_rich+water_rich+building_rich+mixed_minority,21.181685723974528,True,,471229.50839400734,5546809.574938818,473789.50839400734,5549369.574938818,EPSG:32632,data\processed\sar\DE07_Frankfurt\DE07_Frankfurt_S1_VV_VH.tif,data\processed\masks\DE07_Frankfurt\DE07_label_mask.tif,data\processed\masks\DE07_Frankfurt\DE07_validity_mask.tif,data\processed\tiles_v22_enrichment\train\DE07_Frankfurt\images\DE07_off128_r006_c003_image.tif,data\processed\tiles_v22_enrichment\train\DE07_Frankfurt\semantic_masks\DE07_off128_r006_c003_semantic.tif,data\processed\tiles_v22_enrichment\train\DE07_Frankfurt\validity_masks\DE07_off128_r006_c003_validity.tif,True,accepted,0,
DE07_off128_r006_c004,DE07_off128_r006_c004,v2.2,v22_offset_enrichment,DE07,Frankfurt,train,1664,1152,256,128,256,256,0,0.0,41495,0.6331634521484375,24041,0,7564,4817,25451,560,3103,True,True,True,True,True,315,2,bare_land_moderate+road_rich+water_rich+building_rich+mixed_minority,16.40349722730207,True,,473789.50839400734,5546809.574938818,476349.50839400734,5549369.574938818,EPSG:32632,data\processed\sar\DE07_Frankfurt\DE07_Frankfurt_S1_VV_VH.tif,data\processed\masks\DE07_Frankfurt\DE07_label_mask.tif,data\processed\masks\DE07_Frankfurt\DE07_validity_mask.tif,data\processed\tiles_v22_enrichment\train\DE07_Frankfurt\images\DE07_off128_r006_c004_image.tif,data\processed\tiles_v22_enrichment\train\DE07_Frankfurt\semantic_masks\DE07_off128_r006_c004_semantic.tif,data\processed\tiles_v22_enrichment\train\DE07_Frankfurt\validity_masks\DE07_off128_r006_c004_validity.tif,True,accepted,0,
DE07_off128_r006_c007,DE07_off128_r006_c007,v2.2,v22_offset_enrichment,DE07,Frankfurt,train,1664,1920,256,128,256,256,0,0.0,39745,0.6064605712890625,25791,0,10345,5657,23229,316,198,True,True,True,True,True,496,3,road_rich+building_rich+mixed_minority,15.885992587894926,True,,481469.50839400734,5546809.574938818,484029.50839400734,5549369.574938818,EPSG:32632,data\processed\sar\DE07_Frankfurt\DE07_Frankfurt_S1_VV_VH.tif,data\processed\masks\DE07_Frankfurt\DE07_label_mask.tif,data\processed\masks\DE07_Frankfurt\DE07_validity_mask.tif,data\processed\tiles_v22_enrichment\train\DE07_Frankfurt\images\DE07_off128_r006_c007_image.tif,data\processed\tiles_v22_enrichment\train\DE07_Frankfurt\semantic_masks\DE07_off128_r006_c007_semantic.tif,data\processed\tiles_v22_enrichment\train\DE07_Frankfurt\validity_masks\DE07_off128_r006_c007_validity.tif,True,accepted,0,
DE07_off128_r007_c000,DE07_off128_r007_c000,v2.2,v22_offset_enrichment,DE07,Frankfurt,train,1920,128,256,128,256,256,0,0.0,42356,0.64630126953125,23180,0,5224,4179,27522,1101,4330,True,True,True,True,True,310,2,bare_land_moderate+road_rich+water_rich+building_rich+mixed_minority,16.584822376340203,True,,463549.50839400734,5544249.574938818,466109.50839400734,5546809.574938818,EPSG:32632,data\processed\sar\DE07_Frankfurt\DE07_Frankfurt_S1_VV_VH.tif,data\processed\masks\DE07_Frankfurt\DE07_label_mask.tif,data\processed\masks\DE07_Frankfurt\DE07_validity_mask.tif,data\processed\tiles_v22_enrichment\train\DE07_Frankfurt\images\DE07_off128_r007_c000_image.tif,data\processed\tiles_v22_enrichment\train\DE07_Frankfurt\semantic_masks\DE07_off128_r007_c000_semantic.tif,data\processed\tiles_v22_enrichment\train\DE07_Frankfurt\validity_masks\DE07_off128_r007_c000_validity.tif,True,accepted,0,
DE07_off128_r007_c001,DE07_off128_r007_c001,v2.2,v22_offset_enrichment,DE07,Frankfurt,train,1920,384,256,128,256,256,0,0.0,47818,0.729644775390625,17718,0,4495,4478,37102,691,1052,True,True,True,True,True,401,2,bare_land_moderate+road_rich+mixed_minority,11.794536657108807,True,,466109.50839400734,5544249.574938818,468669.50839400734,5546809.574938818,EPSG:32632,data\processed\sar\DE07_Frankfurt\DE07_Frankfurt_S1_VV_VH.tif,data\processed\masks\DE07_Frankfurt\DE07_label_mask.tif,data\processed\masks\DE07_Frankfurt\DE07_validity_mask.tif,data\processed\tiles_v22_enrichment\train\DE07_Frankfurt\images\DE07_off128_r007_c001_image.tif,data\processed\tiles_v22_enrichment\train\DE07_Frankfurt\semantic_masks\DE07_off128_r007_c001_semantic.tif,data\processed\tiles_v22_enrichment\train\DE07_Frankfurt\validity_masks\DE07_off128_r007_c001_validity.tif,True,accepted,0,
DE07_off128_r008_c001,DE07_off128_r008_c001,v2.2,v22_offset_enrichment,DE07,Frankfurt,train,2176,384,256,128,256,256,0,0.0,33945,0.5179595947265625,31591,0,5435,3480,23994,888,148,True,True,True,True,True,372,2,bare_land_moderate+road_rich+building_rich+mixed_minority,13.337962540668526,True,,466109.50839400734,5541689.574938818,468669.50839400734,5544249.574938818,EPSG:32632,data\processed\sar\DE07_Frankfurt\DE07_Frankfurt_S1_VV_VH.tif,data\processed\masks\DE07_Frankfurt\DE07_label_mask.tif,data\processed\masks\DE07_Frankfurt\DE07_validity_mask.tif,data\processed\tiles_v22_enrichment\train\DE07_Frankfurt\images\DE07_off128_r008_c001_image.tif,data\processed\tiles_v22_enrichment\train\DE07_Frankfurt\semantic_masks\DE07_off128_r008_c001_semantic.tif,data\processed\tiles_v22_enrichment\train\DE07_Frankfurt\validity_masks\DE07_off128_r008_c001_validity.tif,True,accepted,0,
DE07_off128_r008_c002,DE07_off128_r008_c002,v2.2,v22_offset_enrichment,DE07,Frankfurt,train,2176,640,256,128,256,256,0,0.0,31268,0.47711181640625,34268,0,3869,4074,21146,2113,66,True,True,True,True,True,70,1,bare_land_rich+road_rich+building_rich+mixed_minority,17.641337222572297,True,,468669.50839400734,5541689.574938818,471229.50839400734,5544249.574938818,EPSG:32632,data\processed\sar\DE07_Frankfurt\DE07_Frankfurt_S1_VV_VH.tif,data\processed\masks\DE07_Frankfurt\DE07_label_mask.tif,data\processed\masks\DE07_Frankfurt\DE07_validity_mask.tif,data\processed\tiles_v22_enrichment\train\DE07_Frankfurt\images\DE07_off128_r008_c002_image.tif,data\processed\tiles_v22_enrichment\train\DE07_Frankfurt\semantic_masks\DE07_off128_r008_c002_semantic.tif,data\processed\tiles_v22_enrichment\train\DE07_Frankfurt\validity_masks\DE07_off128_r008_c002_validity.tif,True,accepted,0,
DE07_off128_r008_c005,DE07_off128_r008_c005,v2.2,v22_offset_enrichment,DE07,Frankfurt,train,2176,1408,256,128,256,256,0,0.0,46941,0.7162628173828125,18595,0,9342,5044,31082,1409,64,True,True,True,True,True,349,2,bare_land_moderate+road_rich+building_rich+mixed_minority,14.604590718364896,True,,476349.50839400734,5541689.574938818,478909.50839400734,5544249.574938818,EPSG:32632,data\processed\sar\DE07_Frankfurt\DE07_Frankfurt_S1_VV_VH.tif,data\processed\masks\DE07_Frankfurt\DE07_label_mask.tif,data\processed\masks\DE07_Frankfurt\DE07_validity_mask.tif,data\processed\tiles_v22_enrichment\train\DE07_Frankfurt\images\DE07_off128_r008_c005_image.tif,data\processed\tiles_v22_enrichment\train\DE07_Frankfurt\semantic_masks\DE07_off128_r008_c005_semantic.tif,data\processed\tiles_v22_enrichment\train\DE07_Frankfurt\validity_masks\DE07_off128_r008_c005_validity.tif,True,accepted,0,
DE07_off128_r009_c002,DE07_off128_r009_c002,v2.2,v22_offset_enrichment,DE07,Frankfurt,train,2432,640,256,128,256,256,0,0.0,47864,0.7303466796875,17672,0,6003,4446,35093,1223,1099,True,True,True,True,True,376,2,bare_land_moderate+road_rich+building_rich+mixed_minority,13.147466017812183,True,,468669.50839400734,5539129.574938818,471229.50839400734,5541689.574938818,EPSG:32632,data\processed\sar\DE07_Frankfurt\DE07_Frankfurt_S1_VV_VH.tif,data\processed\masks\DE07_Frankfurt\DE07_label_mask.tif,data\processed\masks\DE07_Frankfurt\DE07_validity_mask.tif,data\processed\tiles_v22_enrichment\train\DE07_Frankfurt\images\DE07_off128_r009_c002_image.tif,data\processed\tiles_v22_enrichment\train\DE07_Frankfurt\semantic_masks\DE07_off128_r009_c002_semantic.tif,data\processed\tiles_v22_enrichment\train\DE07_Frankfurt\validity_masks\DE07_off128_r009_c002_validity.tif,True,accepted,0,
DE07_off128_r009_c008,DE07_off128_r009_c008,v2.2,v22_offset_enrichment,DE07,Frankfurt,train,2432,2176,256,128,256,256,0,0.0,40890,0.623931884765625,24646,0,10854,5024,23677,1045,290,True,True,True,True,True,320,2,bare_land_moderate+road_rich+building_rich+mixed_minority,16.305761182882524,True,,484029.50839400734,5539129.574938818,486589.50839400734,5541689.574938818,EPSG:32632,data\processed\sar\DE07_Frankfurt\DE07_Frankfurt_S1_VV_VH.tif,data\processed\masks\DE07_Frankfurt\DE07_label_mask.tif,data\processed\masks\DE07_Frankfurt\DE07_validity_mask.tif,data\processed\tiles_v22_enrichment\train\DE07_Frankfurt\images\DE07_off128_r009_c008_image.tif,data\processed\tiles_v22_enrichment\train\DE07_Frankfurt\semantic_masks\DE07_off128_r009_c008_semantic.tif,data\processed\tiles_v22_enrichment\train\DE07_Frankfurt\validity_masks\DE07_off128_r009_c008_validity.tif,True,accepted,0,
DE07_off128_r009_c010,DE07_off128_r009_c010,v2.2,v22_offset_enrichment,DE07,Frankfurt,train,2432,2688,256,128,256,256,0,0.0,53978,0.823638916015625,11558,0,3396,2461,41461,2401,4259,True,True,True,True,True,374,2,bare_land_moderate+water_rich+mixed_minority,13.217503082898428,True,,489149.50839400734,5539129.574938818,491709.50839400734,5541689.574938818,EPSG:32632,data\processed\sar\DE07_Frankfurt\DE07_Frankfurt_S1_VV_VH.tif,data\processed\masks\DE07_Frankfurt\DE07_label_mask.tif,data\processed\masks\DE07_Frankfurt\DE07_validity_mask.tif,data\processed\tiles_v22_enrichment\train\DE07_Frankfurt\images\DE07_off128_r009_c010_image.tif,data\processed\tiles_v22_enrichment\train\DE07_Frankfurt\semantic_masks\DE07_off128_r009_c010_semantic.tif,data\processed\tiles_v22_enrichment\train\DE07_Frankfurt\validity_masks\DE07_off128_r009_c010_validity.tif,True,accepted,0,
DE07_off128_r010_c004,DE07_off128_r010_c004,v2.2,v22_offset_enrichment,DE07,Frankfurt,train,2688,1152,256,128,256,256,0,0.0,40442,0.617095947265625,25094,0,9149,5757,22807,2642,87,True,True,True,True,True,55,1,bare_land_rich+road_rich+building_rich+mixed_minority,19.86389383065418,True,,473789.50839400734,5536569.574938818,476349.50839400734,5539129.574938818,EPSG:32632,data\processed\sar\DE07_Frankfurt\DE07_Frankfurt_S1_VV_VH.tif,data\processed\masks\DE07_Frankfurt\DE07_label_mask.tif,data\processed\masks\DE07_Frankfurt\DE07_validity_mask.tif,data\processed\tiles_v22_enrichment\train\DE07_Frankfurt\images\DE07_off128_r010_c004_image.tif,data\processed\tiles_v22_enrichment\train\DE07_Frankfurt\semantic_masks\DE07_off128_r010_c004_semantic.tif,data\processed\tiles_v22_enrichment\train\DE07_Frankfurt\validity_masks\DE07_off128_r010_c004_validity.tif,True,accepted,0,
DE08_off128_r000_c005,DE08_off128_r000_c005,v2.2,v22_offset_enrichment,DE08,Cologne,train,128,1408,256,128,256,256,0,0.0,42409,0.6471099853515625,23127,0,4242,4171,24228,5531,4237,True,True,True,True,True,18,1,bare_land_rich+road_rich+water_rich+building_rich+mixed_minority,24.478560856628885,True,,355769.07368864154,5656015.7336777095,358329.07368864154,5658575.7336777095,EPSG:32632,data\processed\sar\DE08_Cologne\DE08_Cologne_S1_VV_VH.tif,data\processed\masks\DE08_Cologne\DE08_label_mask.tif,data\processed\masks\DE08_Cologne\DE08_validity_mask.tif,data\processed\tiles_v22_enrichment\train\DE08_Cologne\images\DE08_off128_r000_c005_image.tif,data\processed\tiles_v22_enrichment\train\DE08_Cologne\semantic_masks\DE08_off128_r000_c005_semantic.tif,data\processed\tiles_v22_enrichment\train\DE08_Cologne\validity_masks\DE08_off128_r000_c005_validity.tif,True,accepted,0,
DE08_off128_r000_c008,DE08_off128_r000_c008,v2.2,v22_offset_enrichment,DE08,Cologne,train,128,2176,256,128,256,256,0,0.0,40044,0.61102294921875,25492,0,6162,4633,28211,629,409,True,True,True,True,True,368,2,bare_land_moderate+road_rich+building_rich+mixed_minority,13.52626618166306,True,,363449.0736886416,5656015.7336777095,366009.0736886416,5658575.7336777095,EPSG:32632,data\processed\sar\DE08_Cologne\DE08_Cologne_S1_VV_VH.tif,data\processed\masks\DE08_Cologne\DE08_label_mask.tif,data\processed\masks\DE08_Cologne\DE08_validity_mask.tif,data\processed\tiles_v22_enrichment\train\DE08_Cologne\images\DE08_off128_r000_c008_image.tif,data\processed\tiles_v22_enrichment\train\DE08_Cologne\semantic_masks\DE08_off128_r000_c008_semantic.tif,data\processed\tiles_v22_enrichment\train\DE08_Cologne\validity_masks\DE08_off128_r000_c008_validity.tif,True,accepted,0,
DE08_off128_r001_c005,DE08_off128_r001_c005,v2.2,v22_offset_enrichment,DE08,Cologne,train,384,1408,256,128,256,256,0,0.0,41931,0.6398162841796875,23605,0,5295,4270,19955,1450,10961,True,True,True,True,True,195,2,bare_land_moderate+road_rich+water_rich+building_rich+mixed_minority,19.410487148218227,True,,355769.07368864154,5653455.7336777095,358329.07368864154,5656015.7336777095,EPSG:32632,data\processed\sar\DE08_Cologne\DE08_Cologne_S1_VV_VH.tif,data\processed\masks\DE08_Cologne\DE08_label_mask.tif,data\processed\masks\DE08_Cologne\DE08_validity_mask.tif,data\processed\tiles_v22_enrichment\train\DE08_Cologne\images\DE08_off128_r001_c005_image.tif,data\processed\tiles_v22_enrichment\train\DE08_Cologne\semantic_masks\DE08_off128_r001_c005_semantic.tif,data\processed\tiles_v22_enrichment\train\DE08_Cologne\validity_masks\DE08_off128_r001_c005_validity.tif,True,accepted,0,
DE08_off128_r001_c006,DE08_off128_r001_c006,v2.2,v22_offset_enrichment,DE08,Cologne,train,384,1664,256,128,256,256,0,0.0,30008,0.4578857421875,35528,0,10967,8087,9435,517,1002,True,True,True,True,True,227,2,bare_land_moderate+road_rich+building_rich+mixed_minority,18.67182869073456,True,,358329.07368864154,5653455.7336777095,360889.0736886416,5656015.7336777095,EPSG:32632,data\processed\sar\DE08_Cologne\DE08_Cologne_S1_VV_VH.tif,data\processed\masks\DE08_Cologne\DE08_label_mask.tif,data\processed\masks\DE08_Cologne\DE08_validity_mask.tif,data\processed\tiles_v22_enrichment\train\DE08_Cologne\images\DE08_off128_r001_c006_image.tif,data\processed\tiles_v22_enrichment\train\DE08_Cologne\semantic_masks\DE08_off128_r001_c006_semantic.tif,data\processed\tiles_v22_enrichment\train\DE08_Cologne\validity_masks\DE08_off128_r001_c006_validity.tif,True,accepted,0,
DE08_off128_r002_c004,DE08_off128_r002_c004,v2.2,v22_offset_enrichment,DE08,Cologne,train,640,1152,256,128,256,256,0,0.0,38243,0.5835418701171875,27293,0,6164,4893,25240,1565,381,True,True,True,True,True,317,2,bare_land_moderate+road_rich+building_rich+mixed_minority,16.35024427317134,True,,353209.07368864154,5650895.7336777095,355769.07368864154,5653455.7336777095,EPSG:32632,data\processed\sar\DE08_Cologne\DE08_Cologne_S1_VV_VH.tif,data\processed\masks\DE08_Cologne\DE08_label_mask.tif,data\processed\masks\DE08_Cologne\DE08_validity_mask.tif,data\processed\tiles_v22_enrichment\train\DE08_Cologne\images\DE08_off128_r002_c004_image.tif,data\processed\tiles_v22_enrichment\train\DE08_Cologne\semantic_masks\DE08_off128_r002_c004_semantic.tif,data\processed\tiles_v22_enrichment\train\DE08_Cologne\validity_masks\DE08_off128_r002_c004_validity.tif,True,accepted,0,
DE08_off128_r002_c005,DE08_off128_r002_c005,v2.2,v22_offset_enrichment,DE08,Cologne,train,640,1408,256,128,256,256,0,0.0,42540,0.64910888671875,22996,0,11510,4365,15281,711,10673,True,True,True,True,True,170,2,bare_land_moderate+road_rich+water_rich+building_rich+mixed_minority,20.20129506443384,True,,355769.07368864154,5650895.7336777095,358329.07368864154,5653455.7336777095,EPSG:32632,data\processed\sar\DE08_Cologne\DE08_Cologne_S1_VV_VH.tif,data\processed\masks\DE08_Cologne\DE08_label_mask.tif,data\processed\masks\DE08_Cologne\DE08_validity_mask.tif,data\processed\tiles_v22_enrichment\train\DE08_Cologne\images\DE08_off128_r002_c005_image.tif,data\processed\tiles_v22_enrichment\train\DE08_Cologne\semantic_masks\DE08_off128_r002_c005_semantic.tif,data\processed\tiles_v22_enrichment\train\DE08_Cologne\validity_masks\DE08_off128_r002_c005_validity.tif,True,accepted,0,
DE08_off128_r003_c002,DE08_off128_r003_c002,v2.2,v22_offset_enrichment,DE08,Cologne,train,896,640,256,128,256,256,0,0.0,48954,0.746978759765625,16582,0,5304,4777,34284,1597,2992,True,True,True,True,True,339,2,bare_land_moderate+road_rich+water_rich+building_rich+mixed_minority,15.281603100983912,True,,348089.07368864154,5648335.7336777095,350649.07368864154,5650895.7336777095,EPSG:32632,data\processed\sar\DE08_Cologne\DE08_Cologne_S1_VV_VH.tif,data\processed\masks\DE08_Cologne\DE08_label_mask.tif,data\processed\masks\DE08_Cologne\DE08_validity_mask.tif,data\processed\tiles_v22_enrichment\train\DE08_Cologne\images\DE08_off128_r003_c002_image.tif,data\processed\tiles_v22_enrichment\train\DE08_Cologne\semantic_masks\DE08_off128_r003_c002_semantic.tif,data\processed\tiles_v22_enrichment\train\DE08_Cologne\validity_masks\DE08_off128_r003_c002_validity.tif,True,accepted,0,
DE08_off128_r003_c003,DE08_off128_r003_c003,v2.2,v22_offset_enrichment,DE08,Cologne,train,896,896,256,128,256,256,0,0.0,38753,0.5913238525390625,26783,0,9655,6008,21397,1566,127,True,True,True,True,True,226,2,bare_land_moderate+road_rich+building_rich+mixed_minority,18.69232248490301,True,,350649.07368864154,5648335.7336777095,353209.07368864154,5650895.7336777095,EPSG:32632,data\processed\sar\DE08_Cologne\DE08_Cologne_S1_VV_VH.tif,data\processed\masks\DE08_Cologne\DE08_label_mask.tif,data\processed\masks\DE08_Cologne\DE08_validity_mask.tif,data\processed\tiles_v22_enrichment\train\DE08_Cologne\images\DE08_off128_r003_c003_image.tif,data\processed\tiles_v22_enrichment\train\DE08_Cologne\semantic_masks\DE08_off128_r003_c003_semantic.tif,data\processed\tiles_v22_enrichment\train\DE08_Cologne\validity_masks\DE08_off128_r003_c003_validity.tif,True,accepted,0,
DE08_off128_r003_c004,DE08_off128_r003_c004,v2.2,v22_offset_enrichment,DE08,Cologne,train,896,1152,256,128,256,256,0,0.0,36288,0.5537109375,29248,0,7275,4768,20629,2779,837,True,True,True,True,True,49,1,bare_land_rich+road_rich+building_rich+mixed_minority,20.493663538910933,True,,353209.07368864154,5648335.7336777095,355769.07368864154,5650895.7336777095,EPSG:32632,data\processed\sar\DE08_Cologne\DE08_Cologne_S1_VV_VH.tif,data\processed\masks\DE08_Cologne\DE08_label_mask.tif,data\processed\masks\DE08_Cologne\DE08_validity_mask.tif,data\processed\tiles_v22_enrichment\train\DE08_Cologne\images\DE08_off128_r003_c004_image.tif,data\processed\tiles_v22_enrichment\train\DE08_Cologne\semantic_masks\DE08_off128_r003_c004_semantic.tif,data\processed\tiles_v22_enrichment\train\DE08_Cologne\validity_masks\DE08_off128_r003_c004_validity.tif,True,accepted,0,
DE08_off128_r003_c005,DE08_off128_r003_c005,v2.2,v22_offset_enrichment,DE08,Cologne,train,896,1408,256,128,256,256,0,0.0,38227,0.5832977294921875,27309,0,9758,5636,14757,558,7518,True,True,True,True,True,128,2,bare_land_moderate+road_rich+water_rich+building_rich+mixed_minority,22.426131328780645,True,,355769.07368864154,5648335.7336777095,358329.07368864154,5650895.7336777095,EPSG:32632,data\processed\sar\DE08_Cologne\DE08_Cologne_S1_VV_VH.tif,data\processed\masks\DE08_Cologne\DE08_label_mask.tif,data\processed\masks\DE08_Cologne\DE08_validity_mask.tif,data\processed\tiles_v22_enrichment\train\DE08_Cologne\images\DE08_off128_r003_c005_image.tif,data\processed\tiles_v22_enrichment\train\DE08_Cologne\semantic_masks\DE08_off128_r003_c005_semantic.tif,data\processed\tiles_v22_enrichment\train\DE08_Cologne\validity_masks\DE08_off128_r003_c005_validity.tif,True,accepted,0,
DE08_off128_r003_c006,DE08_off128_r003_c006,v2.2,v22_offset_enrichment,DE08,Cologne,train,896,1664,256,128,256,256,0,0.0,39962,0.609771728515625,25574,0,7197,5369,17450,1027,8919,True,True,True,True,True,146,2,bare_land_moderate+road_rich+water_rich+building_rich+mixed_minority,21.428324353509367,True,,358329.07368864154,5648335.7336777095,360889.0736886416,5650895.7336777095,EPSG:32632,data\processed\sar\DE08_Cologne\DE08_Cologne_S1_VV_VH.tif,data\processed\masks\DE08_Cologne\DE08_label_mask.tif,data\processed\masks\DE08_Cologne\DE08_validity_mask.tif,data\processed\tiles_v22_enrichment\train\DE08_Cologne\images\DE08_off128_r003_c006_image.tif,data\processed\tiles_v22_enrichment\train\DE08_Cologne\semantic_masks\DE08_off128_r003_c006_semantic.tif,data\processed\tiles_v22_enrichment\train\DE08_Cologne\validity_masks\DE08_off128_r003_c006_validity.tif,True,accepted,0,
DE08_off128_r004_c003,DE08_off128_r004_c003,v2.2,v22_offset_enrichment,DE08,Cologne,train,1152,896,256,128,256,256,0,0.0,32759,0.4998626708984375,32777,0,15009,6552,10191,784,223,True,True,True,True,True,250,2,bare_land_moderate+road_rich+building_rich+mixed_minority,18.18674261228859,True,,350649.07368864154,5645775.7336777095,353209.07368864154,5648335.7336777095,EPSG:32632,data\processed\sar\DE08_Cologne\DE08_Cologne_S1_VV_VH.tif,data\processed\masks\DE08_Cologne\DE08_label_mask.tif,data\processed\masks\DE08_Cologne\DE08_validity_mask.tif,data\processed\tiles_v22_enrichment\train\DE08_Cologne\images\DE08_off128_r004_c003_image.tif,data\processed\tiles_v22_enrichment\train\DE08_Cologne\semantic_masks\DE08_off128_r004_c003_semantic.tif,data\processed\tiles_v22_enrichment\train\DE08_Cologne\validity_masks\DE08_off128_r004_c003_validity.tif,True,accepted,0,
DE08_off128_r004_c004,DE08_off128_r004_c004,v2.2,v22_offset_enrichment,DE08,Cologne,train,1152,1152,256,128,256,256,0,0.0,35890,0.547637939453125,29646,0,14909,7061,13046,567,307,True,True,True,True,True,279,2,bare_land_moderate+road_rich+building_rich+mixed_minority,17.65365632897667,True,,353209.07368864154,5645775.7336777095,355769.07368864154,5648335.7336777095,EPSG:32632,data\processed\sar\DE08_Cologne\DE08_Cologne_S1_VV_VH.tif,data\processed\masks\DE08_Cologne\DE08_label_mask.tif,data\processed\masks\DE08_Cologne\DE08_validity_mask.tif,data\processed\tiles_v22_enrichment\train\DE08_Cologne\images\DE08_off128_r004_c004_image.tif,data\processed\tiles_v22_enrichment\train\DE08_Cologne\semantic_masks\DE08_off128_r004_c004_semantic.tif,data\processed\tiles_v22_enrichment\train\DE08_Cologne\validity_masks\DE08_off128_r004_c004_validity.tif,True,accepted,0,
DE08_off128_r004_c005,DE08_off128_r004_c005,v2.2,v22_offset_enrichment,DE08,Cologne,train,1152,1408,256,128,256,256,0,0.0,40021,0.6106719970703125,25515,0,14903,6863,11602,410,6243,True,True,True,True,True,124,2,bare_land_moderate+road_rich+water_rich+building_rich+mixed_minority,22.93024172296422,True,,355769.07368864154,5645775.7336777095,358329.07368864154,5648335.7336777095,EPSG:32632,data\processed\sar\DE08_Cologne\DE08_Cologne_S1_VV_VH.tif,data\processed\masks\DE08_Cologne\DE08_label_mask.tif,data\processed\masks\DE08_Cologne\DE08_validity_mask.tif,data\processed\tiles_v22_enrichment\train\DE08_Cologne\images\DE08_off128_r004_c005_image.tif,data\processed\tiles_v22_enrichment\train\DE08_Cologne\semantic_masks\DE08_off128_r004_c005_semantic.tif,data\processed\tiles_v22_enrichment\train\DE08_Cologne\validity_masks\DE08_off128_r004_c005_validity.tif,True,accepted,0,
DE08_off128_r004_c006,DE08_off128_r004_c006,v2.2,v22_offset_enrichment,DE08,Cologne,train,1152,1664,256,128,256,256,0,0.0,38208,0.5830078125,27328,0,12358,6434,10545,2015,6856,True,True,True,True,True,8,1,bare_land_rich+road_rich+water_rich+building_rich+mixed_minority,26.30201953779313,True,,358329.07368864154,5645775.7336777095,360889.0736886416,5648335.7336777095,EPSG:32632,data\processed\sar\DE08_Cologne\DE08_Cologne_S1_VV_VH.tif,data\processed\masks\DE08_Cologne\DE08_label_mask.tif,data\processed\masks\DE08_Cologne\DE08_validity_mask.tif,data\processed\tiles_v22_enrichment\train\DE08_Cologne\images\DE08_off128_r004_c006_image.tif,data\processed\tiles_v22_enrichment\train\DE08_Cologne\semantic_masks\DE08_off128_r004_c006_semantic.tif,data\processed\tiles_v22_enrichment\train\DE08_Cologne\validity_masks\DE08_off128_r004_c006_validity.tif,True,accepted,0,
DE08_off128_r005_c000,DE08_off128_r005_c000,v2.2,v22_offset_enrichment,DE08,Cologne,train,1408,128,256,128,256,256,0,0.0,46491,0.7093963623046875,19045,0,4822,4171,31757,5364,377,True,True,True,True,True,58,1,bare_land_rich+road_rich+building_rich+mixed_minority,19.20269614075643,True,,342969.07368864154,5643215.7336777095,345529.07368864154,5645775.7336777095,EPSG:32632,data\processed\sar\DE08_Cologne\DE08_Cologne_S1_VV_VH.tif,data\processed\masks\DE08_Cologne\DE08_label_mask.tif,data\processed\masks\DE08_Cologne\DE08_validity_mask.tif,data\processed\tiles_v22_enrichment\train\DE08_Cologne\images\DE08_off128_r005_c000_image.tif,data\processed\tiles_v22_enrichment\train\DE08_Cologne\semantic_masks\DE08_off128_r005_c000_semantic.tif,data\processed\tiles_v22_enrichment\train\DE08_Cologne\validity_masks\DE08_off128_r005_c000_validity.tif,True,accepted,0,
DE08_off128_r005_c002,DE08_off128_r005_c002,v2.2,v22_offset_enrichment,DE08,Cologne,train,1408,640,256,128,256,256,0,0.0,34282,0.523101806640625,31254,0,10240,6838,16765,380,59,True,True,True,True,True,302,2,bare_land_moderate+road_rich+building_rich+mixed_minority,16.959190716272502,True,,348089.07368864154,5643215.7336777095,350649.07368864154,5645775.7336777095,EPSG:32632,data\processed\sar\DE08_Cologne\DE08_Cologne_S1_VV_VH.tif,data\processed\masks\DE08_Cologne\DE08_label_mask.tif,data\processed\masks\DE08_Cologne\DE08_validity_mask.tif,data\processed\tiles_v22_enrichment\train\DE08_Cologne\images\DE08_off128_r005_c002_image.tif,data\processed\tiles_v22_enrichment\train\DE08_Cologne\semantic_masks\DE08_off128_r005_c002_semantic.tif,data\processed\tiles_v22_enrichment\train\DE08_Cologne\validity_masks\DE08_off128_r005_c002_validity.tif,True,accepted,0,
DE08_off128_r005_c003,DE08_off128_r005_c003,v2.2,v22_offset_enrichment,DE08,Cologne,train,1408,896,256,128,256,256,0,0.0,40579,0.6191864013671875,24957,0,10196,5076,23648,448,1211,True,True,True,True,True,328,2,bare_land_moderate+road_rich+building_rich+mixed_minority,15.970427190938146,True,,350649.07368864154,5643215.7336777095,353209.07368864154,5645775.7336777095,EPSG:32632,data\processed\sar\DE08_Cologne\DE08_Cologne_S1_VV_VH.tif,data\processed\masks\DE08_Cologne\DE08_label_mask.tif,data\processed\masks\DE08_Cologne\DE08_validity_mask.tif,data\processed\tiles_v22_enrichment\train\DE08_Cologne\images\DE08_off128_r005_c003_image.tif,data\processed\tiles_v22_enrichment\train\DE08_Cologne\semantic_masks\DE08_off128_r005_c003_semantic.tif,data\processed\tiles_v22_enrichment\train\DE08_Cologne\validity_masks\DE08_off128_r005_c003_validity.tif,True,accepted,0,
DE08_off128_r005_c004,DE08_off128_r005_c004,v2.2,v22_offset_enrichment,DE08,Cologne,train,1408,1152,256,128,256,256,0,0.0,34553,0.5272369384765625,30983,0,18376,7040,7968,591,578,True,True,True,True,True,257,2,bare_land_moderate+road_rich+building_rich+mixed_minority,18.06468665340725,True,,353209.07368864154,5643215.7336777095,355769.07368864154,5645775.7336777095,EPSG:32632,data\processed\sar\DE08_Cologne\DE08_Cologne_S1_VV_VH.tif,data\processed\masks\DE08_Cologne\DE08_label_mask.tif,data\processed\masks\DE08_Cologne\DE08_validity_mask.tif,data\processed\tiles_v22_enrichment\train\DE08_Cologne\images\DE08_off128_r005_c004_image.tif,data\processed\tiles_v22_enrichment\train\DE08_Cologne\semantic_masks\DE08_off128_r005_c004_semantic.tif,data\processed\tiles_v22_enrichment\train\DE08_Cologne\validity_masks\DE08_off128_r005_c004_validity.tif,True,accepted,0,
DE08_off128_r005_c005,DE08_off128_r005_c005,v2.2,v22_offset_enrichment,DE08,Cologne,train,1408,1408,256,128,256,256,0,0.0,42985,0.6558990478515625,22551,0,18809,8052,5244,506,10374,True,True,True,True,True,119,2,bare_land_moderate+road_rich+water_rich+building_rich+mixed_minority,23.09762290501104,True,,355769.07368864154,5643215.7336777095,358329.07368864154,5645775.7336777095,EPSG:32632,data\processed\sar\DE08_Cologne\DE08_Cologne_S1_VV_VH.tif,data\processed\masks\DE08_Cologne\DE08_label_mask.tif,data\processed\masks\DE08_Cologne\DE08_validity_mask.tif,data\processed\tiles_v22_enrichment\train\DE08_Cologne\images\DE08_off128_r005_c005_image.tif,data\processed\tiles_v22_enrichment\train\DE08_Cologne\semantic_masks\DE08_off128_r005_c005_semantic.tif,data\processed\tiles_v22_enrichment\train\DE08_Cologne\validity_masks\DE08_off128_r005_c005_validity.tif,True,accepted,0,
DE08_off128_r005_c006,DE08_off128_r005_c006,v2.2,v22_offset_enrichment,DE08,Cologne,train,1408,1664,256,128,256,256,0,0.0,30328,0.4627685546875,35208,0,13815,7565,8006,928,14,True,True,True,True,True,239,2,bare_land_moderate+road_rich+building_rich+mixed_minority,18.429136267691987,True,,358329.07368864154,5643215.7336777095,360889.0736886416,5645775.7336777095,EPSG:32632,data\processed\sar\DE08_Cologne\DE08_Cologne_S1_VV_VH.tif,data\processed\masks\DE08_Cologne\DE08_label_mask.tif,data\processed\masks\DE08_Cologne\DE08_validity_mask.tif,data\processed\tiles_v22_enrichment\train\DE08_Cologne\images\DE08_off128_r005_c006_image.tif,data\processed\tiles_v22_enrichment\train\DE08_Cologne\semantic_masks\DE08_off128_r005_c006_semantic.tif,data\processed\tiles_v22_enrichment\train\DE08_Cologne\validity_masks\DE08_off128_r005_c006_validity.tif,True,accepted,0,
DE08_off128_r006_c000,DE08_off128_r006_c000,v2.2,v22_offset_enrichment,DE08,Cologne,train,1664,128,256,128,256,256,0,0.0,49664,0.7578125,15872,0,3491,2478,39505,2601,1589,True,True,True,True,True,83,1,bare_land_rich+mixed_minority,12.275471166237113,True,,342969.07368864154,5640655.7336777095,345529.07368864154,5643215.7336777095,EPSG:32632,data\processed\sar\DE08_Cologne\DE08_Cologne_S1_VV_VH.tif,data\processed\masks\DE08_Cologne\DE08_label_mask.tif,data\processed\masks\DE08_Cologne\DE08_validity_mask.tif,data\processed\tiles_v22_enrichment\train\DE08_Cologne\images\DE08_off128_r006_c000_image.tif,data\processed\tiles_v22_enrichment\train\DE08_Cologne\semantic_masks\DE08_off128_r006_c000_semantic.tif,data\processed\tiles_v22_enrichment\train\DE08_Cologne\validity_masks\DE08_off128_r006_c000_validity.tif,True,accepted,0,
DE08_off128_r006_c001,DE08_off128_r006_c001,v2.2,v22_offset_enrichment,DE08,Cologne,train,1664,384,256,128,256,256,0,0.0,34583,0.5276947021484375,30953,0,11106,6498,15484,1328,167,True,True,True,True,True,202,2,bare_land_moderate+road_rich+building_rich+mixed_minority,19.292882800346973,True,,345529.07368864154,5640655.7336777095,348089.07368864154,5643215.7336777095,EPSG:32632,data\processed\sar\DE08_Cologne\DE08_Cologne_S1_VV_VH.tif,data\processed\masks\DE08_Cologne\DE08_label_mask.tif,data\processed\masks\DE08_Cologne\DE08_validity_mask.tif,data\processed\tiles_v22_enrichment\train\DE08_Cologne\images\DE08_off128_r006_c001_image.tif,data\processed\tiles_v22_enrichment\train\DE08_Cologne\semantic_masks\DE08_off128_r006_c001_semantic.tif,data\processed\tiles_v22_enrichment\train\DE08_Cologne\validity_masks\DE08_off128_r006_c001_validity.tif,True,accepted,0,
DE08_off128_r006_c005,DE08_off128_r006_c005,v2.2,v22_offset_enrichment,DE08,Cologne,train,1664,1408,256,128,256,256,0,0.0,38812,0.59222412109375,26724,0,12252,5843,11308,914,8495,True,True,True,True,True,111,2,bare_land_moderate+road_rich+water_rich+building_rich+mixed_minority,23.976177537562883,True,,355769.07368864154,5640655.7336777095,358329.07368864154,5643215.7336777095,EPSG:32632,data\processed\sar\DE08_Cologne\DE08_Cologne_S1_VV_VH.tif,data\processed\masks\DE08_Cologne\DE08_label_mask.tif,data\processed\masks\DE08_Cologne\DE08_validity_mask.tif,data\processed\tiles_v22_enrichment\train\DE08_Cologne\images\DE08_off128_r006_c005_image.tif,data\processed\tiles_v22_enrichment\train\DE08_Cologne\semantic_masks\DE08_off128_r006_c005_semantic.tif,data\processed\tiles_v22_enrichment\train\DE08_Cologne\validity_masks\DE08_off128_r006_c005_validity.tif,True,accepted,0,
DE08_off128_r006_c006,DE08_off128_r006_c006,v2.2,v22_offset_enrichment,DE08,Cologne,train,1664,1664,256,128,256,256,0,0.0,46297,0.7064361572265625,19239,0,6119,5337,31020,2056,1765,True,True,True,True,True,308,2,bare_land_moderate+road_rich+building_rich+mixed_minority,16.683259709508565,True,,358329.07368864154,5640655.7336777095,360889.0736886416,5643215.7336777095,EPSG:32632,data\processed\sar\DE08_Cologne\DE08_Cologne_S1_VV_VH.tif,data\processed\masks\DE08_Cologne\DE08_label_mask.tif,data\processed\masks\DE08_Cologne\DE08_validity_mask.tif,data\processed\tiles_v22_enrichment\train\DE08_Cologne\images\DE08_off128_r006_c006_image.tif,data\processed\tiles_v22_enrichment\train\DE08_Cologne\semantic_masks\DE08_off128_r006_c006_semantic.tif,data\processed\tiles_v22_enrichment\train\DE08_Cologne\validity_masks\DE08_off128_r006_c006_validity.tif,True,accepted,0,
DE08_off128_r006_c007,DE08_off128_r006_c007,v2.2,v22_offset_enrichment,DE08,Cologne,train,1664,1920,256,128,256,256,0,0.0,42425,0.6473541259765625,23111,0,5056,5446,24926,552,6445,True,True,True,True,True,208,2,bare_land_moderate+road_rich+water_rich+building_rich+mixed_minority,19.17793750841616,True,,360889.0736886416,5640655.7336777095,363449.0736886416,5643215.7336777095,EPSG:32632,data\processed\sar\DE08_Cologne\DE08_Cologne_S1_VV_VH.tif,data\processed\masks\DE08_Cologne\DE08_label_mask.tif,data\processed\masks\DE08_Cologne\DE08_validity_mask.tif,data\processed\tiles_v22_enrichment\train\DE08_Cologne\images\DE08_off128_r006_c007_image.tif,data\processed\tiles_v22_enrichment\train\DE08_Cologne\semantic_masks\DE08_off128_r006_c007_semantic.tif,data\processed\tiles_v22_enrichment\train\DE08_Cologne\validity_masks\DE08_off128_r006_c007_validity.tif,True,accepted,0,
DE08_off128_r006_c008,DE08_off128_r006_c008,v2.2,v22_offset_enrichment,DE08,Cologne,train,1664,2176,256,128,256,256,0,0.0,43590,0.665130615234375,21946,0,8096,6271,27009,1087,1127,True,True,True,True,True,297,2,bare_land_moderate+road_rich+building_rich+mixed_minority,17.11202210410797,True,,363449.0736886416,5640655.7336777095,366009.0736886416,5643215.7336777095,EPSG:32632,data\processed\sar\DE08_Cologne\DE08_Cologne_S1_VV_VH.tif,data\processed\masks\DE08_Cologne\DE08_label_mask.tif,data\processed\masks\DE08_Cologne\DE08_validity_mask.tif,data\processed\tiles_v22_enrichment\train\DE08_Cologne\images\DE08_off128_r006_c008_image.tif,data\processed\tiles_v22_enrichment\train\DE08_Cologne\semantic_masks\DE08_off128_r006_c008_semantic.tif,data\processed\tiles_v22_enrichment\train\DE08_Cologne\validity_masks\DE08_off128_r006_c008_validity.tif,True,accepted,0,
DE08_off128_r007_c003,DE08_off128_r007_c003,v2.2,v22_offset_enrichment,DE08,Cologne,train,1920,896,256,128,256,256,0,0.0,29805,0.4547882080078125,35731,0,11172,7100,10976,333,224,True,True,True,True,True,294,2,bare_land_moderate+road_rich+building_rich+mixed_minority,17.149218672694946,True,,350649.07368864154,5638095.7336777095,353209.07368864154,5640655.7336777095,EPSG:32632,data\processed\sar\DE08_Cologne\DE08_Cologne_S1_VV_VH.tif,data\processed\masks\DE08_Cologne\DE08_label_mask.tif,data\processed\masks\DE08_Cologne\DE08_validity_mask.tif,data\processed\tiles_v22_enrichment\train\DE08_Cologne\images\DE08_off128_r007_c003_image.tif,data\processed\tiles_v22_enrichment\train\DE08_Cologne\semantic_masks\DE08_off128_r007_c003_semantic.tif,data\processed\tiles_v22_enrichment\train\DE08_Cologne\validity_masks\DE08_off128_r007_c003_validity.tif,True,accepted,0,
DE08_off128_r007_c008,DE08_off128_r007_c008,v2.2,v22_offset_enrichment,DE08,Cologne,train,1920,2176,256,128,256,256,0,0.0,31822,0.485565185546875,33714,0,9861,7022,13659,1254,26,True,True,True,True,True,209,2,bare_land_moderate+road_rich+building_rich+mixed_minority,19.17078295941401,True,,363449.0736886416,5638095.7336777095,366009.0736886416,5640655.7336777095,EPSG:32632,data\processed\sar\DE08_Cologne\DE08_Cologne_S1_VV_VH.tif,data\processed\masks\DE08_Cologne\DE08_label_mask.tif,data\processed\masks\DE08_Cologne\DE08_validity_mask.tif,data\processed\tiles_v22_enrichment\train\DE08_Cologne\images\DE08_off128_r007_c008_image.tif,data\processed\tiles_v22_enrichment\train\DE08_Cologne\semantic_masks\DE08_off128_r007_c008_semantic.tif,data\processed\tiles_v22_enrichment\train\DE08_Cologne\validity_masks\DE08_off128_r007_c008_validity.tif,True,accepted,0,
DE08_off128_r008_c002,DE08_off128_r008_c002,v2.2,v22_offset_enrichment,DE08,Cologne,train,2176,640,256,128,256,256,0,0.0,40511,0.6181488037109375,25025,0,4951,4189,29560,480,1331,True,True,True,True,True,381,2,bare_land_moderate+road_rich+building_rich+mixed_minority,12.917697074550954,True,,348089.07368864154,5635535.7336777095,350649.07368864154,5638095.7336777095,EPSG:32632,data\processed\sar\DE08_Cologne\DE08_Cologne_S1_VV_VH.tif,data\processed\masks\DE08_Cologne\DE08_label_mask.tif,data\processed\masks\DE08_Cologne\DE08_validity_mask.tif,data\processed\tiles_v22_enrichment\train\DE08_Cologne\images\DE08_off128_r008_c002_image.tif,data\processed\tiles_v22_enrichment\train\DE08_Cologne\semantic_masks\DE08_off128_r008_c002_semantic.tif,data\processed\tiles_v22_enrichment\train\DE08_Cologne\validity_masks\DE08_off128_r008_c002_validity.tif,True,accepted,0,
DE08_off128_r008_c004,DE08_off128_r008_c004,v2.2,v22_offset_enrichment,DE08,Cologne,train,2176,1152,256,128,256,256,0,0.0,51968,0.79296875,13568,0,2920,2583,38759,3466,4240,True,True,True,True,True,76,1,bare_land_rich+water_rich+mixed_minority,15.217152863300493,True,,353209.07368864154,5635535.7336777095,355769.07368864154,5638095.7336777095,EPSG:32632,data\processed\sar\DE08_Cologne\DE08_Cologne_S1_VV_VH.tif,data\processed\masks\DE08_Cologne\DE08_label_mask.tif,data\processed\masks\DE08_Cologne\DE08_validity_mask.tif,data\processed\tiles_v22_enrichment\train\DE08_Cologne\images\DE08_off128_r008_c004_image.tif,data\processed\tiles_v22_enrichment\train\DE08_Cologne\semantic_masks\DE08_off128_r008_c004_semantic.tif,data\processed\tiles_v22_enrichment\train\DE08_Cologne\validity_masks\DE08_off128_r008_c004_validity.tif,True,accepted,0,
DE08_off128_r008_c005,DE08_off128_r008_c005,v2.2,v22_offset_enrichment,DE08,Cologne,train,2176,1408,256,128,256,256,0,0.0,38292,0.58428955078125,27244,0,6651,5415,22513,2333,1380,True,True,True,True,True,53,1,bare_land_rich+road_rich+building_rich+mixed_minority,19.990144559660383,True,,355769.07368864154,5635535.7336777095,358329.07368864154,5638095.7336777095,EPSG:32632,data\processed\sar\DE08_Cologne\DE08_Cologne_S1_VV_VH.tif,data\processed\masks\DE08_Cologne\DE08_label_mask.tif,data\processed\masks\DE08_Cologne\DE08_validity_mask.tif,data\processed\tiles_v22_enrichment\train\DE08_Cologne\images\DE08_off128_r008_c005_image.tif,data\processed\tiles_v22_enrichment\train\DE08_Cologne\semantic_masks\DE08_off128_r008_c005_semantic.tif,data\processed\tiles_v22_enrichment\train\DE08_Cologne\validity_masks\DE08_off128_r008_c005_validity.tif,True,accepted,0,
DE08_off128_r008_c006,DE08_off128_r008_c006,v2.2,v22_offset_enrichment,DE08,Cologne,train,2176,1664,256,128,256,256,0,0.0,37147,0.5668182373046875,28389,0,9105,5519,15640,414,6469,True,True,True,True,True,132,2,bare_land_moderate+road_rich+water_rich+building_rich+mixed_minority,22.049333649047224,True,,358329.07368864154,5635535.7336777095,360889.0736886416,5638095.7336777095,EPSG:32632,data\processed\sar\DE08_Cologne\DE08_Cologne_S1_VV_VH.tif,data\processed\masks\DE08_Cologne\DE08_label_mask.tif,data\processed\masks\DE08_Cologne\DE08_validity_mask.tif,data\processed\tiles_v22_enrichment\train\DE08_Cologne\images\DE08_off128_r008_c006_image.tif,data\processed\tiles_v22_enrichment\train\DE08_Cologne\semantic_masks\DE08_off128_r008_c006_semantic.tif,data\processed\tiles_v22_enrichment\train\DE08_Cologne\validity_masks\DE08_off128_r008_c006_validity.tif,True,accepted,0,
DE08_off128_r009_c001,DE08_off128_r009_c001,v2.2,v22_offset_enrichment,DE08,Cologne,train,2432,384,256,128,256,256,0,0.0,60118,0.917327880859375,5418,0,862,1011,36556,15836,5853,True,True,True,True,True,52,1,bare_land_rich+water_rich+mixed_minority,20.03576162782368,True,,345529.07368864154,5632975.7336777095,348089.07368864154,5635535.7336777095,EPSG:32632,data\processed\sar\DE08_Cologne\DE08_Cologne_S1_VV_VH.tif,data\processed\masks\DE08_Cologne\DE08_label_mask.tif,data\processed\masks\DE08_Cologne\DE08_validity_mask.tif,data\processed\tiles_v22_enrichment\train\DE08_Cologne\images\DE08_off128_r009_c001_image.tif,data\processed\tiles_v22_enrichment\train\DE08_Cologne\semantic_masks\DE08_off128_r009_c001_semantic.tif,data\processed\tiles_v22_enrichment\train\DE08_Cologne\validity_masks\DE08_off128_r009_c001_validity.tif,True,accepted,0,
DE08_off128_r009_c002,DE08_off128_r009_c002,v2.2,v22_offset_enrichment,DE08,Cologne,train,2432,640,256,128,256,256,0,0.0,61658,0.940826416015625,3878,0,651,1223,39455,9371,10958,True,True,True,True,True,32,1,bare_land_rich+water_rich+mixed_minority,22.289313230378724,True,,348089.07368864154,5632975.7336777095,350649.07368864154,5635535.7336777095,EPSG:32632,data\processed\sar\DE08_Cologne\DE08_Cologne_S1_VV_VH.tif,data\processed\masks\DE08_Cologne\DE08_label_mask.tif,data\processed\masks\DE08_Cologne\DE08_validity_mask.tif,data\processed\tiles_v22_enrichment\train\DE08_Cologne\images\DE08_off128_r009_c002_image.tif,data\processed\tiles_v22_enrichment\train\DE08_Cologne\semantic_masks\DE08_off128_r009_c002_semantic.tif,data\processed\tiles_v22_enrichment\train\DE08_Cologne\validity_masks\DE08_off128_r009_c002_validity.tif,True,accepted,0,
DE08_off128_r009_c003,DE08_off128_r009_c003,v2.2,v22_offset_enrichment,DE08,Cologne,train,2432,896,256,128,256,256,0,0.0,35349,0.5393829345703125,30187,0,8532,4716,20253,1690,158,True,True,True,True,True,251,2,bare_land_moderate+road_rich+building_rich+mixed_minority,18.16811359173176,True,,350649.07368864154,5632975.7336777095,353209.07368864154,5635535.7336777095,EPSG:32632,data\processed\sar\DE08_Cologne\DE08_Cologne_S1_VV_VH.tif,data\processed\masks\DE08_Cologne\DE08_label_mask.tif,data\processed\masks\DE08_Cologne\DE08_validity_mask.tif,data\processed\tiles_v22_enrichment\train\DE08_Cologne\images\DE08_off128_r009_c003_image.tif,data\processed\tiles_v22_enrichment\train\DE08_Cologne\semantic_masks\DE08_off128_r009_c003_semantic.tif,data\processed\tiles_v22_enrichment\train\DE08_Cologne\validity_masks\DE08_off128_r009_c003_validity.tif,True,accepted,0,
DE08_off128_r009_c004,DE08_off128_r009_c004,v2.2,v22_offset_enrichment,DE08,Cologne,train,2432,1152,256,128,256,256,0,0.0,45287,0.6910247802734375,20249,0,5139,4475,28538,5310,1825,True,True,True,True,True,39,1,bare_land_rich+road_rich+building_rich+mixed_minority,21.314139581430503,True,,353209.07368864154,5632975.7336777095,355769.07368864154,5635535.7336777095,EPSG:32632,data\processed\sar\DE08_Cologne\DE08_Cologne_S1_VV_VH.tif,data\processed\masks\DE08_Cologne\DE08_label_mask.tif,data\processed\masks\DE08_Cologne\DE08_validity_mask.tif,data\processed\tiles_v22_enrichment\train\DE08_Cologne\images\DE08_off128_r009_c004_image.tif,data\processed\tiles_v22_enrichment\train\DE08_Cologne\semantic_masks\DE08_off128_r009_c004_semantic.tif,data\processed\tiles_v22_enrichment\train\DE08_Cologne\validity_masks\DE08_off128_r009_c004_validity.tif,True,accepted,0,
DE08_off128_r009_c005,DE08_off128_r009_c005,v2.2,v22_offset_enrichment,DE08,Cologne,train,2432,1408,256,128,256,256,0,0.0,42338,0.646026611328125,23198,0,6614,6213,20782,979,7750,True,True,True,True,True,139,2,bare_land_moderate+road_rich+water_rich+building_rich+mixed_minority,21.644042578071947,True,,355769.07368864154,5632975.7336777095,358329.07368864154,5635535.7336777095,EPSG:32632,data\processed\sar\DE08_Cologne\DE08_Cologne_S1_VV_VH.tif,data\processed\masks\DE08_Cologne\DE08_label_mask.tif,data\processed\masks\DE08_Cologne\DE08_validity_mask.tif,data\processed\tiles_v22_enrichment\train\DE08_Cologne\images\DE08_off128_r009_c005_image.tif,data\processed\tiles_v22_enrichment\train\DE08_Cologne\semantic_masks\DE08_off128_r009_c005_semantic.tif,data\processed\tiles_v22_enrichment\train\DE08_Cologne\validity_masks\DE08_off128_r009_c005_validity.tif,True,accepted,0,
DE08_off128_r009_c008,DE08_off128_r009_c008,v2.2,v22_offset_enrichment,DE08,Cologne,train,2432,2176,256,128,256,256,0,0.0,55630,0.848846435546875,9906,0,1898,1900,42557,3158,6117,True,True,True,True,True,79,1,bare_land_rich+water_rich+mixed_minority,14.349655351599363,True,,363449.0736886416,5632975.7336777095,366009.0736886416,5635535.7336777095,EPSG:32632,data\processed\sar\DE08_Cologne\DE08_Cologne_S1_VV_VH.tif,data\processed\masks\DE08_Cologne\DE08_label_mask.tif,data\processed\masks\DE08_Cologne\DE08_validity_mask.tif,data\processed\tiles_v22_enrichment\train\DE08_Cologne\images\DE08_off128_r009_c008_image.tif,data\processed\tiles_v22_enrichment\train\DE08_Cologne\semantic_masks\DE08_off128_r009_c008_semantic.tif,data\processed\tiles_v22_enrichment\train\DE08_Cologne\validity_masks\DE08_off128_r009_c008_validity.tif,True,accepted,0,
DE08_off128_r009_c009,DE08_off128_r009_c009,v2.2,v22_offset_enrichment,DE08,Cologne,train,2432,2432,256,128,256,256,0,0.0,45027,0.6870574951171875,20509,0,7938,4310,30241,1749,789,True,True,True,True,True,345,2,bare_land_moderate+road_rich+building_rich+mixed_minority,14.88307321901618,True,,366009.0736886416,5632975.7336777095,368569.0736886416,5635535.7336777095,EPSG:32632,data\processed\sar\DE08_Cologne\DE08_Cologne_S1_VV_VH.tif,data\processed\masks\DE08_Cologne\DE08_label_mask.tif,data\processed\masks\DE08_Cologne\DE08_validity_mask.tif,data\processed\tiles_v22_enrichment\train\DE08_Cologne\images\DE08_off128_r009_c009_image.tif,data\processed\tiles_v22_enrichment\train\DE08_Cologne\semantic_masks\DE08_off128_r009_c009_semantic.tif,data\processed\tiles_v22_enrichment\train\DE08_Cologne\validity_masks\DE08_off128_r009_c009_validity.tif,True,accepted,0,
DE08_off128_r010_c000,DE08_off128_r010_c000,v2.2,v22_offset_enrichment,DE08,Cologne,train,2688,128,256,128,256,256,0,0.0,50382,0.768768310546875,15154,0,3153,2804,39832,3882,711,True,True,True,True,True,81,1,bare_land_rich+road_rich+mixed_minority,13.775377813940946,True,,342969.07368864154,5630415.7336777095,345529.07368864154,5632975.7336777095,EPSG:32632,data\processed\sar\DE08_Cologne\DE08_Cologne_S1_VV_VH.tif,data\processed\masks\DE08_Cologne\DE08_label_mask.tif,data\processed\masks\DE08_Cologne\DE08_validity_mask.tif,data\processed\tiles_v22_enrichment\train\DE08_Cologne\images\DE08_off128_r010_c000_image.tif,data\processed\tiles_v22_enrichment\train\DE08_Cologne\semantic_masks\DE08_off128_r010_c000_semantic.tif,data\processed\tiles_v22_enrichment\train\DE08_Cologne\validity_masks\DE08_off128_r010_c000_validity.tif,True,accepted,0,
DE08_off128_r010_c004,DE08_off128_r010_c004,v2.2,v22_offset_enrichment,DE08,Cologne,train,2688,1152,256,128,256,256,0,0.0,59799,0.9124603271484376,5737,0,1251,1624,44129,8228,4567,True,True,True,True,True,60,1,bare_land_rich+water_rich+mixed_minority,18.91816276364403,True,,353209.07368864154,5630415.7336777095,355769.07368864154,5632975.7336777095,EPSG:32632,data\processed\sar\DE08_Cologne\DE08_Cologne_S1_VV_VH.tif,data\processed\masks\DE08_Cologne\DE08_label_mask.tif,data\processed\masks\DE08_Cologne\DE08_validity_mask.tif,data\processed\tiles_v22_enrichment\train\DE08_Cologne\images\DE08_off128_r010_c004_image.tif,data\processed\tiles_v22_enrichment\train\DE08_Cologne\semantic_masks\DE08_off128_r010_c004_semantic.tif,data\processed\tiles_v22_enrichment\train\DE08_Cologne\validity_masks\DE08_off128_r010_c004_validity.tif,True,accepted,0,
DE08_off128_r010_c006,DE08_off128_r010_c006,v2.2,v22_offset_enrichment,DE08,Cologne,train,2688,1664,256,128,256,256,0,0.0,39303,0.5997161865234375,26233,0,5435,4204,19137,624,9903,True,True,True,True,True,245,2,bare_land_moderate+road_rich+water_rich+building_rich+mixed_minority,18.36194807721881,True,,358329.07368864154,5630415.7336777095,360889.0736886416,5632975.7336777095,EPSG:32632,data\processed\sar\DE08_Cologne\DE08_Cologne_S1_VV_VH.tif,data\processed\masks\DE08_Cologne\DE08_label_mask.tif,data\processed\masks\DE08_Cologne\DE08_validity_mask.tif,data\processed\tiles_v22_enrichment\train\DE08_Cologne\images\DE08_off128_r010_c006_image.tif,data\processed\tiles_v22_enrichment\train\DE08_Cologne\semantic_masks\DE08_off128_r010_c006_semantic.tif,data\processed\tiles_v22_enrichment\train\DE08_Cologne\validity_masks\DE08_off128_r010_c006_validity.tif,True,accepted,0,
DE08_off128_r010_c007,DE08_off128_r010_c007,v2.2,v22_offset_enrichment,DE08,Cologne,train,2688,1920,256,128,256,256,0,0.0,46984,0.7169189453125,18552,0,4192,3276,30511,2483,6522,True,True,True,True,True,63,1,bare_land_rich+road_rich+water_rich+mixed_minority,18.019149491881542,True,,360889.0736886416,5630415.7336777095,363449.0736886416,5632975.7336777095,EPSG:32632,data\processed\sar\DE08_Cologne\DE08_Cologne_S1_VV_VH.tif,data\processed\masks\DE08_Cologne\DE08_label_mask.tif,data\processed\masks\DE08_Cologne\DE08_validity_mask.tif,data\processed\tiles_v22_enrichment\train\DE08_Cologne\images\DE08_off128_r010_c007_image.tif,data\processed\tiles_v22_enrichment\train\DE08_Cologne\semantic_masks\DE08_off128_r010_c007_semantic.tif,data\processed\tiles_v22_enrichment\train\DE08_Cologne\validity_masks\DE08_off128_r010_c007_validity.tif,True,accepted,0,
DE08_off128_r010_c010,DE08_off128_r010_c010,v2.2,v22_offset_enrichment,DE08,Cologne,train,2688,2688,256,128,256,256,0,0.0,43842,0.668975830078125,21694,0,7996,4217,28950,2527,152,True,True,True,True,True,73,1,bare_land_rich+road_rich+building_rich+mixed_minority,15.925670323942455,True,,368569.0736886416,5630415.7336777095,371129.0736886416,5632975.7336777095,EPSG:32632,data\processed\sar\DE08_Cologne\DE08_Cologne_S1_VV_VH.tif,data\processed\masks\DE08_Cologne\DE08_label_mask.tif,data\processed\masks\DE08_Cologne\DE08_validity_mask.tif,data\processed\tiles_v22_enrichment\train\DE08_Cologne\images\DE08_off128_r010_c010_image.tif,data\processed\tiles_v22_enrichment\train\DE08_Cologne\semantic_masks\DE08_off128_r010_c010_semantic.tif,data\processed\tiles_v22_enrichment\train\DE08_Cologne\validity_masks\DE08_off128_r010_c010_validity.tif,True,accepted,0,
DE09_off128_r000_c000,DE09_off128_r000_c000,v2.2,v22_offset_enrichment,DE09,Dusseldorf,train,128,128,256,128,256,256,0,0.0,28378,0.433013916015625,37158,0,13553,7191,6832,454,348,True,True,True,True,True,275,2,bare_land_moderate+road_rich+building_rich+mixed_minority,17.703399425917663,True,,330821.7297870738,5688661.947899519,333381.7297870738,5691221.947899519,EPSG:32632,data\processed\sar\DE09_Dusseldorf\DE09_Dusseldorf_S1_VV_VH.tif,data\processed\masks\DE09_Dusseldorf\DE09_label_mask.tif,data\processed\masks\DE09_Dusseldorf\DE09_validity_mask.tif,data\processed\tiles_v22_enrichment\train\DE09_Dusseldorf\images\DE09_off128_r000_c000_image.tif,data\processed\tiles_v22_enrichment\train\DE09_Dusseldorf\semantic_masks\DE09_off128_r000_c000_semantic.tif,data\processed\tiles_v22_enrichment\train\DE09_Dusseldorf\validity_masks\DE09_off128_r000_c000_validity.tif,True,accepted,0,
DE09_off128_r000_c001,DE09_off128_r000_c001,v2.2,v22_offset_enrichment,DE09,Dusseldorf,train,128,384,256,128,256,256,0,0.0,35516,0.54193115234375,30020,0,8611,6611,19233,110,951,True,True,True,True,True,481,3,road_rich+building_rich+mixed_minority,16.497584942184947,True,,333381.7297870738,5688661.947899519,335941.7297870738,5691221.947899519,EPSG:32632,data\processed\sar\DE09_Dusseldorf\DE09_Dusseldorf_S1_VV_VH.tif,data\processed\masks\DE09_Dusseldorf\DE09_label_mask.tif,data\processed\masks\DE09_Dusseldorf\DE09_validity_mask.tif,data\processed\tiles_v22_enrichment\train\DE09_Dusseldorf\images\DE09_off128_r000_c001_image.tif,data\processed\tiles_v22_enrichment\train\DE09_Dusseldorf\semantic_masks\DE09_off128_r000_c001_semantic.tif,data\processed\tiles_v22_enrichment\train\DE09_Dusseldorf\validity_masks\DE09_off128_r000_c001_validity.tif,True,accepted,0,
DE09_off128_r000_c002,DE09_off128_r000_c002,v2.2,v22_offset_enrichment,DE09,Dusseldorf,train,128,640,256,128,256,256,0,0.0,41385,0.6314849853515625,24151,0,7449,3853,21150,688,8245,True,True,True,True,True,248,2,bare_land_moderate+road_rich+water_rich+building_rich+mixed_minority,18.24740862918387,True,,335941.7297870738,5688661.947899519,338501.7297870738,5691221.947899519,EPSG:32632,data\processed\sar\DE09_Dusseldorf\DE09_Dusseldorf_S1_VV_VH.tif,data\processed\masks\DE09_Dusseldorf\DE09_label_mask.tif,data\processed\masks\DE09_Dusseldorf\DE09_validity_mask.tif,data\processed\tiles_v22_enrichment\train\DE09_Dusseldorf\images\DE09_off128_r000_c002_image.tif,data\processed\tiles_v22_enrichment\train\DE09_Dusseldorf\semantic_masks\DE09_off128_r000_c002_semantic.tif,data\processed\tiles_v22_enrichment\train\DE09_Dusseldorf\validity_masks\DE09_off128_r000_c002_validity.tif,True,accepted,0,
DE09_off128_r000_c007,DE09_off128_r000_c007,v2.2,v22_offset_enrichment,DE09,Dusseldorf,train,128,1920,256,128,256,256,0,0.0,42028,0.64129638671875,23508,0,5889,5043,29297,492,1307,True,True,True,True,True,358,2,bare_land_moderate+road_rich+building_rich+mixed_minority,14.123046648449025,True,,348741.7297870738,5688661.947899519,351301.7297870738,5691221.947899519,EPSG:32632,data\processed\sar\DE09_Dusseldorf\DE09_Dusseldorf_S1_VV_VH.tif,data\processed\masks\DE09_Dusseldorf\DE09_label_mask.tif,data\processed\masks\DE09_Dusseldorf\DE09_validity_mask.tif,data\processed\tiles_v22_enrichment\train\DE09_Dusseldorf\images\DE09_off128_r000_c007_image.tif,data\processed\tiles_v22_enrichment\train\DE09_Dusseldorf\semantic_masks\DE09_off128_r000_c007_semantic.tif,data\processed\tiles_v22_enrichment\train\DE09_Dusseldorf\validity_masks\DE09_off128_r000_c007_validity.tif,True,accepted,0,
DE09_off128_r001_c000,DE09_off128_r001_c000,v2.2,v22_offset_enrichment,DE09,Dusseldorf,train,384,128,256,128,256,256,0,0.0,36455,0.5562591552734375,29081,0,9757,6016,20339,122,221,True,True,True,True,True,491,3,road_rich+building_rich+mixed_minority,16.081152859840714,True,,330821.7297870738,5686101.947899519,333381.7297870738,5688661.947899519,EPSG:32632,data\processed\sar\DE09_Dusseldorf\DE09_Dusseldorf_S1_VV_VH.tif,data\processed\masks\DE09_Dusseldorf\DE09_label_mask.tif,data\processed\masks\DE09_Dusseldorf\DE09_validity_mask.tif,data\processed\tiles_v22_enrichment\train\DE09_Dusseldorf\images\DE09_off128_r001_c000_image.tif,data\processed\tiles_v22_enrichment\train\DE09_Dusseldorf\semantic_masks\DE09_off128_r001_c000_semantic.tif,data\processed\tiles_v22_enrichment\train\DE09_Dusseldorf\validity_masks\DE09_off128_r001_c000_validity.tif,True,accepted,0,
DE09_off128_r001_c010,DE09_off128_r001_c010,v2.2,v22_offset_enrichment,DE09,Dusseldorf,train,384,2688,256,128,256,256,0,0.0,44008,0.6715087890625,21528,0,5844,4638,31868,1512,146,True,True,True,True,True,363,2,bare_land_moderate+road_rich+building_rich+mixed_minority,13.86810940713194,True,,356421.7297870738,5686101.947899519,358981.7297870738,5688661.947899519,EPSG:32632,data\processed\sar\DE09_Dusseldorf\DE09_Dusseldorf_S1_VV_VH.tif,data\processed\masks\DE09_Dusseldorf\DE09_label_mask.tif,data\processed\masks\DE09_Dusseldorf\DE09_validity_mask.tif,data\processed\tiles_v22_enrichment\train\DE09_Dusseldorf\images\DE09_off128_r001_c010_image.tif,data\processed\tiles_v22_enrichment\train\DE09_Dusseldorf\semantic_masks\DE09_off128_r001_c010_semantic.tif,data\processed\tiles_v22_enrichment\train\DE09_Dusseldorf\validity_masks\DE09_off128_r001_c010_validity.tif,True,accepted,0,
DE09_off128_r002_c006,DE09_off128_r002_c006,v2.2,v22_offset_enrichment,DE09,Dusseldorf,train,640,1664,256,128,256,256,0,0.0,45503,0.6943206787109375,20033,0,7593,5718,28276,128,3788,True,True,True,True,True,487,3,road_rich+water_rich+building_rich+mixed_minority,16.29199555729037,True,,346181.7297870738,5683541.947899519,348741.7297870738,5686101.947899519,EPSG:32632,data\processed\sar\DE09_Dusseldorf\DE09_Dusseldorf_S1_VV_VH.tif,data\processed\masks\DE09_Dusseldorf\DE09_label_mask.tif,data\processed\masks\DE09_Dusseldorf\DE09_validity_mask.tif,data\processed\tiles_v22_enrichment\train\DE09_Dusseldorf\images\DE09_off128_r002_c006_image.tif,data\processed\tiles_v22_enrichment\train\DE09_Dusseldorf\semantic_masks\DE09_off128_r002_c006_semantic.tif,data\processed\tiles_v22_enrichment\train\DE09_Dusseldorf\validity_masks\DE09_off128_r002_c006_validity.tif,True,accepted,0,
DE09_off128_r002_c007,DE09_off128_r002_c007,v2.2,v22_offset_enrichment,DE09,Dusseldorf,train,640,1920,256,128,256,256,0,0.0,32851,0.5012664794921875,32685,0,12504,7218,11772,664,693,True,True,True,True,True,238,2,bare_land_moderate+road_rich+building_rich+mixed_minority,18.46207436966296,True,,348741.7297870738,5683541.947899519,351301.7297870738,5686101.947899519,EPSG:32632,data\processed\sar\DE09_Dusseldorf\DE09_Dusseldorf_S1_VV_VH.tif,data\processed\masks\DE09_Dusseldorf\DE09_label_mask.tif,data\processed\masks\DE09_Dusseldorf\DE09_validity_mask.tif,data\processed\tiles_v22_enrichment\train\DE09_Dusseldorf\images\DE09_off128_r002_c007_image.tif,data\processed\tiles_v22_enrichment\train\DE09_Dusseldorf\semantic_masks\DE09_off128_r002_c007_semantic.tif,data\processed\tiles_v22_enrichment\train\DE09_Dusseldorf\validity_masks\DE09_off128_r002_c007_validity.tif,True,accepted,0,
DE09_off128_r003_c001,DE09_off128_r003_c001,v2.2,v22_offset_enrichment,DE09,Dusseldorf,train,896,384,256,128,256,256,0,0.0,39262,0.599090576171875,26274,0,6519,5607,25969,425,742,True,True,True,True,True,341,2,bare_land_moderate+road_rich+building_rich+mixed_minority,15.280181707545722,True,,333381.7297870738,5680981.947899519,335941.7297870738,5683541.947899519,EPSG:32632,data\processed\sar\DE09_Dusseldorf\DE09_Dusseldorf_S1_VV_VH.tif,data\processed\masks\DE09_Dusseldorf\DE09_label_mask.tif,data\processed\masks\DE09_Dusseldorf\DE09_validity_mask.tif,data\processed\tiles_v22_enrichment\train\DE09_Dusseldorf\images\DE09_off128_r003_c001_image.tif,data\processed\tiles_v22_enrichment\train\DE09_Dusseldorf\semantic_masks\DE09_off128_r003_c001_semantic.tif,data\processed\tiles_v22_enrichment\train\DE09_Dusseldorf\validity_masks\DE09_off128_r003_c001_validity.tif,True,accepted,0,
DE09_off128_r003_c004,DE09_off128_r003_c004,v2.2,v22_offset_enrichment,DE09,Dusseldorf,train,896,1152,256,128,256,256,0,0.0,35952,0.548583984375,29584,0,7934,6999,20109,285,625,True,True,True,True,True,488,3,road_rich+building_rich+mixed_minority,16.18838149216316,True,,341061.7297870738,5680981.947899519,343621.7297870738,5683541.947899519,EPSG:32632,data\processed\sar\DE09_Dusseldorf\DE09_Dusseldorf_S1_VV_VH.tif,data\processed\masks\DE09_Dusseldorf\DE09_label_mask.tif,data\processed\masks\DE09_Dusseldorf\DE09_validity_mask.tif,data\processed\tiles_v22_enrichment\train\DE09_Dusseldorf\images\DE09_off128_r003_c004_image.tif,data\processed\tiles_v22_enrichment\train\DE09_Dusseldorf\semantic_masks\DE09_off128_r003_c004_semantic.tif,data\processed\tiles_v22_enrichment\train\DE09_Dusseldorf\validity_masks\DE09_off128_r003_c004_validity.tif,True,accepted,0,
DE09_off128_r003_c005,DE09_off128_r003_c005,v2.2,v22_offset_enrichment,DE09,Dusseldorf,train,896,1408,256,128,256,256,0,0.0,28006,0.427337646484375,37530,0,11022,7434,8175,1364,11,True,True,True,True,True,181,2,bare_land_moderate+road_rich+building_rich+mixed_minority,19.83935649958728,True,,343621.7297870738,5680981.947899519,346181.7297870738,5683541.947899519,EPSG:32632,data\processed\sar\DE09_Dusseldorf\DE09_Dusseldorf_S1_VV_VH.tif,data\processed\masks\DE09_Dusseldorf\DE09_label_mask.tif,data\processed\masks\DE09_Dusseldorf\DE09_validity_mask.tif,data\processed\tiles_v22_enrichment\train\DE09_Dusseldorf\images\DE09_off128_r003_c005_image.tif,data\processed\tiles_v22_enrichment\train\DE09_Dusseldorf\semantic_masks\DE09_off128_r003_c005_semantic.tif,data\processed\tiles_v22_enrichment\train\DE09_Dusseldorf\validity_masks\DE09_off128_r003_c005_validity.tif,True,accepted,0,
DE09_off128_r003_c006,DE09_off128_r003_c006,v2.2,v22_offset_enrichment,DE09,Dusseldorf,train,896,1664,256,128,256,256,0,0.0,38453,0.5867462158203125,27083,0,11307,6158,16650,1251,3087,True,True,True,True,True,137,2,bare_land_moderate+road_rich+water_rich+building_rich+mixed_minority,21.81130606810752,True,,346181.7297870738,5680981.947899519,348741.7297870738,5683541.947899519,EPSG:32632,data\processed\sar\DE09_Dusseldorf\DE09_Dusseldorf_S1_VV_VH.tif,data\processed\masks\DE09_Dusseldorf\DE09_label_mask.tif,data\processed\masks\DE09_Dusseldorf\DE09_validity_mask.tif,data\processed\tiles_v22_enrichment\train\DE09_Dusseldorf\images\DE09_off128_r003_c006_image.tif,data\processed\tiles_v22_enrichment\train\DE09_Dusseldorf\semantic_masks\DE09_off128_r003_c006_semantic.tif,data\processed\tiles_v22_enrichment\train\DE09_Dusseldorf\validity_masks\DE09_off128_r003_c006_validity.tif,True,accepted,0,
DE09_off128_r004_c001,DE09_off128_r004_c001,v2.2,v22_offset_enrichment,DE09,Dusseldorf,train,1152,384,256,128,256,256,0,0.0,54075,0.8251190185546875,11461,0,1421,2533,35299,3907,10915,True,True,True,True,True,68,1,bare_land_rich+water_rich+mixed_minority,17.809954894652698,True,,333381.7297870738,5678421.947899519,335941.7297870738,5680981.947899519,EPSG:32632,data\processed\sar\DE09_Dusseldorf\DE09_Dusseldorf_S1_VV_VH.tif,data\processed\masks\DE09_Dusseldorf\DE09_label_mask.tif,data\processed\masks\DE09_Dusseldorf\DE09_validity_mask.tif,data\processed\tiles_v22_enrichment\train\DE09_Dusseldorf\images\DE09_off128_r004_c001_image.tif,data\processed\tiles_v22_enrichment\train\DE09_Dusseldorf\semantic_masks\DE09_off128_r004_c001_semantic.tif,data\processed\tiles_v22_enrichment\train\DE09_Dusseldorf\validity_masks\DE09_off128_r004_c001_validity.tif,True,accepted,0,
DE09_off128_r004_c003,DE09_off128_r004_c003,v2.2,v22_offset_enrichment,DE09,Dusseldorf,train,1152,896,256,128,256,256,0,0.0,33182,0.506317138671875,32354,0,10017,5970,15533,1090,572,True,True,True,True,True,200,2,bare_land_moderate+road_rich+building_rich+mixed_minority,19.32377841285668,True,,338501.7297870738,5678421.947899519,341061.7297870738,5680981.947899519,EPSG:32632,data\processed\sar\DE09_Dusseldorf\DE09_Dusseldorf_S1_VV_VH.tif,data\processed\masks\DE09_Dusseldorf\DE09_label_mask.tif,data\processed\masks\DE09_Dusseldorf\DE09_validity_mask.tif,data\processed\tiles_v22_enrichment\train\DE09_Dusseldorf\images\DE09_off128_r004_c003_image.tif,data\processed\tiles_v22_enrichment\train\DE09_Dusseldorf\semantic_masks\DE09_off128_r004_c003_semantic.tif,data\processed\tiles_v22_enrichment\train\DE09_Dusseldorf\validity_masks\DE09_off128_r004_c003_validity.tif,True,accepted,0,
DE09_off128_r004_c004,DE09_off128_r004_c004,v2.2,v22_offset_enrichment,DE09,Dusseldorf,train,1152,1152,256,128,256,256,0,0.0,45297,0.6911773681640625,20239,0,7840,5276,20161,1350,10670,True,True,True,True,True,156,2,bare_land_moderate+road_rich+water_rich+building_rich+mixed_minority,20.660181938003124,True,,341061.7297870738,5678421.947899519,343621.7297870738,5680981.947899519,EPSG:32632,data\processed\sar\DE09_Dusseldorf\DE09_Dusseldorf_S1_VV_VH.tif,data\processed\masks\DE09_Dusseldorf\DE09_label_mask.tif,data\processed\masks\DE09_Dusseldorf\DE09_validity_mask.tif,data\processed\tiles_v22_enrichment\train\DE09_Dusseldorf\images\DE09_off128_r004_c004_image.tif,data\processed\tiles_v22_enrichment\train\DE09_Dusseldorf\semantic_masks\DE09_off128_r004_c004_semantic.tif,data\processed\tiles_v22_enrichment\train\DE09_Dusseldorf\validity_masks\DE09_off128_r004_c004_validity.tif,True,accepted,0,
DE09_off128_r004_c005,DE09_off128_r004_c005,v2.2,v22_offset_enrichment,DE09,Dusseldorf,train,1152,1408,256,128,256,256,0,0.0,36666,0.559478759765625,28870,0,15153,8267,8333,786,4127,True,True,True,True,True,129,2,bare_land_moderate+road_rich+water_rich+building_rich+mixed_minority,22.27668270892833,True,,343621.7297870738,5678421.947899519,346181.7297870738,5680981.947899519,EPSG:32632,data\processed\sar\DE09_Dusseldorf\DE09_Dusseldorf_S1_VV_VH.tif,data\processed\masks\DE09_Dusseldorf\DE09_label_mask.tif,data\processed\masks\DE09_Dusseldorf\DE09_validity_mask.tif,data\processed\tiles_v22_enrichment\train\DE09_Dusseldorf\images\DE09_off128_r004_c005_image.tif,data\processed\tiles_v22_enrichment\train\DE09_Dusseldorf\semantic_masks\DE09_off128_r004_c005_semantic.tif,data\processed\tiles_v22_enrichment\train\DE09_Dusseldorf\validity_masks\DE09_off128_r004_c005_validity.tif,True,accepted,0,
DE09_off128_r004_c006,DE09_off128_r004_c006,v2.2,v22_offset_enrichment,DE09,Dusseldorf,train,1152,1664,256,128,256,256,0,0.0,36483,0.5566864013671875,29053,0,10998,7153,17467,605,260,True,True,True,True,True,277,2,bare_land_moderate+road_rich+building_rich+mixed_minority,17.668395964725462,True,,346181.7297870738,5678421.947899519,348741.7297870738,5680981.947899519,EPSG:32632,data\processed\sar\DE09_Dusseldorf\DE09_Dusseldorf_S1_VV_VH.tif,data\processed\masks\DE09_Dusseldorf\DE09_label_mask.tif,data\processed\masks\DE09_Dusseldorf\DE09_validity_mask.tif,data\processed\tiles_v22_enrichment\train\DE09_Dusseldorf\images\DE09_off128_r004_c006_image.tif,data\processed\tiles_v22_enrichment\train\DE09_Dusseldorf\semantic_masks\DE09_off128_r004_c006_semantic.tif,data\processed\tiles_v22_enrichment\train\DE09_Dusseldorf\validity_masks\DE09_off128_r004_c006_validity.tif,True,accepted,0,
DE09_off128_r004_c008,DE09_off128_r004_c008,v2.2,v22_offset_enrichment,DE09,Dusseldorf,train,1152,2176,256,128,256,256,0,0.0,59037,0.9008331298828124,6499,0,1020,1532,52287,3740,458,True,True,True,True,True,96,1,bare_land_rich,5.666713075566578,True,,351301.7297870738,5678421.947899519,353861.7297870738,5680981.947899519,EPSG:32632,data\processed\sar\DE09_Dusseldorf\DE09_Dusseldorf_S1_VV_VH.tif,data\processed\masks\DE09_Dusseldorf\DE09_label_mask.tif,data\processed\masks\DE09_Dusseldorf\DE09_validity_mask.tif,data\processed\tiles_v22_enrichment\train\DE09_Dusseldorf\images\DE09_off128_r004_c008_image.tif,data\processed\tiles_v22_enrichment\train\DE09_Dusseldorf\semantic_masks\DE09_off128_r004_c008_semantic.tif,data\processed\tiles_v22_enrichment\train\DE09_Dusseldorf\validity_masks\DE09_off128_r004_c008_validity.tif,True,accepted,0,
DE09_off128_r005_c001,DE09_off128_r005_c001,v2.2,v22_offset_enrichment,DE09,Dusseldorf,train,1408,384,256,128,256,256,0,0.0,36706,0.560089111328125,28830,0,9126,6995,18520,1553,512,True,True,True,True,True,204,2,bare_land_moderate+road_rich+building_rich+mixed_minority,19.232131829139927,True,,333381.7297870738,5675861.947899519,335941.7297870738,5678421.947899519,EPSG:32632,data\processed\sar\DE09_Dusseldorf\DE09_Dusseldorf_S1_VV_VH.tif,data\processed\masks\DE09_Dusseldorf\DE09_label_mask.tif,data\processed\masks\DE09_Dusseldorf\DE09_validity_mask.tif,data\processed\tiles_v22_enrichment\train\DE09_Dusseldorf\images\DE09_off128_r005_c001_image.tif,data\processed\tiles_v22_enrichment\train\DE09_Dusseldorf\semantic_masks\DE09_off128_r005_c001_semantic.tif,data\processed\tiles_v22_enrichment\train\DE09_Dusseldorf\validity_masks\DE09_off128_r005_c001_validity.tif,True,accepted,0,
DE09_off128_r005_c002,DE09_off128_r005_c002,v2.2,v22_offset_enrichment,DE09,Dusseldorf,train,1408,640,256,128,256,256,0,0.0,39574,0.603851318359375,25962,0,8090,5316,24759,451,958,True,True,True,True,True,334,2,bare_land_moderate+road_rich+building_rich+mixed_minority,15.610118059148782,True,,335941.7297870738,5675861.947899519,338501.7297870738,5678421.947899519,EPSG:32632,data\processed\sar\DE09_Dusseldorf\DE09_Dusseldorf_S1_VV_VH.tif,data\processed\masks\DE09_Dusseldorf\DE09_label_mask.tif,data\processed\masks\DE09_Dusseldorf\DE09_validity_mask.tif,data\processed\tiles_v22_enrichment\train\DE09_Dusseldorf\images\DE09_off128_r005_c002_image.tif,data\processed\tiles_v22_enrichment\train\DE09_Dusseldorf\semantic_masks\DE09_off128_r005_c002_semantic.tif,data\processed\tiles_v22_enrichment\train\DE09_Dusseldorf\validity_masks\DE09_off128_r005_c002_validity.tif,True,accepted,0,
DE09_off128_r005_c003,DE09_off128_r005_c003,v2.2,v22_offset_enrichment,DE09,Dusseldorf,train,1408,896,256,128,256,256,0,0.0,37100,0.56610107421875,28436,0,13630,6511,9603,895,6461,True,True,True,True,True,110,2,bare_land_moderate+road_rich+water_rich+building_rich+mixed_minority,23.996020211685057,True,,338501.7297870738,5675861.947899519,341061.7297870738,5678421.947899519,EPSG:32632,data\processed\sar\DE09_Dusseldorf\DE09_Dusseldorf_S1_VV_VH.tif,data\processed\masks\DE09_Dusseldorf\DE09_label_mask.tif,data\processed\masks\DE09_Dusseldorf\DE09_validity_mask.tif,data\processed\tiles_v22_enrichment\train\DE09_Dusseldorf\images\DE09_off128_r005_c003_image.tif,data\processed\tiles_v22_enrichment\train\DE09_Dusseldorf\semantic_masks\DE09_off128_r005_c003_semantic.tif,data\processed\tiles_v22_enrichment\train\DE09_Dusseldorf\validity_masks\DE09_off128_r005_c003_validity.tif,True,accepted,0,
DE09_off128_r005_c004,DE09_off128_r005_c004,v2.2,v22_offset_enrichment,DE09,Dusseldorf,train,1408,1152,256,128,256,256,0,0.0,46434,0.708526611328125,19102,0,8389,4944,14454,1983,16664,True,True,True,True,True,149,2,bare_land_moderate+road_rich+water_rich+building_rich+mixed_minority,21.223386412336005,True,,341061.7297870738,5675861.947899519,343621.7297870738,5678421.947899519,EPSG:32632,data\processed\sar\DE09_Dusseldorf\DE09_Dusseldorf_S1_VV_VH.tif,data\processed\masks\DE09_Dusseldorf\DE09_label_mask.tif,data\processed\masks\DE09_Dusseldorf\DE09_validity_mask.tif,data\processed\tiles_v22_enrichment\train\DE09_Dusseldorf\images\DE09_off128_r005_c004_image.tif,data\processed\tiles_v22_enrichment\train\DE09_Dusseldorf\semantic_masks\DE09_off128_r005_c004_semantic.tif,data\processed\tiles_v22_enrichment\train\DE09_Dusseldorf\validity_masks\DE09_off128_r005_c004_validity.tif,True,accepted,0,
DE09_off128_r005_c005,DE09_off128_r005_c005,v2.2,v22_offset_enrichment,DE09,Dusseldorf,train,1408,1408,256,128,256,256,0,0.0,46660,0.71197509765625,18876,0,20824,8499,9223,1403,6711,True,True,True,True,True,107,2,bare_land_moderate+road_rich+water_rich+building_rich+mixed_minority,24.370569182525514,True,,343621.7297870738,5675861.947899519,346181.7297870738,5678421.947899519,EPSG:32632,data\processed\sar\DE09_Dusseldorf\DE09_Dusseldorf_S1_VV_VH.tif,data\processed\masks\DE09_Dusseldorf\DE09_label_mask.tif,data\processed\masks\DE09_Dusseldorf\DE09_validity_mask.tif,data\processed\tiles_v22_enrichment\train\DE09_Dusseldorf\images\DE09_off128_r005_c005_image.tif,data\processed\tiles_v22_enrichment\train\DE09_Dusseldorf\semantic_masks\DE09_off128_r005_c005_semantic.tif,data\processed\tiles_v22_enrichment\train\DE09_Dusseldorf\validity_masks\DE09_off128_r005_c005_validity.tif,True,accepted,0,
DE09_off128_r005_c006,DE09_off128_r005_c006,v2.2,v22_offset_enrichment,DE09,Dusseldorf,train,1408,1664,256,128,256,256,0,0.0,35800,0.5462646484375,29736,0,18916,8989,6122,1578,195,True,True,True,True,True,185,2,bare_land_moderate+road_rich+building_rich+mixed_minority,19.79039872664979,True,,346181.7297870738,5675861.947899519,348741.7297870738,5678421.947899519,EPSG:32632,data\processed\sar\DE09_Dusseldorf\DE09_Dusseldorf_S1_VV_VH.tif,data\processed\masks\DE09_Dusseldorf\DE09_label_mask.tif,data\processed\masks\DE09_Dusseldorf\DE09_validity_mask.tif,data\processed\tiles_v22_enrichment\train\DE09_Dusseldorf\images\DE09_off128_r005_c006_image.tif,data\processed\tiles_v22_enrichment\train\DE09_Dusseldorf\semantic_masks\DE09_off128_r005_c006_semantic.tif,data\processed\tiles_v22_enrichment\train\DE09_Dusseldorf\validity_masks\DE09_off128_r005_c006_validity.tif,True,accepted,0,
DE09_off128_r005_c007,DE09_off128_r005_c007,v2.2,v22_offset_enrichment,DE09,Dusseldorf,train,1408,1920,256,128,256,256,0,0.0,37721,0.5755767822265625,27815,0,9720,6263,17353,4198,187,True,True,True,True,True,16,1,bare_land_rich+road_rich+building_rich+mixed_minority,24.542359211112327,True,,348741.7297870738,5675861.947899519,351301.7297870738,5678421.947899519,EPSG:32632,data\processed\sar\DE09_Dusseldorf\DE09_Dusseldorf_S1_VV_VH.tif,data\processed\masks\DE09_Dusseldorf\DE09_label_mask.tif,data\processed\masks\DE09_Dusseldorf\DE09_validity_mask.tif,data\processed\tiles_v22_enrichment\train\DE09_Dusseldorf\images\DE09_off128_r005_c007_image.tif,data\processed\tiles_v22_enrichment\train\DE09_Dusseldorf\semantic_masks\DE09_off128_r005_c007_semantic.tif,data\processed\tiles_v22_enrichment\train\DE09_Dusseldorf\validity_masks\DE09_off128_r005_c007_validity.tif,True,accepted,0,
DE09_off128_r006_c002,DE09_off128_r006_c002,v2.2,v22_offset_enrichment,DE09,Dusseldorf,train,1664,640,256,128,256,256,0,0.0,35322,0.538970947265625,30214,0,9422,5715,19278,760,147,True,True,True,True,True,282,2,bare_land_moderate+road_rich+building_rich+mixed_minority,17.427935332068298,True,,335941.7297870738,5673301.947899519,338501.7297870738,5675861.947899519,EPSG:32632,data\processed\sar\DE09_Dusseldorf\DE09_Dusseldorf_S1_VV_VH.tif,data\processed\masks\DE09_Dusseldorf\DE09_label_mask.tif,data\processed\masks\DE09_Dusseldorf\DE09_validity_mask.tif,data\processed\tiles_v22_enrichment\train\DE09_Dusseldorf\images\DE09_off128_r006_c002_image.tif,data\processed\tiles_v22_enrichment\train\DE09_Dusseldorf\semantic_masks\DE09_off128_r006_c002_semantic.tif,data\processed\tiles_v22_enrichment\train\DE09_Dusseldorf\validity_masks\DE09_off128_r006_c002_validity.tif,True,accepted,0,
DE09_off128_r006_c003,DE09_off128_r006_c003,v2.2,v22_offset_enrichment,DE09,Dusseldorf,train,1664,896,256,128,256,256,0,0.0,42840,0.6536865234375,22696,0,11034,7352,19625,1749,3080,True,True,True,True,True,138,2,bare_land_moderate+road_rich+water_rich+building_rich+mixed_minority,21.659055337629844,True,,338501.7297870738,5673301.947899519,341061.7297870738,5675861.947899519,EPSG:32632,data\processed\sar\DE09_Dusseldorf\DE09_Dusseldorf_S1_VV_VH.tif,data\processed\masks\DE09_Dusseldorf\DE09_label_mask.tif,data\processed\masks\DE09_Dusseldorf\DE09_validity_mask.tif,data\processed\tiles_v22_enrichment\train\DE09_Dusseldorf\images\DE09_off128_r006_c003_image.tif,data\processed\tiles_v22_enrichment\train\DE09_Dusseldorf\semantic_masks\DE09_off128_r006_c003_semantic.tif,data\processed\tiles_v22_enrichment\train\DE09_Dusseldorf\validity_masks\DE09_off128_r006_c003_validity.tif,True,accepted,0,
DE09_off128_r006_c004,DE09_off128_r006_c004,v2.2,v22_offset_enrichment,DE09,Dusseldorf,train,1664,1152,256,128,256,256,0,0.0,47886,0.730682373046875,17650,0,5412,3493,28487,1519,8975,True,True,True,True,True,286,2,bare_land_moderate+road_rich+water_rich+building_rich+mixed_minority,17.340296874153672,True,,341061.7297870738,5673301.947899519,343621.7297870738,5675861.947899519,EPSG:32632,data\processed\sar\DE09_Dusseldorf\DE09_Dusseldorf_S1_VV_VH.tif,data\processed\masks\DE09_Dusseldorf\DE09_label_mask.tif,data\processed\masks\DE09_Dusseldorf\DE09_validity_mask.tif,data\processed\tiles_v22_enrichment\train\DE09_Dusseldorf\images\DE09_off128_r006_c004_image.tif,data\processed\tiles_v22_enrichment\train\DE09_Dusseldorf\semantic_masks\DE09_off128_r006_c004_semantic.tif,data\processed\tiles_v22_enrichment\train\DE09_Dusseldorf\validity_masks\DE09_off128_r006_c004_validity.tif,True,accepted,0,
DE09_off128_r006_c005,DE09_off128_r006_c005,v2.2,v22_offset_enrichment,DE09,Dusseldorf,train,1664,1408,256,128,256,256,0,0.0,34983,0.5337982177734375,30553,0,16096,8517,9583,632,155,True,True,True,True,True,278,2,bare_land_moderate+road_rich+building_rich+mixed_minority,17.65630057606175,True,,343621.7297870738,5673301.947899519,346181.7297870738,5675861.947899519,EPSG:32632,data\processed\sar\DE09_Dusseldorf\DE09_Dusseldorf_S1_VV_VH.tif,data\processed\masks\DE09_Dusseldorf\DE09_label_mask.tif,data\processed\masks\DE09_Dusseldorf\DE09_validity_mask.tif,data\processed\tiles_v22_enrichment\train\DE09_Dusseldorf\images\DE09_off128_r006_c005_image.tif,data\processed\tiles_v22_enrichment\train\DE09_Dusseldorf\semantic_masks\DE09_off128_r006_c005_semantic.tif,data\processed\tiles_v22_enrichment\train\DE09_Dusseldorf\validity_masks\DE09_off128_r006_c005_validity.tif,True,accepted,0,
DE09_off128_r006_c006,DE09_off128_r006_c006,v2.2,v22_offset_enrichment,DE09,Dusseldorf,train,1664,1664,256,128,256,256,0,0.0,36538,0.557525634765625,28998,0,11303,7273,15689,423,1850,True,True,True,True,True,215,2,bare_land_moderate+road_rich+water_rich+building_rich+mixed_minority,19.00897344252741,True,,346181.7297870738,5673301.947899519,348741.7297870738,5675861.947899519,EPSG:32632,data\processed\sar\DE09_Dusseldorf\DE09_Dusseldorf_S1_VV_VH.tif,data\processed\masks\DE09_Dusseldorf\DE09_label_mask.tif,data\processed\masks\DE09_Dusseldorf\DE09_validity_mask.tif,data\processed\tiles_v22_enrichment\train\DE09_Dusseldorf\images\DE09_off128_r006_c006_image.tif,data\processed\tiles_v22_enrichment\train\DE09_Dusseldorf\semantic_masks\DE09_off128_r006_c006_semantic.tif,data\processed\tiles_v22_enrichment\train\DE09_Dusseldorf\validity_masks\DE09_off128_r006_c006_validity.tif,True,accepted,0,
DE09_off128_r006_c007,DE09_off128_r006_c007,v2.2,v22_offset_enrichment,DE09,Dusseldorf,train,1664,1920,256,128,256,256,0,0.0,42902,0.654632568359375,22634,0,7867,5198,28405,1052,380,True,True,True,True,True,343,2,bare_land_moderate+road_rich+building_rich+mixed_minority,14.990770743735814,True,,348741.7297870738,5673301.947899519,351301.7297870738,5675861.947899519,EPSG:32632,data\processed\sar\DE09_Dusseldorf\DE09_Dusseldorf_S1_VV_VH.tif,data\processed\masks\DE09_Dusseldorf\DE09_label_mask.tif,data\processed\masks\DE09_Dusseldorf\DE09_validity_mask.tif,data\processed\tiles_v22_enrichment\train\DE09_Dusseldorf\images\DE09_off128_r006_c007_image.tif,data\processed\tiles_v22_enrichment\train\DE09_Dusseldorf\semantic_masks\DE09_off128_r006_c007_semantic.tif,data\processed\tiles_v22_enrichment\train\DE09_Dusseldorf\validity_masks\DE09_off128_r006_c007_validity.tif,True,accepted,0,
DE09_off128_r006_c009,DE09_off128_r006_c009,v2.2,v22_offset_enrichment,DE09,Dusseldorf,train,1664,2432,256,128,256,256,0,0.0,45898,0.700347900390625,19638,0,5743,4540,34184,1026,405,True,True,True,True,True,383,2,bare_land_moderate+road_rich+building_rich+mixed_minority,12.653395963487055,True,,353861.7297870738,5673301.947899519,356421.7297870738,5675861.947899519,EPSG:32632,data\processed\sar\DE09_Dusseldorf\DE09_Dusseldorf_S1_VV_VH.tif,data\processed\masks\DE09_Dusseldorf\DE09_label_mask.tif,data\processed\masks\DE09_Dusseldorf\DE09_validity_mask.tif,data\processed\tiles_v22_enrichment\train\DE09_Dusseldorf\images\DE09_off128_r006_c009_image.tif,data\processed\tiles_v22_enrichment\train\DE09_Dusseldorf\semantic_masks\DE09_off128_r006_c009_semantic.tif,data\processed\tiles_v22_enrichment\train\DE09_Dusseldorf\validity_masks\DE09_off128_r006_c009_validity.tif,True,accepted,0,
DE09_off128_r007_c002,DE09_off128_r007_c002,v2.2,v22_offset_enrichment,DE09,Dusseldorf,train,1920,640,256,128,256,256,0,0.0,44370,0.677032470703125,21166,0,7064,6137,26091,4137,941,True,True,True,True,True,35,1,bare_land_rich+road_rich+building_rich+mixed_minority,21.671398033020004,True,,335941.7297870738,5670741.947899519,338501.7297870738,5673301.947899519,EPSG:32632,data\processed\sar\DE09_Dusseldorf\DE09_Dusseldorf_S1_VV_VH.tif,data\processed\masks\DE09_Dusseldorf\DE09_label_mask.tif,data\processed\masks\DE09_Dusseldorf\DE09_validity_mask.tif,data\processed\tiles_v22_enrichment\train\DE09_Dusseldorf\images\DE09_off128_r007_c002_image.tif,data\processed\tiles_v22_enrichment\train\DE09_Dusseldorf\semantic_masks\DE09_off128_r007_c002_semantic.tif,data\processed\tiles_v22_enrichment\train\DE09_Dusseldorf\validity_masks\DE09_off128_r007_c002_validity.tif,True,accepted,0,
DE09_off128_r007_c003,DE09_off128_r007_c003,v2.2,v22_offset_enrichment,DE09,Dusseldorf,train,1920,896,256,128,256,256,0,0.0,42435,0.6475067138671875,23101,0,6591,5043,28091,1493,1217,True,True,True,True,True,325,2,bare_land_moderate+road_rich+building_rich+mixed_minority,16.06956397791809,True,,338501.7297870738,5670741.947899519,341061.7297870738,5673301.947899519,EPSG:32632,data\processed\sar\DE09_Dusseldorf\DE09_Dusseldorf_S1_VV_VH.tif,data\processed\masks\DE09_Dusseldorf\DE09_label_mask.tif,data\processed\masks\DE09_Dusseldorf\DE09_validity_mask.tif,data\processed\tiles_v22_enrichment\train\DE09_Dusseldorf\images\DE09_off128_r007_c003_image.tif,data\processed\tiles_v22_enrichment\train\DE09_Dusseldorf\semantic_masks\DE09_off128_r007_c003_semantic.tif,data\processed\tiles_v22_enrichment\train\DE09_Dusseldorf\validity_masks\DE09_off128_r007_c003_validity.tif,True,accepted,0,
DE09_off128_r007_c004,DE09_off128_r007_c004,v2.2,v22_offset_enrichment,DE09,Dusseldorf,train,1920,1152,256,128,256,256,0,0.0,51785,0.7901763916015625,13751,0,6011,3786,31429,1363,9196,True,True,True,True,True,298,2,bare_land_moderate+road_rich+water_rich+building_rich+mixed_minority,17.02354512772206,True,,341061.7297870738,5670741.947899519,343621.7297870738,5673301.947899519,EPSG:32632,data\processed\sar\DE09_Dusseldorf\DE09_Dusseldorf_S1_VV_VH.tif,data\processed\masks\DE09_Dusseldorf\DE09_label_mask.tif,data\processed\masks\DE09_Dusseldorf\DE09_validity_mask.tif,data\processed\tiles_v22_enrichment\train\DE09_Dusseldorf\images\DE09_off128_r007_c004_image.tif,data\processed\tiles_v22_enrichment\train\DE09_Dusseldorf\semantic_masks\DE09_off128_r007_c004_semantic.tif,data\processed\tiles_v22_enrichment\train\DE09_Dusseldorf\validity_masks\DE09_off128_r007_c004_validity.tif,True,accepted,0,
DE09_off128_r007_c006,DE09_off128_r007_c006,v2.2,v22_offset_enrichment,DE09,Dusseldorf,train,1920,1664,256,128,256,256,0,0.0,36606,0.558563232421875,28930,0,8925,6456,20214,226,785,True,True,True,True,True,479,3,road_rich+building_rich+mixed_minority,16.567441558379368,True,,346181.7297870738,5670741.947899519,348741.7297870738,5673301.947899519,EPSG:32632,data\processed\sar\DE09_Dusseldorf\DE09_Dusseldorf_S1_VV_VH.tif,data\processed\masks\DE09_Dusseldorf\DE09_label_mask.tif,data\processed\masks\DE09_Dusseldorf\DE09_validity_mask.tif,data\processed\tiles_v22_enrichment\train\DE09_Dusseldorf\images\DE09_off128_r007_c006_image.tif,data\processed\tiles_v22_enrichment\train\DE09_Dusseldorf\semantic_masks\DE09_off128_r007_c006_semantic.tif,data\processed\tiles_v22_enrichment\train\DE09_Dusseldorf\validity_masks\DE09_off128_r007_c006_validity.tif,True,accepted,0,
DE09_off128_r007_c007,DE09_off128_r007_c007,v2.2,v22_offset_enrichment,DE09,Dusseldorf,train,1920,1920,256,128,256,256,0,0.0,34151,0.5211029052734375,31385,0,13337,8017,11963,799,35,True,True,True,True,True,267,2,bare_land_moderate+road_rich+building_rich+mixed_minority,17.93378481795535,True,,348741.7297870738,5670741.947899519,351301.7297870738,5673301.947899519,EPSG:32632,data\processed\sar\DE09_Dusseldorf\DE09_Dusseldorf_S1_VV_VH.tif,data\processed\masks\DE09_Dusseldorf\DE09_label_mask.tif,data\processed\masks\DE09_Dusseldorf\DE09_validity_mask.tif,data\processed\tiles_v22_enrichment\train\DE09_Dusseldorf\images\DE09_off128_r007_c007_image.tif,data\processed\tiles_v22_enrichment\train\DE09_Dusseldorf\semantic_masks\DE09_off128_r007_c007_semantic.tif,data\processed\tiles_v22_enrichment\train\DE09_Dusseldorf\validity_masks\DE09_off128_r007_c007_validity.tif,True,accepted,0,
DE09_off128_r007_c009,DE09_off128_r007_c009,v2.2,v22_offset_enrichment,DE09,Dusseldorf,train,1920,2432,256,128,256,256,0,0.0,36191,0.5522308349609375,29345,0,10846,6265,17175,300,1605,True,True,True,True,True,449,3,road_rich+building_rich+mixed_minority,18.484617339893106,True,,353861.7297870738,5670741.947899519,356421.7297870738,5673301.947899519,EPSG:32632,data\processed\sar\DE09_Dusseldorf\DE09_Dusseldorf_S1_VV_VH.tif,data\processed\masks\DE09_Dusseldorf\DE09_label_mask.tif,data\processed\masks\DE09_Dusseldorf\DE09_validity_mask.tif,data\processed\tiles_v22_enrichment\train\DE09_Dusseldorf\images\DE09_off128_r007_c009_image.tif,data\processed\tiles_v22_enrichment\train\DE09_Dusseldorf\semantic_masks\DE09_off128_r007_c009_semantic.tif,data\processed\tiles_v22_enrichment\train\DE09_Dusseldorf\validity_masks\DE09_off128_r007_c009_validity.tif,True,accepted,0,
DE09_off128_r008_c005,DE09_off128_r008_c005,v2.2,v22_offset_enrichment,DE09,Dusseldorf,train,2176,1408,256,128,256,256,0,0.0,49218,0.751007080078125,16318,0,9174,3506,24594,800,11144,True,True,True,True,True,296,2,bare_land_moderate+road_rich+water_rich+building_rich+mixed_minority,17.12131875466872,True,,343621.7297870738,5668181.947899519,346181.7297870738,5670741.947899519,EPSG:32632,data\processed\sar\DE09_Dusseldorf\DE09_Dusseldorf_S1_VV_VH.tif,data\processed\masks\DE09_Dusseldorf\DE09_label_mask.tif,data\processed\masks\DE09_Dusseldorf\DE09_validity_mask.tif,data\processed\tiles_v22_enrichment\train\DE09_Dusseldorf\images\DE09_off128_r008_c005_image.tif,data\processed\tiles_v22_enrichment\train\DE09_Dusseldorf\semantic_masks\DE09_off128_r008_c005_semantic.tif,data\processed\tiles_v22_enrichment\train\DE09_Dusseldorf\validity_masks\DE09_off128_r008_c005_validity.tif,True,accepted,0,
DE09_off128_r008_c007,DE09_off128_r008_c007,v2.2,v22_offset_enrichment,DE09,Dusseldorf,train,2176,1920,256,128,256,256,0,0.0,49718,0.758636474609375,15818,0,6499,3631,29218,525,9845,True,True,True,True,True,329,2,bare_land_moderate+road_rich+water_rich+building_rich+mixed_minority,15.94607362011,True,,348741.7297870738,5668181.947899519,351301.7297870738,5670741.947899519,EPSG:32632,data\processed\sar\DE09_Dusseldorf\DE09_Dusseldorf_S1_VV_VH.tif,data\processed\masks\DE09_Dusseldorf\DE09_label_mask.tif,data\processed\masks\DE09_Dusseldorf\DE09_validity_mask.tif,data\processed\tiles_v22_enrichment\train\DE09_Dusseldorf\images\DE09_off128_r008_c007_image.tif,data\processed\tiles_v22_enrichment\train\DE09_Dusseldorf\semantic_masks\DE09_off128_r008_c007_semantic.tif,data\processed\tiles_v22_enrichment\train\DE09_Dusseldorf\validity_masks\DE09_off128_r008_c007_validity.tif,True,accepted,0,
DE09_off128_r008_c008,DE09_off128_r008_c008,v2.2,v22_offset_enrichment,DE09,Dusseldorf,train,2176,2176,256,128,256,256,0,0.0,38856,0.5928955078125,26680,0,9137,5589,22574,558,998,True,True,True,True,True,305,2,bare_land_moderate+road_rich+building_rich+mixed_minority,16.926717826115983,True,,351301.7297870738,5668181.947899519,353861.7297870738,5670741.947899519,EPSG:32632,data\processed\sar\DE09_Dusseldorf\DE09_Dusseldorf_S1_VV_VH.tif,data\processed\masks\DE09_Dusseldorf\DE09_label_mask.tif,data\processed\masks\DE09_Dusseldorf\DE09_validity_mask.tif,data\processed\tiles_v22_enrichment\train\DE09_Dusseldorf\images\DE09_off128_r008_c008_image.tif,data\processed\tiles_v22_enrichment\train\DE09_Dusseldorf\semantic_masks\DE09_off128_r008_c008_semantic.tif,data\processed\tiles_v22_enrichment\train\DE09_Dusseldorf\validity_masks\DE09_off128_r008_c008_validity.tif,True,accepted,0,
DE09_off128_r008_c009,DE09_off128_r008_c009,v2.2,v22_offset_enrichment,DE09,Dusseldorf,train,2176,2432,256,128,256,256,0,0.0,40509,0.6181182861328125,25027,0,10858,5032,23021,245,1353,True,True,True,True,True,495,3,road_rich+building_rich+mixed_minority,15.911707365102917,True,,353861.7297870738,5668181.947899519,356421.7297870738,5670741.947899519,EPSG:32632,data\processed\sar\DE09_Dusseldorf\DE09_Dusseldorf_S1_VV_VH.tif,data\processed\masks\DE09_Dusseldorf\DE09_label_mask.tif,data\processed\masks\DE09_Dusseldorf\DE09_validity_mask.tif,data\processed\tiles_v22_enrichment\train\DE09_Dusseldorf\images\DE09_off128_r008_c009_image.tif,data\processed\tiles_v22_enrichment\train\DE09_Dusseldorf\semantic_masks\DE09_off128_r008_c009_semantic.tif,data\processed\tiles_v22_enrichment\train\DE09_Dusseldorf\validity_masks\DE09_off128_r008_c009_validity.tif,True,accepted,0,
DE09_off128_r010_c008,DE09_off128_r010_c008,v2.2,v22_offset_enrichment,DE09,Dusseldorf,train,2688,2176,256,128,256,256,0,0.0,44730,0.682525634765625,20806,0,7857,4812,21030,3160,7871,True,True,True,True,True,21,1,bare_land_rich+road_rich+water_rich+building_rich+mixed_minority,23.423750763314697,True,,351301.7297870738,5663061.947899519,353861.7297870738,5665621.947899519,EPSG:32632,data\processed\sar\DE09_Dusseldorf\DE09_Dusseldorf_S1_VV_VH.tif,data\processed\masks\DE09_Dusseldorf\DE09_label_mask.tif,data\processed\masks\DE09_Dusseldorf\DE09_validity_mask.tif,data\processed\tiles_v22_enrichment\train\DE09_Dusseldorf\images\DE09_off128_r010_c008_image.tif,data\processed\tiles_v22_enrichment\train\DE09_Dusseldorf\semantic_masks\DE09_off128_r010_c008_semantic.tif,data\processed\tiles_v22_enrichment\train\DE09_Dusseldorf\validity_masks\DE09_off128_r010_c008_validity.tif,True,accepted,0,
DE09_off128_r010_c009,DE09_off128_r010_c009,v2.2,v22_offset_enrichment,DE09,Dusseldorf,train,2688,2432,256,128,256,256,0,0.0,38831,0.5925140380859375,26705,0,8561,5583,22198,356,2133,True,True,True,True,True,459,3,road_rich+water_rich+building_rich+mixed_minority,17.456797728951486,True,,353861.7297870738,5663061.947899519,356421.7297870738,5665621.947899519,EPSG:32632,data\processed\sar\DE09_Dusseldorf\DE09_Dusseldorf_S1_VV_VH.tif,data\processed\masks\DE09_Dusseldorf\DE09_label_mask.tif,data\processed\masks\DE09_Dusseldorf\DE09_validity_mask.tif,data\processed\tiles_v22_enrichment\train\DE09_Dusseldorf\images\DE09_off128_r010_c009_image.tif,data\processed\tiles_v22_enrichment\train\DE09_Dusseldorf\semantic_masks\DE09_off128_r010_c009_semantic.tif,data\processed\tiles_v22_enrichment\train\DE09_Dusseldorf\validity_masks\DE09_off128_r010_c009_validity.tif,True,accepted,0,
DE09_off128_r010_c010,DE09_off128_r010_c010,v2.2,v22_offset_enrichment,DE09,Dusseldorf,train,2688,2688,256,128,256,256,0,0.0,36246,0.553070068359375,29290,0,9544,5883,20359,379,81,True,True,True,True,True,313,2,bare_land_moderate+road_rich+building_rich+mixed_minority,16.42864254532235,True,,356421.7297870738,5663061.947899519,358981.7297870738,5665621.947899519,EPSG:32632,data\processed\sar\DE09_Dusseldorf\DE09_Dusseldorf_S1_VV_VH.tif,data\processed\masks\DE09_Dusseldorf\DE09_label_mask.tif,data\processed\masks\DE09_Dusseldorf\DE09_validity_mask.tif,data\processed\tiles_v22_enrichment\train\DE09_Dusseldorf\images\DE09_off128_r010_c010_image.tif,data\processed\tiles_v22_enrichment\train\DE09_Dusseldorf\semantic_masks\DE09_off128_r010_c010_semantic.tif,data\processed\tiles_v22_enrichment\train\DE09_Dusseldorf\validity_masks\DE09_off128_r010_c010_validity.tif,True,accepted,0,
DE10_off128_r000_c003,DE10_off128_r000_c003,v2.2,v22_offset_enrichment,DE10,Dortmund,train,128,896,256,128,256,256,0,0.0,36618,0.558746337890625,28918,0,7846,5381,22504,222,665,True,True,True,True,True,498,3,road_rich+building_rich+mixed_minority,15.801140788707162,True,,387466.8353732135,5719218.186498104,390026.8353732135,5721778.186498104,EPSG:32632,data\processed\sar\DE10_Dortmund\DE10_Dortmund_S1_VV_VH.tif,data\processed\masks\DE10_Dortmund\DE10_label_mask.tif,data\processed\masks\DE10_Dortmund\DE10_validity_mask.tif,data\processed\tiles_v22_enrichment\train\DE10_Dortmund\images\DE10_off128_r000_c003_image.tif,data\processed\tiles_v22_enrichment\train\DE10_Dortmund\semantic_masks\DE10_off128_r000_c003_semantic.tif,data\processed\tiles_v22_enrichment\train\DE10_Dortmund\validity_masks\DE10_off128_r000_c003_validity.tif,True,accepted,0,
DE10_off128_r000_c005,DE10_off128_r000_c005,v2.2,v22_offset_enrichment,DE10,Dortmund,train,128,1408,256,128,256,256,0,0.0,50071,0.7640228271484375,15465,0,2686,2263,36506,6048,2568,True,True,True,True,True,64,1,bare_land_rich+water_rich+mixed_minority,17.994994846880417,True,,392586.8353732135,5719218.186498104,395146.8353732135,5721778.186498104,EPSG:32632,data\processed\sar\DE10_Dortmund\DE10_Dortmund_S1_VV_VH.tif,data\processed\masks\DE10_Dortmund\DE10_label_mask.tif,data\processed\masks\DE10_Dortmund\DE10_validity_mask.tif,data\processed\tiles_v22_enrichment\train\DE10_Dortmund\images\DE10_off128_r000_c005_image.tif,data\processed\tiles_v22_enrichment\train\DE10_Dortmund\semantic_masks\DE10_off128_r000_c005_semantic.tif,data\processed\tiles_v22_enrichment\train\DE10_Dortmund\validity_masks\DE10_off128_r000_c005_validity.tif,True,accepted,0,
DE10_off128_r000_c007,DE10_off128_r000_c007,v2.2,v22_offset_enrichment,DE10,Dortmund,train,128,1920,256,128,256,256,0,0.0,38953,0.5943756103515625,26583,0,8296,5672,22032,1911,1042,True,True,True,True,True,192,2,bare_land_moderate+road_rich+building_rich+mixed_minority,19.52041468308024,True,,397706.8353732135,5719218.186498104,400266.8353732135,5721778.186498104,EPSG:32632,data\processed\sar\DE10_Dortmund\DE10_Dortmund_S1_VV_VH.tif,data\processed\masks\DE10_Dortmund\DE10_label_mask.tif,data\processed\masks\DE10_Dortmund\DE10_validity_mask.tif,data\processed\tiles_v22_enrichment\train\DE10_Dortmund\images\DE10_off128_r000_c007_image.tif,data\processed\tiles_v22_enrichment\train\DE10_Dortmund\semantic_masks\DE10_off128_r000_c007_semantic.tif,data\processed\tiles_v22_enrichment\train\DE10_Dortmund\validity_masks\DE10_off128_r000_c007_validity.tif,True,accepted,0,
DE10_off128_r000_c008,DE10_off128_r000_c008,v2.2,v22_offset_enrichment,DE10,Dortmund,train,128,2176,256,128,256,256,0,0.0,55748,0.85064697265625,9788,0,1612,2018,43961,4246,3911,True,True,True,True,True,78,1,bare_land_rich+water_rich+mixed_minority,14.355633698637453,True,,400266.8353732135,5719218.186498104,402826.8353732135,5721778.186498104,EPSG:32632,data\processed\sar\DE10_Dortmund\DE10_Dortmund_S1_VV_VH.tif,data\processed\masks\DE10_Dortmund\DE10_label_mask.tif,data\processed\masks\DE10_Dortmund\DE10_validity_mask.tif,data\processed\tiles_v22_enrichment\train\DE10_Dortmund\images\DE10_off128_r000_c008_image.tif,data\processed\tiles_v22_enrichment\train\DE10_Dortmund\semantic_masks\DE10_off128_r000_c008_semantic.tif,data\processed\tiles_v22_enrichment\train\DE10_Dortmund\validity_masks\DE10_off128_r000_c008_validity.tif,True,accepted,0,
DE10_off128_r000_c009,DE10_off128_r000_c009,v2.2,v22_offset_enrichment,DE10,Dortmund,train,128,2432,256,128,256,256,0,0.0,50192,0.765869140625,15344,0,2943,2569,39994,2526,2160,True,True,True,True,True,82,1,bare_land_rich+road_rich+mixed_minority,12.46392859233045,True,,402826.8353732135,5719218.186498104,405386.8353732135,5721778.186498104,EPSG:32632,data\processed\sar\DE10_Dortmund\DE10_Dortmund_S1_VV_VH.tif,data\processed\masks\DE10_Dortmund\DE10_label_mask.tif,data\processed\masks\DE10_Dortmund\DE10_validity_mask.tif,data\processed\tiles_v22_enrichment\train\DE10_Dortmund\images\DE10_off128_r000_c009_image.tif,data\processed\tiles_v22_enrichment\train\DE10_Dortmund\semantic_masks\DE10_off128_r000_c009_semantic.tif,data\processed\tiles_v22_enrichment\train\DE10_Dortmund\validity_masks\DE10_off128_r000_c009_validity.tif,True,accepted,0,
DE10_off128_r001_c001,DE10_off128_r001_c001,v2.2,v22_offset_enrichment,DE10,Dortmund,train,384,384,256,128,256,256,0,0.0,36473,0.5565338134765625,29063,0,5777,5499,24037,397,763,True,True,True,True,True,333,2,bare_land_moderate+road_rich+building_rich+mixed_minority,15.639965393001145,True,,382346.8353732135,5716658.186498104,384906.8353732135,5719218.186498104,EPSG:32632,data\processed\sar\DE10_Dortmund\DE10_Dortmund_S1_VV_VH.tif,data\processed\masks\DE10_Dortmund\DE10_label_mask.tif,data\processed\masks\DE10_Dortmund\DE10_validity_mask.tif,data\processed\tiles_v22_enrichment\train\DE10_Dortmund\images\DE10_off128_r001_c001_image.tif,data\processed\tiles_v22_enrichment\train\DE10_Dortmund\semantic_masks\DE10_off128_r001_c001_semantic.tif,data\processed\tiles_v22_enrichment\train\DE10_Dortmund\validity_masks\DE10_off128_r001_c001_validity.tif,True,accepted,0,
DE10_off128_r001_c005,DE10_off128_r001_c005,v2.2,v22_offset_enrichment,DE10,Dortmund,train,384,1408,256,128,256,256,0,0.0,47219,0.7205047607421875,18317,0,3984,3027,36988,1483,1737,True,True,True,True,True,400,2,bare_land_moderate+road_rich+mixed_minority,11.816419540809534,True,,392586.8353732135,5716658.186498104,395146.8353732135,5719218.186498104,EPSG:32632,data\processed\sar\DE10_Dortmund\DE10_Dortmund_S1_VV_VH.tif,data\processed\masks\DE10_Dortmund\DE10_label_mask.tif,data\processed\masks\DE10_Dortmund\DE10_validity_mask.tif,data\processed\tiles_v22_enrichment\train\DE10_Dortmund\images\DE10_off128_r001_c005_image.tif,data\processed\tiles_v22_enrichment\train\DE10_Dortmund\semantic_masks\DE10_off128_r001_c005_semantic.tif,data\processed\tiles_v22_enrichment\train\DE10_Dortmund\validity_masks\DE10_off128_r001_c005_validity.tif,True,accepted,0,
DE10_off128_r001_c007,DE10_off128_r001_c007,v2.2,v22_offset_enrichment,DE10,Dortmund,train,384,1920,256,128,256,256,0,0.0,46601,0.7110748291015625,18935,0,4867,4112,30973,2999,3650,True,True,True,True,True,66,1,bare_land_rich+road_rich+water_rich+building_rich+mixed_minority,17.853346454173984,True,,397706.8353732135,5716658.186498104,400266.8353732135,5719218.186498104,EPSG:32632,data\processed\sar\DE10_Dortmund\DE10_Dortmund_S1_VV_VH.tif,data\processed\masks\DE10_Dortmund\DE10_label_mask.tif,data\processed\masks\DE10_Dortmund\DE10_validity_mask.tif,data\processed\tiles_v22_enrichment\train\DE10_Dortmund\images\DE10_off128_r001_c007_image.tif,data\processed\tiles_v22_enrichment\train\DE10_Dortmund\semantic_masks\DE10_off128_r001_c007_semantic.tif,data\processed\tiles_v22_enrichment\train\DE10_Dortmund\validity_masks\DE10_off128_r001_c007_validity.tif,True,accepted,0,
DE10_off128_r001_c008,DE10_off128_r001_c008,v2.2,v22_offset_enrichment,DE10,Dortmund,train,384,2176,256,128,256,256,0,0.0,46054,0.702728271484375,19482,0,3768,3318,38038,533,397,True,True,True,True,True,426,2,bare_land_moderate+road_rich+mixed_minority,6.666391919712923,True,,400266.8353732135,5716658.186498104,402826.8353732135,5719218.186498104,EPSG:32632,data\processed\sar\DE10_Dortmund\DE10_Dortmund_S1_VV_VH.tif,data\processed\masks\DE10_Dortmund\DE10_label_mask.tif,data\processed\masks\DE10_Dortmund\DE10_validity_mask.tif,data\processed\tiles_v22_enrichment\train\DE10_Dortmund\images\DE10_off128_r001_c008_image.tif,data\processed\tiles_v22_enrichment\train\DE10_Dortmund\semantic_masks\DE10_off128_r001_c008_semantic.tif,data\processed\tiles_v22_enrichment\train\DE10_Dortmund\validity_masks\DE10_off128_r001_c008_validity.tif,True,accepted,0,
DE10_off128_r001_c009,DE10_off128_r001_c009,v2.2,v22_offset_enrichment,DE10,Dortmund,train,384,2432,256,128,256,256,0,0.0,44931,0.6855926513671875,20605,0,4416,3577,35869,989,80,True,True,True,True,True,410,2,bare_land_moderate+road_rich+mixed_minority,10.768653344429882,True,,402826.8353732135,5716658.186498104,405386.8353732135,5719218.186498104,EPSG:32632,data\processed\sar\DE10_Dortmund\DE10_Dortmund_S1_VV_VH.tif,data\processed\masks\DE10_Dortmund\DE10_label_mask.tif,data\processed\masks\DE10_Dortmund\DE10_validity_mask.tif,data\processed\tiles_v22_enrichment\train\DE10_Dortmund\images\DE10_off128_r001_c009_image.tif,data\processed\tiles_v22_enrichment\train\DE10_Dortmund\semantic_masks\DE10_off128_r001_c009_semantic.tif,data\processed\tiles_v22_enrichment\train\DE10_Dortmund\validity_masks\DE10_off128_r001_c009_validity.tif,True,accepted,0,
DE10_off128_r002_c000,DE10_off128_r002_c000,v2.2,v22_offset_enrichment,DE10,Dortmund,train,640,128,256,128,256,256,0,0.0,48976,0.747314453125,16560,0,2047,2461,40412,1463,2593,True,True,True,True,True,416,2,bare_land_moderate+road_rich+water_rich+mixed_minority,7.627699911372406,True,,379786.8353732135,5714098.186498104,382346.8353732135,5716658.186498104,EPSG:32632,data\processed\sar\DE10_Dortmund\DE10_Dortmund_S1_VV_VH.tif,data\processed\masks\DE10_Dortmund\DE10_label_mask.tif,data\processed\masks\DE10_Dortmund\DE10_validity_mask.tif,data\processed\tiles_v22_enrichment\train\DE10_Dortmund\images\DE10_off128_r002_c000_image.tif,data\processed\tiles_v22_enrichment\train\DE10_Dortmund\semantic_masks\DE10_off128_r002_c000_semantic.tif,data\processed\tiles_v22_enrichment\train\DE10_Dortmund\validity_masks\DE10_off128_r002_c000_validity.tif,True,accepted,0,
DE10_off128_r002_c002,DE10_off128_r002_c002,v2.2,v22_offset_enrichment,DE10,Dortmund,train,640,640,256,128,256,256,0,0.0,51314,0.782989501953125,14222,0,2319,3348,36942,4901,3804,True,True,True,True,True,65,1,bare_land_rich+road_rich+water_rich+mixed_minority,17.9816682251086,True,,384906.8353732135,5714098.186498104,387466.8353732135,5716658.186498104,EPSG:32632,data\processed\sar\DE10_Dortmund\DE10_Dortmund_S1_VV_VH.tif,data\processed\masks\DE10_Dortmund\DE10_label_mask.tif,data\processed\masks\DE10_Dortmund\DE10_validity_mask.tif,data\processed\tiles_v22_enrichment\train\DE10_Dortmund\images\DE10_off128_r002_c002_image.tif,data\processed\tiles_v22_enrichment\train\DE10_Dortmund\semantic_masks\DE10_off128_r002_c002_semantic.tif,data\processed\tiles_v22_enrichment\train\DE10_Dortmund\validity_masks\DE10_off128_r002_c002_validity.tif,True,accepted,0,
DE10_off128_r002_c003,DE10_off128_r002_c003,v2.2,v22_offset_enrichment,DE10,Dortmund,train,640,896,256,128,256,256,0,0.0,47890,0.730743408203125,17646,0,3564,4573,37776,723,1254,True,True,True,True,True,399,2,bare_land_moderate+road_rich+mixed_minority,11.83159953683123,True,,387466.8353732135,5714098.186498104,390026.8353732135,5716658.186498104,EPSG:32632,data\processed\sar\DE10_Dortmund\DE10_Dortmund_S1_VV_VH.tif,data\processed\masks\DE10_Dortmund\DE10_label_mask.tif,data\processed\masks\DE10_Dortmund\DE10_validity_mask.tif,data\processed\tiles_v22_enrichment\train\DE10_Dortmund\images\DE10_off128_r002_c003_image.tif,data\processed\tiles_v22_enrichment\train\DE10_Dortmund\semantic_masks\DE10_off128_r002_c003_semantic.tif,data\processed\tiles_v22_enrichment\train\DE10_Dortmund\validity_masks\DE10_off128_r002_c003_validity.tif,True,accepted,0,
DE10_off128_r002_c007,DE10_off128_r002_c007,v2.2,v22_offset_enrichment,DE10,Dortmund,train,640,1920,256,128,256,256,0,0.0,46079,0.7031097412109375,19457,0,3706,4692,29283,7168,1230,True,True,True,True,True,26,1,bare_land_rich+road_rich+mixed_minority,23.08675521962844,True,,397706.8353732135,5714098.186498104,400266.8353732135,5716658.186498104,EPSG:32632,data\processed\sar\DE10_Dortmund\DE10_Dortmund_S1_VV_VH.tif,data\processed\masks\DE10_Dortmund\DE10_label_mask.tif,data\processed\masks\DE10_Dortmund\DE10_validity_mask.tif,data\processed\tiles_v22_enrichment\train\DE10_Dortmund\images\DE10_off128_r002_c007_image.tif,data\processed\tiles_v22_enrichment\train\DE10_Dortmund\semantic_masks\DE10_off128_r002_c007_semantic.tif,data\processed\tiles_v22_enrichment\train\DE10_Dortmund\validity_masks\DE10_off128_r002_c007_validity.tif,True,accepted,0,
DE10_off128_r003_c004,DE10_off128_r003_c004,v2.2,v22_offset_enrichment,DE10,Dortmund,train,896,1152,256,128,256,256,0,0.0,44083,0.6726531982421875,21453,0,6980,3295,31293,510,2005,True,True,True,True,True,387,2,bare_land_moderate+road_rich+building_rich+mixed_minority,12.27726268489237,True,,390026.8353732135,5711538.186498104,392586.8353732135,5714098.186498104,EPSG:32632,data\processed\sar\DE10_Dortmund\DE10_Dortmund_S1_VV_VH.tif,data\processed\masks\DE10_Dortmund\DE10_label_mask.tif,data\processed\masks\DE10_Dortmund\DE10_validity_mask.tif,data\processed\tiles_v22_enrichment\train\DE10_Dortmund\images\DE10_off128_r003_c004_image.tif,data\processed\tiles_v22_enrichment\train\DE10_Dortmund\semantic_masks\DE10_off128_r003_c004_semantic.tif,data\processed\tiles_v22_enrichment\train\DE10_Dortmund\validity_masks\DE10_off128_r003_c004_validity.tif,True,accepted,0,
DE10_off128_r003_c006,DE10_off128_r003_c006,v2.2,v22_offset_enrichment,DE10,Dortmund,train,896,1664,256,128,256,256,0,0.0,43619,0.6655731201171875,21917,0,4628,4307,33370,870,444,True,True,True,True,True,390,2,bare_land_moderate+road_rich+building_rich+mixed_minority,12.184360804383218,True,,395146.8353732135,5711538.186498104,397706.8353732135,5714098.186498104,EPSG:32632,data\processed\sar\DE10_Dortmund\DE10_Dortmund_S1_VV_VH.tif,data\processed\masks\DE10_Dortmund\DE10_label_mask.tif,data\processed\masks\DE10_Dortmund\DE10_validity_mask.tif,data\processed\tiles_v22_enrichment\train\DE10_Dortmund\images\DE10_off128_r003_c006_image.tif,data\processed\tiles_v22_enrichment\train\DE10_Dortmund\semantic_masks\DE10_off128_r003_c006_semantic.tif,data\processed\tiles_v22_enrichment\train\DE10_Dortmund\validity_masks\DE10_off128_r003_c006_validity.tif,True,accepted,0,
DE10_off128_r003_c007,DE10_off128_r003_c007,v2.2,v22_offset_enrichment,DE10,Dortmund,train,896,1920,256,128,256,256,0,0.0,42571,0.6495819091796875,22965,0,5265,4278,32328,602,98,True,True,True,True,True,403,2,bare_land_moderate+road_rich+building_rich+mixed_minority,11.757542727577189,True,,397706.8353732135,5711538.186498104,400266.8353732135,5714098.186498104,EPSG:32632,data\processed\sar\DE10_Dortmund\DE10_Dortmund_S1_VV_VH.tif,data\processed\masks\DE10_Dortmund\DE10_label_mask.tif,data\processed\masks\DE10_Dortmund\DE10_validity_mask.tif,data\processed\tiles_v22_enrichment\train\DE10_Dortmund\images\DE10_off128_r003_c007_image.tif,data\processed\tiles_v22_enrichment\train\DE10_Dortmund\semantic_masks\DE10_off128_r003_c007_semantic.tif,data\processed\tiles_v22_enrichment\train\DE10_Dortmund\validity_masks\DE10_off128_r003_c007_validity.tif,True,accepted,0,
DE10_off128_r004_c001,DE10_off128_r004_c001,v2.2,v22_offset_enrichment,DE10,Dortmund,train,1152,384,256,128,256,256,0,0.0,42559,0.6493988037109375,22977,0,6173,4130,31373,698,185,True,True,True,True,True,392,2,bare_land_moderate+road_rich+building_rich+mixed_minority,12.13352672025033,True,,382346.8353732135,5708978.186498104,384906.8353732135,5711538.186498104,EPSG:32632,data\processed\sar\DE10_Dortmund\DE10_Dortmund_S1_VV_VH.tif,data\processed\masks\DE10_Dortmund\DE10_label_mask.tif,data\processed\masks\DE10_Dortmund\DE10_validity_mask.tif,data\processed\tiles_v22_enrichment\train\DE10_Dortmund\images\DE10_off128_r004_c001_image.tif,data\processed\tiles_v22_enrichment\train\DE10_Dortmund\semantic_masks\DE10_off128_r004_c001_semantic.tif,data\processed\tiles_v22_enrichment\train\DE10_Dortmund\validity_masks\DE10_off128_r004_c001_validity.tif,True,accepted,0,
DE10_off128_r004_c004,DE10_off128_r004_c004,v2.2,v22_offset_enrichment,DE10,Dortmund,train,1152,1152,256,128,256,256,0,0.0,38063,0.5807952880859375,27473,0,7422,6367,17558,3194,3522,True,True,True,True,True,13,1,bare_land_rich+road_rich+water_rich+building_rich+mixed_minority,24.919996086761817,True,,390026.8353732135,5708978.186498104,392586.8353732135,5711538.186498104,EPSG:32632,data\processed\sar\DE10_Dortmund\DE10_Dortmund_S1_VV_VH.tif,data\processed\masks\DE10_Dortmund\DE10_label_mask.tif,data\processed\masks\DE10_Dortmund\DE10_validity_mask.tif,data\processed\tiles_v22_enrichment\train\DE10_Dortmund\images\DE10_off128_r004_c004_image.tif,data\processed\tiles_v22_enrichment\train\DE10_Dortmund\semantic_masks\DE10_off128_r004_c004_semantic.tif,data\processed\tiles_v22_enrichment\train\DE10_Dortmund\validity_masks\DE10_off128_r004_c004_validity.tif,True,accepted,0,
DE10_off128_r004_c005,DE10_off128_r004_c005,v2.2,v22_offset_enrichment,DE10,Dortmund,train,1152,1408,256,128,256,256,0,0.0,38606,0.589080810546875,26930,0,12404,7870,10615,7443,274,True,True,True,True,True,4,1,bare_land_rich+road_rich+building_rich+mixed_minority,28.3729745058274,True,,392586.8353732135,5708978.186498104,395146.8353732135,5711538.186498104,EPSG:32632,data\processed\sar\DE10_Dortmund\DE10_Dortmund_S1_VV_VH.tif,data\processed\masks\DE10_Dortmund\DE10_label_mask.tif,data\processed\masks\DE10_Dortmund\DE10_validity_mask.tif,data\processed\tiles_v22_enrichment\train\DE10_Dortmund\images\DE10_off128_r004_c005_image.tif,data\processed\tiles_v22_enrichment\train\DE10_Dortmund\semantic_masks\DE10_off128_r004_c005_semantic.tif,data\processed\tiles_v22_enrichment\train\DE10_Dortmund\validity_masks\DE10_off128_r004_c005_validity.tif,True,accepted,0,
DE10_off128_r004_c006,DE10_off128_r004_c006,v2.2,v22_offset_enrichment,DE10,Dortmund,train,1152,1664,256,128,256,256,0,0.0,37108,0.56622314453125,28428,0,10836,6428,14522,4773,549,True,True,True,True,True,7,1,bare_land_rich+road_rich+building_rich+mixed_minority,26.82816127108078,True,,395146.8353732135,5708978.186498104,397706.8353732135,5711538.186498104,EPSG:32632,data\processed\sar\DE10_Dortmund\DE10_Dortmund_S1_VV_VH.tif,data\processed\masks\DE10_Dortmund\DE10_label_mask.tif,data\processed\masks\DE10_Dortmund\DE10_validity_mask.tif,data\processed\tiles_v22_enrichment\train\DE10_Dortmund\images\DE10_off128_r004_c006_image.tif,data\processed\tiles_v22_enrichment\train\DE10_Dortmund\semantic_masks\DE10_off128_r004_c006_semantic.tif,data\processed\tiles_v22_enrichment\train\DE10_Dortmund\validity_masks\DE10_off128_r004_c006_validity.tif,True,accepted,0,
DE10_off128_r004_c007,DE10_off128_r004_c007,v2.2,v22_offset_enrichment,DE10,Dortmund,train,1152,1920,256,128,256,256,0,0.0,33983,0.5185394287109375,31553,0,8602,5684,19005,165,527,True,True,True,True,True,486,3,road_rich+building_rich+mixed_minority,16.32417754188517,True,,397706.8353732135,5708978.186498104,400266.8353732135,5711538.186498104,EPSG:32632,data\processed\sar\DE10_Dortmund\DE10_Dortmund_S1_VV_VH.tif,data\processed\masks\DE10_Dortmund\DE10_label_mask.tif,data\processed\masks\DE10_Dortmund\DE10_validity_mask.tif,data\processed\tiles_v22_enrichment\train\DE10_Dortmund\images\DE10_off128_r004_c007_image.tif,data\processed\tiles_v22_enrichment\train\DE10_Dortmund\semantic_masks\DE10_off128_r004_c007_semantic.tif,data\processed\tiles_v22_enrichment\train\DE10_Dortmund\validity_masks\DE10_off128_r004_c007_validity.tif,True,accepted,0,
DE10_off128_r005_c000,DE10_off128_r005_c000,v2.2,v22_offset_enrichment,DE10,Dortmund,train,1408,128,256,128,256,256,0,0.0,47182,0.719940185546875,18354,0,5799,4566,34418,2000,399,True,True,True,True,True,360,2,bare_land_moderate+road_rich+building_rich+mixed_minority,14.099385736816426,True,,379786.8353732135,5706418.186498104,382346.8353732135,5708978.186498104,EPSG:32632,data\processed\sar\DE10_Dortmund\DE10_Dortmund_S1_VV_VH.tif,data\processed\masks\DE10_Dortmund\DE10_label_mask.tif,data\processed\masks\DE10_Dortmund\DE10_validity_mask.tif,data\processed\tiles_v22_enrichment\train\DE10_Dortmund\images\DE10_off128_r005_c000_image.tif,data\processed\tiles_v22_enrichment\train\DE10_Dortmund\semantic_masks\DE10_off128_r005_c000_semantic.tif,data\processed\tiles_v22_enrichment\train\DE10_Dortmund\validity_masks\DE10_off128_r005_c000_validity.tif,True,accepted,0,
DE10_off128_r005_c001,DE10_off128_r005_c001,v2.2,v22_offset_enrichment,DE10,Dortmund,train,1408,384,256,128,256,256,0,0.0,46222,0.705291748046875,19314,0,6268,4323,34239,1196,196,True,True,True,True,True,384,2,bare_land_moderate+road_rich+building_rich+mixed_minority,12.59062773523912,True,,382346.8353732135,5706418.186498104,384906.8353732135,5708978.186498104,EPSG:32632,data\processed\sar\DE10_Dortmund\DE10_Dortmund_S1_VV_VH.tif,data\processed\masks\DE10_Dortmund\DE10_label_mask.tif,data\processed\masks\DE10_Dortmund\DE10_validity_mask.tif,data\processed\tiles_v22_enrichment\train\DE10_Dortmund\images\DE10_off128_r005_c001_image.tif,data\processed\tiles_v22_enrichment\train\DE10_Dortmund\semantic_masks\DE10_off128_r005_c001_semantic.tif,data\processed\tiles_v22_enrichment\train\DE10_Dortmund\validity_masks\DE10_off128_r005_c001_validity.tif,True,accepted,0,
DE10_off128_r005_c003,DE10_off128_r005_c003,v2.2,v22_offset_enrichment,DE10,Dortmund,train,1408,896,256,128,256,256,0,0.0,39442,0.601837158203125,26094,0,6675,5546,22124,1600,3497,True,True,True,True,True,165,2,bare_land_moderate+road_rich+water_rich+building_rich+mixed_minority,20.36881144956766,True,,387466.8353732135,5706418.186498104,390026.8353732135,5708978.186498104,EPSG:32632,data\processed\sar\DE10_Dortmund\DE10_Dortmund_S1_VV_VH.tif,data\processed\masks\DE10_Dortmund\DE10_label_mask.tif,data\processed\masks\DE10_Dortmund\DE10_validity_mask.tif,data\processed\tiles_v22_enrichment\train\DE10_Dortmund\images\DE10_off128_r005_c003_image.tif,data\processed\tiles_v22_enrichment\train\DE10_Dortmund\semantic_masks\DE10_off128_r005_c003_semantic.tif,data\processed\tiles_v22_enrichment\train\DE10_Dortmund\validity_masks\DE10_off128_r005_c003_validity.tif,True,accepted,0,
DE10_off128_r005_c004,DE10_off128_r005_c004,v2.2,v22_offset_enrichment,DE10,Dortmund,train,1408,1152,256,128,256,256,0,0.0,32998,0.503509521484375,32538,0,10884,7632,11516,2925,41,True,True,True,True,True,25,1,bare_land_rich+road_rich+building_rich+mixed_minority,23.144548372323825,True,,390026.8353732135,5706418.186498104,392586.8353732135,5708978.186498104,EPSG:32632,data\processed\sar\DE10_Dortmund\DE10_Dortmund_S1_VV_VH.tif,data\processed\masks\DE10_Dortmund\DE10_label_mask.tif,data\processed\masks\DE10_Dortmund\DE10_validity_mask.tif,data\processed\tiles_v22_enrichment\train\DE10_Dortmund\images\DE10_off128_r005_c004_image.tif,data\processed\tiles_v22_enrichment\train\DE10_Dortmund\semantic_masks\DE10_off128_r005_c004_semantic.tif,data\processed\tiles_v22_enrichment\train\DE10_Dortmund\validity_masks\DE10_off128_r005_c004_validity.tif,True,accepted,0,
DE10_off128_r005_c005,DE10_off128_r005_c005,v2.2,v22_offset_enrichment,DE10,Dortmund,train,1408,1408,256,128,256,256,0,0.0,37384,0.5704345703125,28152,0,19722,11257,4045,2349,11,True,True,True,True,True,43,1,bare_land_rich+road_rich+building_rich+mixed_minority,21.108953722891144,True,,392586.8353732135,5706418.186498104,395146.8353732135,5708978.186498104,EPSG:32632,data\processed\sar\DE10_Dortmund\DE10_Dortmund_S1_VV_VH.tif,data\processed\masks\DE10_Dortmund\DE10_label_mask.tif,data\processed\masks\DE10_Dortmund\DE10_validity_mask.tif,data\processed\tiles_v22_enrichment\train\DE10_Dortmund\images\DE10_off128_r005_c005_image.tif,data\processed\tiles_v22_enrichment\train\DE10_Dortmund\semantic_masks\DE10_off128_r005_c005_semantic.tif,data\processed\tiles_v22_enrichment\train\DE10_Dortmund\validity_masks\DE10_off128_r005_c005_validity.tif,True,accepted,0,
DE10_off128_r005_c006,DE10_off128_r005_c006,v2.2,v22_offset_enrichment,DE10,Dortmund,train,1408,1664,256,128,256,256,0,0.0,31729,0.4841461181640625,33807,0,12247,9212,9888,377,5,True,True,True,True,True,303,2,bare_land_moderate+road_rich+building_rich+mixed_minority,16.940999469987318,True,,395146.8353732135,5706418.186498104,397706.8353732135,5708978.186498104,EPSG:32632,data\processed\sar\DE10_Dortmund\DE10_Dortmund_S1_VV_VH.tif,data\processed\masks\DE10_Dortmund\DE10_label_mask.tif,data\processed\masks\DE10_Dortmund\DE10_validity_mask.tif,data\processed\tiles_v22_enrichment\train\DE10_Dortmund\images\DE10_off128_r005_c006_image.tif,data\processed\tiles_v22_enrichment\train\DE10_Dortmund\semantic_masks\DE10_off128_r005_c006_semantic.tif,data\processed\tiles_v22_enrichment\train\DE10_Dortmund\validity_masks\DE10_off128_r005_c006_validity.tif,True,accepted,0,
DE10_off128_r005_c007,DE10_off128_r005_c007,v2.2,v22_offset_enrichment,DE10,Dortmund,train,1408,1920,256,128,256,256,0,0.0,27619,0.4214324951171875,37917,0,7197,6391,13671,153,207,True,True,True,True,True,492,3,road_rich+building_rich+mixed_minority,16.073121549753488,True,,397706.8353732135,5706418.186498104,400266.8353732135,5708978.186498104,EPSG:32632,data\processed\sar\DE10_Dortmund\DE10_Dortmund_S1_VV_VH.tif,data\processed\masks\DE10_Dortmund\DE10_label_mask.tif,data\processed\masks\DE10_Dortmund\DE10_validity_mask.tif,data\processed\tiles_v22_enrichment\train\DE10_Dortmund\images\DE10_off128_r005_c007_image.tif,data\processed\tiles_v22_enrichment\train\DE10_Dortmund\semantic_masks\DE10_off128_r005_c007_semantic.tif,data\processed\tiles_v22_enrichment\train\DE10_Dortmund\validity_masks\DE10_off128_r005_c007_validity.tif,True,accepted,0,
DE10_off128_r006_c000,DE10_off128_r006_c000,v2.2,v22_offset_enrichment,DE10,Dortmund,train,1664,128,256,128,256,256,0,0.0,46731,0.7130584716796875,18805,0,6804,5531,29503,4108,785,True,True,True,True,True,56,1,bare_land_rich+road_rich+building_rich+mixed_minority,19.703065105391783,True,,379786.8353732135,5703858.186498104,382346.8353732135,5706418.186498104,EPSG:32632,data\processed\sar\DE10_Dortmund\DE10_Dortmund_S1_VV_VH.tif,data\processed\masks\DE10_Dortmund\DE10_label_mask.tif,data\processed\masks\DE10_Dortmund\DE10_validity_mask.tif,data\processed\tiles_v22_enrichment\train\DE10_Dortmund\images\DE10_off128_r006_c000_image.tif,data\processed\tiles_v22_enrichment\train\DE10_Dortmund\semantic_masks\DE10_off128_r006_c000_semantic.tif,data\processed\tiles_v22_enrichment\train\DE10_Dortmund\validity_masks\DE10_off128_r006_c000_validity.tif,True,accepted,0,
DE10_off128_r006_c001,DE10_off128_r006_c001,v2.2,v22_offset_enrichment,DE10,Dortmund,train,1664,384,256,128,256,256,0,0.0,35663,0.5441741943359375,29873,0,9363,5772,20355,49,124,True,True,True,True,True,500,3,road_rich+building_rich+mixed_minority,15.731286888164274,True,,382346.8353732135,5703858.186498104,384906.8353732135,5706418.186498104,EPSG:32632,data\processed\sar\DE10_Dortmund\DE10_Dortmund_S1_VV_VH.tif,data\processed\masks\DE10_Dortmund\DE10_label_mask.tif,data\processed\masks\DE10_Dortmund\DE10_validity_mask.tif,data\processed\tiles_v22_enrichment\train\DE10_Dortmund\images\DE10_off128_r006_c001_image.tif,data\processed\tiles_v22_enrichment\train\DE10_Dortmund\semantic_masks\DE10_off128_r006_c001_semantic.tif,data\processed\tiles_v22_enrichment\train\DE10_Dortmund\validity_masks\DE10_off128_r006_c001_validity.tif,True,accepted,0,
DE10_off128_r006_c004,DE10_off128_r006_c004,v2.2,v22_offset_enrichment,DE10,Dortmund,train,1664,1152,256,128,256,256,0,0.0,42042,0.641510009765625,23494,0,7146,6257,27533,942,164,True,True,True,True,True,326,2,bare_land_moderate+road_rich+building_rich+mixed_minority,16.069272723242623,True,,390026.8353732135,5703858.186498104,392586.8353732135,5706418.186498104,EPSG:32632,data\processed\sar\DE10_Dortmund\DE10_Dortmund_S1_VV_VH.tif,data\processed\masks\DE10_Dortmund\DE10_label_mask.tif,data\processed\masks\DE10_Dortmund\DE10_validity_mask.tif,data\processed\tiles_v22_enrichment\train\DE10_Dortmund\images\DE10_off128_r006_c004_image.tif,data\processed\tiles_v22_enrichment\train\DE10_Dortmund\semantic_masks\DE10_off128_r006_c004_semantic.tif,data\processed\tiles_v22_enrichment\train\DE10_Dortmund\validity_masks\DE10_off128_r006_c004_validity.tif,True,accepted,0,
DE10_off128_r006_c006,DE10_off128_r006_c006,v2.2,v22_offset_enrichment,DE10,Dortmund,train,1664,1664,256,128,256,256,0,0.0,37064,0.5655517578125,28472,0,10618,7402,16496,149,2399,True,True,True,True,True,447,3,road_rich+water_rich+building_rich+mixed_minority,18.77335447743262,True,,395146.8353732135,5703858.186498104,397706.8353732135,5706418.186498104,EPSG:32632,data\processed\sar\DE10_Dortmund\DE10_Dortmund_S1_VV_VH.tif,data\processed\masks\DE10_Dortmund\DE10_label_mask.tif,data\processed\masks\DE10_Dortmund\DE10_validity_mask.tif,data\processed\tiles_v22_enrichment\train\DE10_Dortmund\images\DE10_off128_r006_c006_image.tif,data\processed\tiles_v22_enrichment\train\DE10_Dortmund\semantic_masks\DE10_off128_r006_c006_semantic.tif,data\processed\tiles_v22_enrichment\train\DE10_Dortmund\validity_masks\DE10_off128_r006_c006_validity.tif,True,accepted,0,
DE10_off128_r006_c007,DE10_off128_r006_c007,v2.2,v22_offset_enrichment,DE10,Dortmund,train,1664,1920,256,128,256,256,0,0.0,31171,0.4756317138671875,34365,0,9914,6708,14242,130,177,True,True,True,True,True,480,3,road_rich+building_rich+mixed_minority,16.536409359755993,True,,397706.8353732135,5703858.186498104,400266.8353732135,5706418.186498104,EPSG:32632,data\processed\sar\DE10_Dortmund\DE10_Dortmund_S1_VV_VH.tif,data\processed\masks\DE10_Dortmund\DE10_label_mask.tif,data\processed\masks\DE10_Dortmund\DE10_validity_mask.tif,data\processed\tiles_v22_enrichment\train\DE10_Dortmund\images\DE10_off128_r006_c007_image.tif,data\processed\tiles_v22_enrichment\train\DE10_Dortmund\semantic_masks\DE10_off128_r006_c007_semantic.tif,data\processed\tiles_v22_enrichment\train\DE10_Dortmund\validity_masks\DE10_off128_r006_c007_validity.tif,True,accepted,0,
DE10_off128_r008_c001,DE10_off128_r008_c001,v2.2,v22_offset_enrichment,DE10,Dortmund,train,2176,384,256,128,256,256,0,0.0,34498,0.526397705078125,31038,0,11878,6228,13614,508,2270,True,True,True,True,True,182,2,bare_land_moderate+road_rich+water_rich+building_rich+mixed_minority,19.8364736515098,True,,382346.8353732135,5698738.186498104,384906.8353732135,5701298.186498104,EPSG:32632,data\processed\sar\DE10_Dortmund\DE10_Dortmund_S1_VV_VH.tif,data\processed\masks\DE10_Dortmund\DE10_label_mask.tif,data\processed\masks\DE10_Dortmund\DE10_validity_mask.tif,data\processed\tiles_v22_enrichment\train\DE10_Dortmund\images\DE10_off128_r008_c001_image.tif,data\processed\tiles_v22_enrichment\train\DE10_Dortmund\semantic_masks\DE10_off128_r008_c001_semantic.tif,data\processed\tiles_v22_enrichment\train\DE10_Dortmund\validity_masks\DE10_off128_r008_c001_validity.tif,True,accepted,0,
DE10_off128_r008_c002,DE10_off128_r008_c002,v2.2,v22_offset_enrichment,DE10,Dortmund,train,2176,640,256,128,256,256,0,0.0,33009,0.5036773681640625,32527,0,10320,5659,16493,256,281,True,True,True,True,True,470,3,road_rich+building_rich+mixed_minority,16.964627412091474,True,,384906.8353732135,5698738.186498104,387466.8353732135,5701298.186498104,EPSG:32632,data\processed\sar\DE10_Dortmund\DE10_Dortmund_S1_VV_VH.tif,data\processed\masks\DE10_Dortmund\DE10_label_mask.tif,data\processed\masks\DE10_Dortmund\DE10_validity_mask.tif,data\processed\tiles_v22_enrichment\train\DE10_Dortmund\images\DE10_off128_r008_c002_image.tif,data\processed\tiles_v22_enrichment\train\DE10_Dortmund\semantic_masks\DE10_off128_r008_c002_semantic.tif,data\processed\tiles_v22_enrichment\train\DE10_Dortmund\validity_masks\DE10_off128_r008_c002_validity.tif,True,accepted,0,
DE10_off128_r009_c005,DE10_off128_r009_c005,v2.2,v22_offset_enrichment,DE10,Dortmund,train,2432,1408,256,128,256,256,0,0.0,51832,0.7908935546875,13704,0,2631,2648,36706,1075,8772,True,True,True,True,True,354,2,bare_land_moderate+road_rich+water_rich+mixed_minority,14.276790298012086,True,,392586.8353732135,5696178.186498104,395146.8353732135,5698738.186498104,EPSG:32632,data\processed\sar\DE10_Dortmund\DE10_Dortmund_S1_VV_VH.tif,data\processed\masks\DE10_Dortmund\DE10_label_mask.tif,data\processed\masks\DE10_Dortmund\DE10_validity_mask.tif,data\processed\tiles_v22_enrichment\train\DE10_Dortmund\images\DE10_off128_r009_c005_image.tif,data\processed\tiles_v22_enrichment\train\DE10_Dortmund\semantic_masks\DE10_off128_r009_c005_semantic.tif,data\processed\tiles_v22_enrichment\train\DE10_Dortmund\validity_masks\DE10_off128_r009_c005_validity.tif,True,accepted,0,
DE10_off128_r010_c004,DE10_off128_r010_c004,v2.2,v22_offset_enrichment,DE10,Dortmund,train,2688,1152,256,128,256,256,0,0.0,42841,0.6537017822265625,22695,0,6507,5494,24307,44,6489,True,True,True,True,True,448,3,road_rich+water_rich+building_rich+mixed_minority,18.70867248785901,True,,390026.8353732135,5693618.186498104,392586.8353732135,5696178.186498104,EPSG:32632,data\processed\sar\DE10_Dortmund\DE10_Dortmund_S1_VV_VH.tif,data\processed\masks\DE10_Dortmund\DE10_label_mask.tif,data\processed\masks\DE10_Dortmund\DE10_validity_mask.tif,data\processed\tiles_v22_enrichment\train\DE10_Dortmund\images\DE10_off128_r010_c004_image.tif,data\processed\tiles_v22_enrichment\train\DE10_Dortmund\semantic_masks\DE10_off128_r010_c004_semantic.tif,data\processed\tiles_v22_enrichment\train\DE10_Dortmund\validity_masks\DE10_off128_r010_c004_validity.tif,True,accepted,0,
DE11_off128_r000_c000,DE11_off128_r000_c000,v2.2,v22_offset_enrichment,DE11,Hamburg,train,128,128,256,128,256,256,0,0.0,32100,0.48980712890625,33436,0,6802,4612,19261,631,794,True,True,True,True,True,307,2,bare_land_moderate+road_rich+building_rich+mixed_minority,16.8508663189374,True,,552114.3640108273,5945197.951124841,554674.3640108273,5947757.951124841,EPSG:32632,data\processed\sar\DE11_Hamburg\DE11_Hamburg_S1_VV_VH.tif,data\processed\masks\DE11_Hamburg\DE11_label_mask.tif,data\processed\masks\DE11_Hamburg\DE11_validity_mask.tif,data\processed\tiles_v22_enrichment\train\DE11_Hamburg\images\DE11_off128_r000_c000_image.tif,data\processed\tiles_v22_enrichment\train\DE11_Hamburg\semantic_masks\DE11_off128_r000_c000_semantic.tif,data\processed\tiles_v22_enrichment\train\DE11_Hamburg\validity_masks\DE11_off128_r000_c000_validity.tif,True,accepted,0,
DE11_off128_r001_c002,DE11_off128_r001_c002,v2.2,v22_offset_enrichment,DE11,Hamburg,train,384,640,256,128,256,256,0,0.0,29355,0.4479217529296875,36181,0,7144,4520,16461,540,690,True,True,True,True,True,281,2,bare_land_moderate+road_rich+building_rich+mixed_minority,17.51026206974113,True,,557234.3640108273,5942637.951124841,559794.3640108273,5945197.951124841,EPSG:32632,data\processed\sar\DE11_Hamburg\DE11_Hamburg_S1_VV_VH.tif,data\processed\masks\DE11_Hamburg\DE11_label_mask.tif,data\processed\masks\DE11_Hamburg\DE11_validity_mask.tif,data\processed\tiles_v22_enrichment\train\DE11_Hamburg\images\DE11_off128_r001_c002_image.tif,data\processed\tiles_v22_enrichment\train\DE11_Hamburg\semantic_masks\DE11_off128_r001_c002_semantic.tif,data\processed\tiles_v22_enrichment\train\DE11_Hamburg\validity_masks\DE11_off128_r001_c002_validity.tif,True,accepted,0,
DE11_off128_r001_c007,DE11_off128_r001_c007,v2.2,v22_offset_enrichment,DE11,Hamburg,train,384,1920,256,128,256,256,0,0.0,21568,0.3291015625,43968,0,7972,5070,7433,345,748,True,True,True,True,True,234,2,bare_land_moderate+road_rich+building_rich+mixed_minority,18.49601550908753,True,,570034.3640108273,5942637.951124841,572594.3640108273,5945197.951124841,EPSG:32632,data\processed\sar\DE11_Hamburg\DE11_Hamburg_S1_VV_VH.tif,data\processed\masks\DE11_Hamburg\DE11_label_mask.tif,data\processed\masks\DE11_Hamburg\DE11_validity_mask.tif,data\processed\tiles_v22_enrichment\train\DE11_Hamburg\images\DE11_off128_r001_c007_image.tif,data\processed\tiles_v22_enrichment\train\DE11_Hamburg\semantic_masks\DE11_off128_r001_c007_semantic.tif,data\processed\tiles_v22_enrichment\train\DE11_Hamburg\validity_masks\DE11_off128_r001_c007_validity.tif,True,accepted,0,
DE11_off128_r002_c001,DE11_off128_r002_c001,v2.2,v22_offset_enrichment,DE11,Hamburg,train,640,384,256,128,256,256,0,0.0,22329,0.3407135009765625,43207,0,6249,4683,10780,433,184,True,True,True,True,True,283,2,bare_land_moderate+road_rich+building_rich+mixed_minority,17.419579549612862,True,,554674.3640108273,5940077.951124841,557234.3640108273,5942637.951124841,EPSG:32632,data\processed\sar\DE11_Hamburg\DE11_Hamburg_S1_VV_VH.tif,data\processed\masks\DE11_Hamburg\DE11_label_mask.tif,data\processed\masks\DE11_Hamburg\DE11_validity_mask.tif,data\processed\tiles_v22_enrichment\train\DE11_Hamburg\images\DE11_off128_r002_c001_image.tif,data\processed\tiles_v22_enrichment\train\DE11_Hamburg\semantic_masks\DE11_off128_r002_c001_semantic.tif,data\processed\tiles_v22_enrichment\train\DE11_Hamburg\validity_masks\DE11_off128_r002_c001_validity.tif,True,accepted,0,
DE11_off128_r002_c002,DE11_off128_r002_c002,v2.2,v22_offset_enrichment,DE11,Hamburg,train,640,640,256,128,256,256,0,0.0,23010,0.351104736328125,42526,0,10110,7176,4579,433,712,True,True,True,True,True,232,2,bare_land_moderate+road_rich+building_rich+mixed_minority,18.594259886262936,True,,557234.3640108273,5940077.951124841,559794.3640108273,5942637.951124841,EPSG:32632,data\processed\sar\DE11_Hamburg\DE11_Hamburg_S1_VV_VH.tif,data\processed\masks\DE11_Hamburg\DE11_label_mask.tif,data\processed\masks\DE11_Hamburg\DE11_validity_mask.tif,data\processed\tiles_v22_enrichment\train\DE11_Hamburg\images\DE11_off128_r002_c002_image.tif,data\processed\tiles_v22_enrichment\train\DE11_Hamburg\semantic_masks\DE11_off128_r002_c002_semantic.tif,data\processed\tiles_v22_enrichment\train\DE11_Hamburg\validity_masks\DE11_off128_r002_c002_validity.tif,True,accepted,0,
DE11_off128_r002_c004,DE11_off128_r002_c004,v2.2,v22_offset_enrichment,DE11,Hamburg,train,640,1152,256,128,256,256,0,0.0,34992,0.533935546875,30544,0,8015,5348,20578,916,135,True,True,True,True,True,292,2,bare_land_moderate+road_rich+building_rich+mixed_minority,17.218234815279207,True,,562354.3640108273,5940077.951124841,564914.3640108273,5942637.951124841,EPSG:32632,data\processed\sar\DE11_Hamburg\DE11_Hamburg_S1_VV_VH.tif,data\processed\masks\DE11_Hamburg\DE11_label_mask.tif,data\processed\masks\DE11_Hamburg\DE11_validity_mask.tif,data\processed\tiles_v22_enrichment\train\DE11_Hamburg\images\DE11_off128_r002_c004_image.tif,data\processed\tiles_v22_enrichment\train\DE11_Hamburg\semantic_masks\DE11_off128_r002_c004_semantic.tif,data\processed\tiles_v22_enrichment\train\DE11_Hamburg\validity_masks\DE11_off128_r002_c004_validity.tif,True,accepted,0,
DE11_off128_r002_c005,DE11_off128_r002_c005,v2.2,v22_offset_enrichment,DE11,Hamburg,train,640,1408,256,128,256,256,0,0.0,36841,0.5621490478515625,28695,0,10976,6243,17334,518,1770,True,True,True,True,True,213,2,bare_land_moderate+road_rich+building_rich+mixed_minority,19.077688799758405,True,,564914.3640108273,5940077.951124841,567474.3640108273,5942637.951124841,EPSG:32632,data\processed\sar\DE11_Hamburg\DE11_Hamburg_S1_VV_VH.tif,data\processed\masks\DE11_Hamburg\DE11_label_mask.tif,data\processed\masks\DE11_Hamburg\DE11_validity_mask.tif,data\processed\tiles_v22_enrichment\train\DE11_Hamburg\images\DE11_off128_r002_c005_image.tif,data\processed\tiles_v22_enrichment\train\DE11_Hamburg\semantic_masks\DE11_off128_r002_c005_semantic.tif,data\processed\tiles_v22_enrichment\train\DE11_Hamburg\validity_masks\DE11_off128_r002_c005_validity.tif,True,accepted,0,
DE11_off128_r002_c006,DE11_off128_r002_c006,v2.2,v22_offset_enrichment,DE11,Hamburg,train,640,1664,256,128,256,256,0,0.0,23374,0.356658935546875,42162,0,7888,5209,8472,686,1119,True,True,True,True,True,171,2,bare_land_moderate+road_rich+building_rich+mixed_minority,20.1195151005165,True,,567474.3640108273,5940077.951124841,570034.3640108273,5942637.951124841,EPSG:32632,data\processed\sar\DE11_Hamburg\DE11_Hamburg_S1_VV_VH.tif,data\processed\masks\DE11_Hamburg\DE11_label_mask.tif,data\processed\masks\DE11_Hamburg\DE11_validity_mask.tif,data\processed\tiles_v22_enrichment\train\DE11_Hamburg\images\DE11_off128_r002_c006_image.tif,data\processed\tiles_v22_enrichment\train\DE11_Hamburg\semantic_masks\DE11_off128_r002_c006_semantic.tif,data\processed\tiles_v22_enrichment\train\DE11_Hamburg\validity_masks\DE11_off128_r002_c006_validity.tif,True,accepted,0,
DE11_off128_r002_c007,DE11_off128_r002_c007,v2.2,v22_offset_enrichment,DE11,Hamburg,train,640,1920,256,128,256,256,0,0.0,26382,0.402557373046875,39154,0,7946,5435,10343,358,2300,True,True,True,True,True,162,2,bare_land_moderate+road_rich+water_rich+building_rich+mixed_minority,20.475372171015188,True,,570034.3640108273,5940077.951124841,572594.3640108273,5942637.951124841,EPSG:32632,data\processed\sar\DE11_Hamburg\DE11_Hamburg_S1_VV_VH.tif,data\processed\masks\DE11_Hamburg\DE11_label_mask.tif,data\processed\masks\DE11_Hamburg\DE11_validity_mask.tif,data\processed\tiles_v22_enrichment\train\DE11_Hamburg\images\DE11_off128_r002_c007_image.tif,data\processed\tiles_v22_enrichment\train\DE11_Hamburg\semantic_masks\DE11_off128_r002_c007_semantic.tif,data\processed\tiles_v22_enrichment\train\DE11_Hamburg\validity_masks\DE11_off128_r002_c007_validity.tif,True,accepted,0,
DE11_off128_r002_c008,DE11_off128_r002_c008,v2.2,v22_offset_enrichment,DE11,Hamburg,train,640,2176,256,128,256,256,0,0.0,30109,0.4594268798828125,35427,0,8724,6140,14134,355,756,True,True,True,True,True,273,2,bare_land_moderate+road_rich+building_rich+mixed_minority,17.753226076136425,True,,572594.3640108273,5940077.951124841,575154.3640108273,5942637.951124841,EPSG:32632,data\processed\sar\DE11_Hamburg\DE11_Hamburg_S1_VV_VH.tif,data\processed\masks\DE11_Hamburg\DE11_label_mask.tif,data\processed\masks\DE11_Hamburg\DE11_validity_mask.tif,data\processed\tiles_v22_enrichment\train\DE11_Hamburg\images\DE11_off128_r002_c008_image.tif,data\processed\tiles_v22_enrichment\train\DE11_Hamburg\semantic_masks\DE11_off128_r002_c008_semantic.tif,data\processed\tiles_v22_enrichment\train\DE11_Hamburg\validity_masks\DE11_off128_r002_c008_validity.tif,True,accepted,0,
DE11_off128_r003_c003,DE11_off128_r003_c003,v2.2,v22_offset_enrichment,DE11,Hamburg,train,896,896,256,128,256,256,0,0.0,35396,0.54010009765625,30140,0,11206,7537,14738,1304,611,True,True,True,True,True,189,2,bare_land_moderate+road_rich+building_rich+mixed_minority,19.67779927270428,True,,559794.3640108273,5937517.951124841,562354.3640108273,5940077.951124841,EPSG:32632,data\processed\sar\DE11_Hamburg\DE11_Hamburg_S1_VV_VH.tif,data\processed\masks\DE11_Hamburg\DE11_label_mask.tif,data\processed\masks\DE11_Hamburg\DE11_validity_mask.tif,data\processed\tiles_v22_enrichment\train\DE11_Hamburg\images\DE11_off128_r003_c003_image.tif,data\processed\tiles_v22_enrichment\train\DE11_Hamburg\semantic_masks\DE11_off128_r003_c003_semantic.tif,data\processed\tiles_v22_enrichment\train\DE11_Hamburg\validity_masks\DE11_off128_r003_c003_validity.tif,True,accepted,0,
DE11_off128_r003_c004,DE11_off128_r003_c004,v2.2,v22_offset_enrichment,DE11,Hamburg,train,896,1152,256,128,256,256,0,0.0,31206,0.476165771484375,34330,0,14510,6977,8806,675,238,True,True,True,True,True,262,2,bare_land_moderate+road_rich+building_rich+mixed_minority,18.011671763921726,True,,562354.3640108273,5937517.951124841,564914.3640108273,5940077.951124841,EPSG:32632,data\processed\sar\DE11_Hamburg\DE11_Hamburg_S1_VV_VH.tif,data\processed\masks\DE11_Hamburg\DE11_label_mask.tif,data\processed\masks\DE11_Hamburg\DE11_validity_mask.tif,data\processed\tiles_v22_enrichment\train\DE11_Hamburg\images\DE11_off128_r003_c004_image.tif,data\processed\tiles_v22_enrichment\train\DE11_Hamburg\semantic_masks\DE11_off128_r003_c004_semantic.tif,data\processed\tiles_v22_enrichment\train\DE11_Hamburg\validity_masks\DE11_off128_r003_c004_validity.tif,True,accepted,0,
DE11_off128_r003_c006,DE11_off128_r003_c006,v2.2,v22_offset_enrichment,DE11,Hamburg,train,896,1664,256,128,256,256,0,0.0,38721,0.5908355712890625,26815,0,12437,7043,16058,475,2708,True,True,True,True,True,179,2,bare_land_moderate+road_rich+water_rich+building_rich+mixed_minority,19.86966359742475,True,,567474.3640108273,5937517.951124841,570034.3640108273,5940077.951124841,EPSG:32632,data\processed\sar\DE11_Hamburg\DE11_Hamburg_S1_VV_VH.tif,data\processed\masks\DE11_Hamburg\DE11_label_mask.tif,data\processed\masks\DE11_Hamburg\DE11_validity_mask.tif,data\processed\tiles_v22_enrichment\train\DE11_Hamburg\images\DE11_off128_r003_c006_image.tif,data\processed\tiles_v22_enrichment\train\DE11_Hamburg\semantic_masks\DE11_off128_r003_c006_semantic.tif,data\processed\tiles_v22_enrichment\train\DE11_Hamburg\validity_masks\DE11_off128_r003_c006_validity.tif,True,accepted,0,
DE11_off128_r003_c007,DE11_off128_r003_c007,v2.2,v22_offset_enrichment,DE11,Hamburg,train,896,1920,256,128,256,256,0,0.0,30352,0.463134765625,35184,0,12206,6856,9722,1047,521,True,True,True,True,True,196,2,bare_land_moderate+road_rich+building_rich+mixed_minority,19.409365656505337,True,,570034.3640108273,5937517.951124841,572594.3640108273,5940077.951124841,EPSG:32632,data\processed\sar\DE11_Hamburg\DE11_Hamburg_S1_VV_VH.tif,data\processed\masks\DE11_Hamburg\DE11_label_mask.tif,data\processed\masks\DE11_Hamburg\DE11_validity_mask.tif,data\processed\tiles_v22_enrichment\train\DE11_Hamburg\images\DE11_off128_r003_c007_image.tif,data\processed\tiles_v22_enrichment\train\DE11_Hamburg\semantic_masks\DE11_off128_r003_c007_semantic.tif,data\processed\tiles_v22_enrichment\train\DE11_Hamburg\validity_masks\DE11_off128_r003_c007_validity.tif,True,accepted,0,
DE11_off128_r004_c003,DE11_off128_r004_c003,v2.2,v22_offset_enrichment,DE11,Hamburg,train,1152,896,256,128,256,256,0,0.0,34417,0.5251617431640625,31119,0,14803,8277,9808,1353,176,True,True,True,True,True,198,2,bare_land_moderate+road_rich+building_rich+mixed_minority,19.3746692539872,True,,559794.3640108273,5934957.951124841,562354.3640108273,5937517.951124841,EPSG:32632,data\processed\sar\DE11_Hamburg\DE11_Hamburg_S1_VV_VH.tif,data\processed\masks\DE11_Hamburg\DE11_label_mask.tif,data\processed\masks\DE11_Hamburg\DE11_validity_mask.tif,data\processed\tiles_v22_enrichment\train\DE11_Hamburg\images\DE11_off128_r004_c003_image.tif,data\processed\tiles_v22_enrichment\train\DE11_Hamburg\semantic_masks\DE11_off128_r004_c003_semantic.tif,data\processed\tiles_v22_enrichment\train\DE11_Hamburg\validity_masks\DE11_off128_r004_c003_validity.tif,True,accepted,0,
DE11_off128_r004_c004,DE11_off128_r004_c004,v2.2,v22_offset_enrichment,DE11,Hamburg,train,1152,1152,256,128,256,256,0,0.0,34682,0.529205322265625,30854,0,18447,8847,5896,922,570,True,True,True,True,True,224,2,bare_land_moderate+road_rich+building_rich+mixed_minority,18.813358485289672,True,,562354.3640108273,5934957.951124841,564914.3640108273,5937517.951124841,EPSG:32632,data\processed\sar\DE11_Hamburg\DE11_Hamburg_S1_VV_VH.tif,data\processed\masks\DE11_Hamburg\DE11_label_mask.tif,data\processed\masks\DE11_Hamburg\DE11_validity_mask.tif,data\processed\tiles_v22_enrichment\train\DE11_Hamburg\images\DE11_off128_r004_c004_image.tif,data\processed\tiles_v22_enrichment\train\DE11_Hamburg\semantic_masks\DE11_off128_r004_c004_semantic.tif,data\processed\tiles_v22_enrichment\train\DE11_Hamburg\validity_masks\DE11_off128_r004_c004_validity.tif,True,accepted,0,
DE11_off128_r004_c006,DE11_off128_r004_c006,v2.2,v22_offset_enrichment,DE11,Hamburg,train,1152,1664,256,128,256,256,0,0.0,31501,0.4806671142578125,34035,0,15673,8622,5834,443,929,True,True,True,True,True,247,2,bare_land_moderate+road_rich+building_rich+mixed_minority,18.28535585429781,True,,567474.3640108273,5934957.951124841,570034.3640108273,5937517.951124841,EPSG:32632,data\processed\sar\DE11_Hamburg\DE11_Hamburg_S1_VV_VH.tif,data\processed\masks\DE11_Hamburg\DE11_label_mask.tif,data\processed\masks\DE11_Hamburg\DE11_validity_mask.tif,data\processed\tiles_v22_enrichment\train\DE11_Hamburg\images\DE11_off128_r004_c006_image.tif,data\processed\tiles_v22_enrichment\train\DE11_Hamburg\semantic_masks\DE11_off128_r004_c006_semantic.tif,data\processed\tiles_v22_enrichment\train\DE11_Hamburg\validity_masks\DE11_off128_r004_c006_validity.tif,True,accepted,0,
DE11_off128_r004_c007,DE11_off128_r004_c007,v2.2,v22_offset_enrichment,DE11,Hamburg,train,1152,1920,256,128,256,256,0,0.0,30791,0.4698333740234375,34745,0,12335,7544,8564,1746,602,True,True,True,True,True,40,1,bare_land_rich+road_rich+building_rich+mixed_minority,21.28827057970042,True,,570034.3640108273,5934957.951124841,572594.3640108273,5937517.951124841,EPSG:32632,data\processed\sar\DE11_Hamburg\DE11_Hamburg_S1_VV_VH.tif,data\processed\masks\DE11_Hamburg\DE11_label_mask.tif,data\processed\masks\DE11_Hamburg\DE11_validity_mask.tif,data\processed\tiles_v22_enrichment\train\DE11_Hamburg\images\DE11_off128_r004_c007_image.tif,data\processed\tiles_v22_enrichment\train\DE11_Hamburg\semantic_masks\DE11_off128_r004_c007_semantic.tif,data\processed\tiles_v22_enrichment\train\DE11_Hamburg\validity_masks\DE11_off128_r004_c007_validity.tif,True,accepted,0,
DE11_off128_r004_c008,DE11_off128_r004_c008,v2.2,v22_offset_enrichment,DE11,Hamburg,train,1152,2176,256,128,256,256,0,0.0,25455,0.3884124755859375,40081,0,10015,6646,7857,303,634,True,True,True,True,True,269,2,bare_land_moderate+road_rich+building_rich+mixed_minority,17.836949108860345,True,,572594.3640108273,5934957.951124841,575154.3640108273,5937517.951124841,EPSG:32632,data\processed\sar\DE11_Hamburg\DE11_Hamburg_S1_VV_VH.tif,data\processed\masks\DE11_Hamburg\DE11_label_mask.tif,data\processed\masks\DE11_Hamburg\DE11_validity_mask.tif,data\processed\tiles_v22_enrichment\train\DE11_Hamburg\images\DE11_off128_r004_c008_image.tif,data\processed\tiles_v22_enrichment\train\DE11_Hamburg\semantic_masks\DE11_off128_r004_c008_semantic.tif,data\processed\tiles_v22_enrichment\train\DE11_Hamburg\validity_masks\DE11_off128_r004_c008_validity.tif,True,accepted,0,
DE11_off128_r005_c001,DE11_off128_r005_c001,v2.2,v22_offset_enrichment,DE11,Hamburg,train,1408,384,256,128,256,256,0,0.0,27378,0.417755126953125,38158,0,7620,4168,8593,650,6347,True,True,True,True,True,115,2,bare_land_moderate+road_rich+water_rich+building_rich+mixed_minority,23.491975303737405,True,,554674.3640108273,5932397.951124841,557234.3640108273,5934957.951124841,EPSG:32632,data\processed\sar\DE11_Hamburg\DE11_Hamburg_S1_VV_VH.tif,data\processed\masks\DE11_Hamburg\DE11_label_mask.tif,data\processed\masks\DE11_Hamburg\DE11_validity_mask.tif,data\processed\tiles_v22_enrichment\train\DE11_Hamburg\images\DE11_off128_r005_c001_image.tif,data\processed\tiles_v22_enrichment\train\DE11_Hamburg\semantic_masks\DE11_off128_r005_c001_semantic.tif,data\processed\tiles_v22_enrichment\train\DE11_Hamburg\validity_masks\DE11_off128_r005_c001_validity.tif,True,accepted,0,
DE11_off128_r005_c002,DE11_off128_r005_c002,v2.2,v22_offset_enrichment,DE11,Hamburg,train,1408,640,256,128,256,256,0,0.0,38890,0.593414306640625,26646,0,5699,3671,8879,2329,18312,True,True,True,True,True,41,1,bare_land_rich+road_rich+water_rich+building_rich+mixed_minority,21.246152799826536,True,,557234.3640108273,5932397.951124841,559794.3640108273,5934957.951124841,EPSG:32632,data\processed\sar\DE11_Hamburg\DE11_Hamburg_S1_VV_VH.tif,data\processed\masks\DE11_Hamburg\DE11_label_mask.tif,data\processed\masks\DE11_Hamburg\DE11_validity_mask.tif,data\processed\tiles_v22_enrichment\train\DE11_Hamburg\images\DE11_off128_r005_c002_image.tif,data\processed\tiles_v22_enrichment\train\DE11_Hamburg\semantic_masks\DE11_off128_r005_c002_semantic.tif,data\processed\tiles_v22_enrichment\train\DE11_Hamburg\validity_masks\DE11_off128_r005_c002_validity.tif,True,accepted,0,
DE11_off128_r005_c003,DE11_off128_r005_c003,v2.2,v22_offset_enrichment,DE11,Hamburg,train,1408,896,256,128,256,256,0,0.0,38964,0.59454345703125,26572,0,11918,5730,5322,738,15256,True,True,True,True,True,116,2,bare_land_moderate+road_rich+water_rich+building_rich+mixed_minority,23.433317710188007,True,,559794.3640108273,5932397.951124841,562354.3640108273,5934957.951124841,EPSG:32632,data\processed\sar\DE11_Hamburg\DE11_Hamburg_S1_VV_VH.tif,data\processed\masks\DE11_Hamburg\DE11_label_mask.tif,data\processed\masks\DE11_Hamburg\DE11_validity_mask.tif,data\processed\tiles_v22_enrichment\train\DE11_Hamburg\images\DE11_off128_r005_c003_image.tif,data\processed\tiles_v22_enrichment\train\DE11_Hamburg\semantic_masks\DE11_off128_r005_c003_semantic.tif,data\processed\tiles_v22_enrichment\train\DE11_Hamburg\validity_masks\DE11_off128_r005_c003_validity.tif,True,accepted,0,
DE11_off128_r005_c004,DE11_off128_r005_c004,v2.2,v22_offset_enrichment,DE11,Hamburg,train,1408,1152,256,128,256,256,0,0.0,41177,0.6283111572265625,24359,0,14131,6701,5511,765,14069,True,True,True,True,True,113,2,bare_land_moderate+road_rich+water_rich+building_rich+mixed_minority,23.61457776237021,True,,562354.3640108273,5932397.951124841,564914.3640108273,5934957.951124841,EPSG:32632,data\processed\sar\DE11_Hamburg\DE11_Hamburg_S1_VV_VH.tif,data\processed\masks\DE11_Hamburg\DE11_label_mask.tif,data\processed\masks\DE11_Hamburg\DE11_validity_mask.tif,data\processed\tiles_v22_enrichment\train\DE11_Hamburg\images\DE11_off128_r005_c004_image.tif,data\processed\tiles_v22_enrichment\train\DE11_Hamburg\semantic_masks\DE11_off128_r005_c004_semantic.tif,data\processed\tiles_v22_enrichment\train\DE11_Hamburg\validity_masks\DE11_off128_r005_c004_validity.tif,True,accepted,0,
DE11_off128_r005_c005,DE11_off128_r005_c005,v2.2,v22_offset_enrichment,DE11,Hamburg,train,1408,1408,256,128,256,256,0,0.0,46404,0.70806884765625,19132,0,17441,8419,3707,1527,15310,True,True,True,True,True,106,2,bare_land_moderate+road_rich+water_rich+building_rich+mixed_minority,24.840600525959843,True,,564914.3640108273,5932397.951124841,567474.3640108273,5934957.951124841,EPSG:32632,data\processed\sar\DE11_Hamburg\DE11_Hamburg_S1_VV_VH.tif,data\processed\masks\DE11_Hamburg\DE11_label_mask.tif,data\processed\masks\DE11_Hamburg\DE11_validity_mask.tif,data\processed\tiles_v22_enrichment\train\DE11_Hamburg\images\DE11_off128_r005_c005_image.tif,data\processed\tiles_v22_enrichment\train\DE11_Hamburg\semantic_masks\DE11_off128_r005_c005_semantic.tif,data\processed\tiles_v22_enrichment\train\DE11_Hamburg\validity_masks\DE11_off128_r005_c005_validity.tif,True,accepted,0,
DE11_off128_r005_c006,DE11_off128_r005_c006,v2.2,v22_offset_enrichment,DE11,Hamburg,train,1408,1664,256,128,256,256,0,0.0,36484,0.55670166015625,29052,0,14778,8417,5556,1521,6212,True,True,True,True,True,103,2,bare_land_moderate+road_rich+water_rich+building_rich+mixed_minority,25.3918622785095,True,,567474.3640108273,5932397.951124841,570034.3640108273,5934957.951124841,EPSG:32632,data\processed\sar\DE11_Hamburg\DE11_Hamburg_S1_VV_VH.tif,data\processed\masks\DE11_Hamburg\DE11_label_mask.tif,data\processed\masks\DE11_Hamburg\DE11_validity_mask.tif,data\processed\tiles_v22_enrichment\train\DE11_Hamburg\images\DE11_off128_r005_c006_image.tif,data\processed\tiles_v22_enrichment\train\DE11_Hamburg\semantic_masks\DE11_off128_r005_c006_semantic.tif,data\processed\tiles_v22_enrichment\train\DE11_Hamburg\validity_masks\DE11_off128_r005_c006_validity.tif,True,accepted,0,
DE11_off128_r005_c007,DE11_off128_r005_c007,v2.2,v22_offset_enrichment,DE11,Hamburg,train,1408,1920,256,128,256,256,0,0.0,41157,0.6280059814453125,24379,0,10560,5992,20025,1013,3567,True,True,True,True,True,157,2,bare_land_moderate+road_rich+water_rich+building_rich+mixed_minority,20.647783905006307,True,,570034.3640108273,5932397.951124841,572594.3640108273,5934957.951124841,EPSG:32632,data\processed\sar\DE11_Hamburg\DE11_Hamburg_S1_VV_VH.tif,data\processed\masks\DE11_Hamburg\DE11_label_mask.tif,data\processed\masks\DE11_Hamburg\DE11_validity_mask.tif,data\processed\tiles_v22_enrichment\train\DE11_Hamburg\images\DE11_off128_r005_c007_image.tif,data\processed\tiles_v22_enrichment\train\DE11_Hamburg\semantic_masks\DE11_off128_r005_c007_semantic.tif,data\processed\tiles_v22_enrichment\train\DE11_Hamburg\validity_masks\DE11_off128_r005_c007_validity.tif,True,accepted,0,
DE11_off128_r005_c008,DE11_off128_r005_c008,v2.2,v22_offset_enrichment,DE11,Hamburg,train,1408,2176,256,128,256,256,0,0.0,25658,0.391510009765625,39878,0,9058,5803,9517,483,797,True,True,True,True,True,228,2,bare_land_moderate+road_rich+building_rich+mixed_minority,18.639970528901955,True,,572594.3640108273,5932397.951124841,575154.3640108273,5934957.951124841,EPSG:32632,data\processed\sar\DE11_Hamburg\DE11_Hamburg_S1_VV_VH.tif,data\processed\masks\DE11_Hamburg\DE11_label_mask.tif,data\processed\masks\DE11_Hamburg\DE11_validity_mask.tif,data\processed\tiles_v22_enrichment\train\DE11_Hamburg\images\DE11_off128_r005_c008_image.tif,data\processed\tiles_v22_enrichment\train\DE11_Hamburg\semantic_masks\DE11_off128_r005_c008_semantic.tif,data\processed\tiles_v22_enrichment\train\DE11_Hamburg\validity_masks\DE11_off128_r005_c008_validity.tif,True,accepted,0,
DE11_off128_r006_c002,DE11_off128_r006_c002,v2.2,v22_offset_enrichment,DE11,Hamburg,train,1664,640,256,128,256,256,0,0.0,39403,0.6012420654296875,26133,0,5721,4264,16606,1538,11274,True,True,True,True,True,163,2,bare_land_moderate+road_rich+water_rich+building_rich+mixed_minority,20.39463343156932,True,,557234.3640108273,5929837.951124841,559794.3640108273,5932397.951124841,EPSG:32632,data\processed\sar\DE11_Hamburg\DE11_Hamburg_S1_VV_VH.tif,data\processed\masks\DE11_Hamburg\DE11_label_mask.tif,data\processed\masks\DE11_Hamburg\DE11_validity_mask.tif,data\processed\tiles_v22_enrichment\train\DE11_Hamburg\images\DE11_off128_r006_c002_image.tif,data\processed\tiles_v22_enrichment\train\DE11_Hamburg\semantic_masks\DE11_off128_r006_c002_semantic.tif,data\processed\tiles_v22_enrichment\train\DE11_Hamburg\validity_masks\DE11_off128_r006_c002_validity.tif,True,accepted,0,
DE11_off128_r006_c003,DE11_off128_r006_c003,v2.2,v22_offset_enrichment,DE11,Hamburg,train,1664,896,256,128,256,256,0,0.0,29019,0.4427947998046875,36517,0,2595,5339,3952,367,16766,True,True,True,True,True,184,2,bare_land_moderate+road_rich+water_rich+mixed_minority,19.79590827718157,True,,559794.3640108273,5929837.951124841,562354.3640108273,5932397.951124841,EPSG:32632,data\processed\sar\DE11_Hamburg\DE11_Hamburg_S1_VV_VH.tif,data\processed\masks\DE11_Hamburg\DE11_label_mask.tif,data\processed\masks\DE11_Hamburg\DE11_validity_mask.tif,data\processed\tiles_v22_enrichment\train\DE11_Hamburg\images\DE11_off128_r006_c003_image.tif,data\processed\tiles_v22_enrichment\train\DE11_Hamburg\semantic_masks\DE11_off128_r006_c003_semantic.tif,data\processed\tiles_v22_enrichment\train\DE11_Hamburg\validity_masks\DE11_off128_r006_c003_validity.tif,True,accepted,0,
DE11_off128_r006_c004,DE11_off128_r006_c004,v2.2,v22_offset_enrichment,DE11,Hamburg,train,1664,1152,256,128,256,256,0,0.0,38465,0.5869293212890625,27071,0,6410,4519,1243,3770,22523,True,True,True,True,True,10,1,bare_land_rich+road_rich+water_rich+building_rich+mixed_minority,25.97650425954461,True,,562354.3640108273,5929837.951124841,564914.3640108273,5932397.951124841,EPSG:32632,data\processed\sar\DE11_Hamburg\DE11_Hamburg_S1_VV_VH.tif,data\processed\masks\DE11_Hamburg\DE11_label_mask.tif,data\processed\masks\DE11_Hamburg\DE11_validity_mask.tif,data\processed\tiles_v22_enrichment\train\DE11_Hamburg\images\DE11_off128_r006_c004_image.tif,data\processed\tiles_v22_enrichment\train\DE11_Hamburg\semantic_masks\DE11_off128_r006_c004_semantic.tif,data\processed\tiles_v22_enrichment\train\DE11_Hamburg\validity_masks\DE11_off128_r006_c004_validity.tif,True,accepted,0,
DE11_off128_r006_c005,DE11_off128_r006_c005,v2.2,v22_offset_enrichment,DE11,Hamburg,train,1664,1408,256,128,256,256,0,0.0,40922,0.624420166015625,24614,0,7939,4946,8314,2955,16768,True,True,True,True,True,15,1,bare_land_rich+road_rich+water_rich+building_rich+mixed_minority,24.56315727563881,True,,564914.3640108273,5929837.951124841,567474.3640108273,5932397.951124841,EPSG:32632,data\processed\sar\DE11_Hamburg\DE11_Hamburg_S1_VV_VH.tif,data\processed\masks\DE11_Hamburg\DE11_label_mask.tif,data\processed\masks\DE11_Hamburg\DE11_validity_mask.tif,data\processed\tiles_v22_enrichment\train\DE11_Hamburg\images\DE11_off128_r006_c005_image.tif,data\processed\tiles_v22_enrichment\train\DE11_Hamburg\semantic_masks\DE11_off128_r006_c005_semantic.tif,data\processed\tiles_v22_enrichment\train\DE11_Hamburg\validity_masks\DE11_off128_r006_c005_validity.tif,True,accepted,0,
DE11_off128_r006_c006,DE11_off128_r006_c006,v2.2,v22_offset_enrichment,DE11,Hamburg,train,1664,1664,256,128,256,256,0,0.0,43313,0.6609039306640625,22223,0,7214,5721,10094,1221,19063,True,True,True,True,True,148,2,bare_land_moderate+road_rich+water_rich+building_rich+mixed_minority,21.33954544706792,True,,567474.3640108273,5929837.951124841,570034.3640108273,5932397.951124841,EPSG:32632,data\processed\sar\DE11_Hamburg\DE11_Hamburg_S1_VV_VH.tif,data\processed\masks\DE11_Hamburg\DE11_label_mask.tif,data\processed\masks\DE11_Hamburg\DE11_validity_mask.tif,data\processed\tiles_v22_enrichment\train\DE11_Hamburg\images\DE11_off128_r006_c006_image.tif,data\processed\tiles_v22_enrichment\train\DE11_Hamburg\semantic_masks\DE11_off128_r006_c006_semantic.tif,data\processed\tiles_v22_enrichment\train\DE11_Hamburg\validity_masks\DE11_off128_r006_c006_validity.tif,True,accepted,0,
DE11_off128_r006_c008,DE11_off128_r006_c008,v2.2,v22_offset_enrichment,DE11,Hamburg,train,1664,2176,256,128,256,256,0,0.0,42939,0.6551971435546875,22597,0,6727,4058,25460,1813,4881,True,True,True,True,True,231,2,bare_land_moderate+road_rich+water_rich+building_rich+mixed_minority,18.60025874256724,True,,572594.3640108273,5929837.951124841,575154.3640108273,5932397.951124841,EPSG:32632,data\processed\sar\DE11_Hamburg\DE11_Hamburg_S1_VV_VH.tif,data\processed\masks\DE11_Hamburg\DE11_label_mask.tif,data\processed\masks\DE11_Hamburg\DE11_validity_mask.tif,data\processed\tiles_v22_enrichment\train\DE11_Hamburg\images\DE11_off128_r006_c008_image.tif,data\processed\tiles_v22_enrichment\train\DE11_Hamburg\semantic_masks\DE11_off128_r006_c008_semantic.tif,data\processed\tiles_v22_enrichment\train\DE11_Hamburg\validity_masks\DE11_off128_r006_c008_validity.tif,True,accepted,0,
DE11_off128_r007_c001,DE11_off128_r007_c001,v2.2,v22_offset_enrichment,DE11,Hamburg,train,1920,384,256,128,256,256,0,0.0,56395,0.8605194091796875,9141,0,674,1091,48407,5216,1007,True,True,True,True,True,89,1,bare_land_rich,7.219811941776432,True,,554674.3640108273,5927277.951124841,557234.3640108273,5929837.951124841,EPSG:32632,data\processed\sar\DE11_Hamburg\DE11_Hamburg_S1_VV_VH.tif,data\processed\masks\DE11_Hamburg\DE11_label_mask.tif,data\processed\masks\DE11_Hamburg\DE11_validity_mask.tif,data\processed\tiles_v22_enrichment\train\DE11_Hamburg\images\DE11_off128_r007_c001_image.tif,data\processed\tiles_v22_enrichment\train\DE11_Hamburg\semantic_masks\DE11_off128_r007_c001_semantic.tif,data\processed\tiles_v22_enrichment\train\DE11_Hamburg\validity_masks\DE11_off128_r007_c001_validity.tif,True,accepted,0,
DE11_off128_r007_c003,DE11_off128_r007_c003,v2.2,v22_offset_enrichment,DE11,Hamburg,train,1920,896,256,128,256,256,0,0.0,35172,0.53668212890625,30364,0,4222,4858,18339,3738,4015,True,True,True,True,True,11,1,bare_land_rich+road_rich+water_rich+building_rich+mixed_minority,25.692885927382303,True,,559794.3640108273,5927277.951124841,562354.3640108273,5929837.951124841,EPSG:32632,data\processed\sar\DE11_Hamburg\DE11_Hamburg_S1_VV_VH.tif,data\processed\masks\DE11_Hamburg\DE11_label_mask.tif,data\processed\masks\DE11_Hamburg\DE11_validity_mask.tif,data\processed\tiles_v22_enrichment\train\DE11_Hamburg\images\DE11_off128_r007_c003_image.tif,data\processed\tiles_v22_enrichment\train\DE11_Hamburg\semantic_masks\DE11_off128_r007_c003_semantic.tif,data\processed\tiles_v22_enrichment\train\DE11_Hamburg\validity_masks\DE11_off128_r007_c003_validity.tif,True,accepted,0,
DE11_off128_r007_c004,DE11_off128_r007_c004,v2.2,v22_offset_enrichment,DE11,Hamburg,train,1920,1152,256,128,256,256,0,0.0,34938,0.533111572265625,30598,0,4872,3765,3471,1541,21289,True,True,True,True,True,160,2,bare_land_moderate+road_rich+water_rich+building_rich+mixed_minority,20.619092452682363,True,,562354.3640108273,5927277.951124841,564914.3640108273,5929837.951124841,EPSG:32632,data\processed\sar\DE11_Hamburg\DE11_Hamburg_S1_VV_VH.tif,data\processed\masks\DE11_Hamburg\DE11_label_mask.tif,data\processed\masks\DE11_Hamburg\DE11_validity_mask.tif,data\processed\tiles_v22_enrichment\train\DE11_Hamburg\images\DE11_off128_r007_c004_image.tif,data\processed\tiles_v22_enrichment\train\DE11_Hamburg\semantic_masks\DE11_off128_r007_c004_semantic.tif,data\processed\tiles_v22_enrichment\train\DE11_Hamburg\validity_masks\DE11_off128_r007_c004_validity.tif,True,accepted,0,
DE11_off128_r007_c005,DE11_off128_r007_c005,v2.2,v22_offset_enrichment,DE11,Hamburg,train,1920,1408,256,128,256,256,0,0.0,32847,0.5012054443359375,32689,0,8852,5271,12204,1814,4706,True,True,True,True,True,12,1,bare_land_rich+road_rich+water_rich+building_rich+mixed_minority,25.69245578683297,True,,564914.3640108273,5927277.951124841,567474.3640108273,5929837.951124841,EPSG:32632,data\processed\sar\DE11_Hamburg\DE11_Hamburg_S1_VV_VH.tif,data\processed\masks\DE11_Hamburg\DE11_label_mask.tif,data\processed\masks\DE11_Hamburg\DE11_validity_mask.tif,data\processed\tiles_v22_enrichment\train\DE11_Hamburg\images\DE11_off128_r007_c005_image.tif,data\processed\tiles_v22_enrichment\train\DE11_Hamburg\semantic_masks\DE11_off128_r007_c005_semantic.tif,data\processed\tiles_v22_enrichment\train\DE11_Hamburg\validity_masks\DE11_off128_r007_c005_validity.tif,True,accepted,0,
DE11_off128_r007_c008,DE11_off128_r007_c008,v2.2,v22_offset_enrichment,DE11,Hamburg,train,1920,2176,256,128,256,256,0,0.0,46615,0.7112884521484375,18921,0,6654,3276,28760,7020,905,True,True,True,True,True,34,1,bare_land_rich+road_rich+building_rich+mixed_minority,21.8456872508184,True,,572594.3640108273,5927277.951124841,575154.3640108273,5929837.951124841,EPSG:32632,data\processed\sar\DE11_Hamburg\DE11_Hamburg_S1_VV_VH.tif,data\processed\masks\DE11_Hamburg\DE11_label_mask.tif,data\processed\masks\DE11_Hamburg\DE11_validity_mask.tif,data\processed\tiles_v22_enrichment\train\DE11_Hamburg\images\DE11_off128_r007_c008_image.tif,data\processed\tiles_v22_enrichment\train\DE11_Hamburg\semantic_masks\DE11_off128_r007_c008_semantic.tif,data\processed\tiles_v22_enrichment\train\DE11_Hamburg\validity_masks\DE11_off128_r007_c008_validity.tif,True,accepted,0,
DE11_off128_r008_c003,DE11_off128_r008_c003,v2.2,v22_offset_enrichment,DE11,Hamburg,train,2176,896,256,128,256,256,0,0.0,47905,0.7309722900390625,17631,0,6302,4287,28573,7280,1463,True,True,True,True,True,23,1,bare_land_rich+road_rich+building_rich+mixed_minority,23.29521401845989,True,,559794.3640108273,5924717.951124841,562354.3640108273,5927277.951124841,EPSG:32632,data\processed\sar\DE11_Hamburg\DE11_Hamburg_S1_VV_VH.tif,data\processed\masks\DE11_Hamburg\DE11_label_mask.tif,data\processed\masks\DE11_Hamburg\DE11_validity_mask.tif,data\processed\tiles_v22_enrichment\train\DE11_Hamburg\images\DE11_off128_r008_c003_image.tif,data\processed\tiles_v22_enrichment\train\DE11_Hamburg\semantic_masks\DE11_off128_r008_c003_semantic.tif,data\processed\tiles_v22_enrichment\train\DE11_Hamburg\validity_masks\DE11_off128_r008_c003_validity.tif,True,accepted,0,
DE11_off128_r008_c004,DE11_off128_r008_c004,v2.2,v22_offset_enrichment,DE11,Hamburg,train,2176,1152,256,128,256,256,0,0.0,31312,0.477783203125,34224,0,5717,4667,6420,3640,10868,True,True,True,True,True,3,1,bare_land_rich+road_rich+water_rich+building_rich+mixed_minority,29.45935576316588,True,,562354.3640108273,5924717.951124841,564914.3640108273,5927277.951124841,EPSG:32632,data\processed\sar\DE11_Hamburg\DE11_Hamburg_S1_VV_VH.tif,data\processed\masks\DE11_Hamburg\DE11_label_mask.tif,data\processed\masks\DE11_Hamburg\DE11_validity_mask.tif,data\processed\tiles_v22_enrichment\train\DE11_Hamburg\images\DE11_off128_r008_c004_image.tif,data\processed\tiles_v22_enrichment\train\DE11_Hamburg\semantic_masks\DE11_off128_r008_c004_semantic.tif,data\processed\tiles_v22_enrichment\train\DE11_Hamburg\validity_masks\DE11_off128_r008_c004_validity.tif,True,accepted,0,
DE11_off128_r008_c010,DE11_off128_r008_c010,v2.2,v22_offset_enrichment,DE11,Hamburg,train,2176,2688,256,128,256,256,0,0.0,37236,0.56817626953125,28300,0,7311,6481,19009,1353,3082,True,True,True,True,True,155,2,bare_land_moderate+road_rich+water_rich+building_rich+mixed_minority,20.73094885520103,True,,577714.3640108273,5924717.951124841,580274.3640108273,5927277.951124841,EPSG:32632,data\processed\sar\DE11_Hamburg\DE11_Hamburg_S1_VV_VH.tif,data\processed\masks\DE11_Hamburg\DE11_label_mask.tif,data\processed\masks\DE11_Hamburg\DE11_validity_mask.tif,data\processed\tiles_v22_enrichment\train\DE11_Hamburg\images\DE11_off128_r008_c010_image.tif,data\processed\tiles_v22_enrichment\train\DE11_Hamburg\semantic_masks\DE11_off128_r008_c010_semantic.tif,data\processed\tiles_v22_enrichment\train\DE11_Hamburg\validity_masks\DE11_off128_r008_c010_validity.tif,True,accepted,0,
DE11_off128_r009_c005,DE11_off128_r009_c005,v2.2,v22_offset_enrichment,DE11,Hamburg,train,2432,1408,256,128,256,256,0,0.0,32796,0.50042724609375,32740,0,11265,6430,10630,1096,3375,True,True,True,True,True,125,2,bare_land_moderate+road_rich+water_rich+building_rich+mixed_minority,22.790279667120704,True,,564914.3640108273,5922157.951124841,567474.3640108273,5924717.951124841,EPSG:32632,data\processed\sar\DE11_Hamburg\DE11_Hamburg_S1_VV_VH.tif,data\processed\masks\DE11_Hamburg\DE11_label_mask.tif,data\processed\masks\DE11_Hamburg\DE11_validity_mask.tif,data\processed\tiles_v22_enrichment\train\DE11_Hamburg\images\DE11_off128_r009_c005_image.tif,data\processed\tiles_v22_enrichment\train\DE11_Hamburg\semantic_masks\DE11_off128_r009_c005_semantic.tif,data\processed\tiles_v22_enrichment\train\DE11_Hamburg\validity_masks\DE11_off128_r009_c005_validity.tif,True,accepted,0,
DE11_off128_r010_c000,DE11_off128_r010_c000,v2.2,v22_offset_enrichment,DE11,Hamburg,train,2688,128,256,128,256,256,0,0.0,57152,0.8720703125,8384,0,1714,1731,50415,3228,64,True,True,True,True,True,99,1,bare_land_rich,5.391716715950447,True,,552114.3640108273,5919597.951124841,554674.3640108273,5922157.951124841,EPSG:32632,data\processed\sar\DE11_Hamburg\DE11_Hamburg_S1_VV_VH.tif,data\processed\masks\DE11_Hamburg\DE11_label_mask.tif,data\processed\masks\DE11_Hamburg\DE11_validity_mask.tif,data\processed\tiles_v22_enrichment\train\DE11_Hamburg\images\DE11_off128_r010_c000_image.tif,data\processed\tiles_v22_enrichment\train\DE11_Hamburg\semantic_masks\DE11_off128_r010_c000_semantic.tif,data\processed\tiles_v22_enrichment\train\DE11_Hamburg\validity_masks\DE11_off128_r010_c000_validity.tif,True,accepted,0,
DE11_off128_r010_c004,DE11_off128_r010_c004,v2.2,v22_offset_enrichment,DE11,Hamburg,train,2688,1152,256,128,256,256,0,0.0,39661,0.6051788330078125,25875,0,5248,3871,26620,3346,576,True,True,True,True,True,69,1,bare_land_rich+road_rich+building_rich+mixed_minority,17.776253692441514,True,,562354.3640108273,5919597.951124841,564914.3640108273,5922157.951124841,EPSG:32632,data\processed\sar\DE11_Hamburg\DE11_Hamburg_S1_VV_VH.tif,data\processed\masks\DE11_Hamburg\DE11_label_mask.tif,data\processed\masks\DE11_Hamburg\DE11_validity_mask.tif,data\processed\tiles_v22_enrichment\train\DE11_Hamburg\images\DE11_off128_r010_c004_image.tif,data\processed\tiles_v22_enrichment\train\DE11_Hamburg\semantic_masks\DE11_off128_r010_c004_semantic.tif,data\processed\tiles_v22_enrichment\train\DE11_Hamburg\validity_masks\DE11_off128_r010_c004_validity.tif,True,accepted,0,
DE12_off128_r001_c000,DE12_off128_r001_c000,v2.2,v22_offset_enrichment,DE12,Bremen,train,384,128,256,128,256,256,0,0.0,39343,0.6003265380859375,26193,0,9335,5561,13725,406,10316,True,True,True,True,True,144,2,bare_land_moderate+road_rich+water_rich+building_rich+mixed_minority,21.465766387614444,True,,472996.4166748344,5889710.43553928,475556.4166748344,5892270.43553928,EPSG:32632,data\processed\sar\DE12_Bremen\DE12_Bremen_S1_VV_VH.tif,data\processed\masks\DE12_Bremen\DE12_label_mask.tif,data\processed\masks\DE12_Bremen\DE12_validity_mask.tif,data\processed\tiles_v22_enrichment\train\DE12_Bremen\images\DE12_off128_r001_c000_image.tif,data\processed\tiles_v22_enrichment\train\DE12_Bremen\semantic_masks\DE12_off128_r001_c000_semantic.tif,data\processed\tiles_v22_enrichment\train\DE12_Bremen\validity_masks\DE12_off128_r001_c000_validity.tif,True,accepted,0,
DE12_off128_r001_c001,DE12_off128_r001_c001,v2.2,v22_offset_enrichment,DE12,Bremen,train,384,384,256,128,256,256,0,0.0,34312,0.5235595703125,31224,0,6474,4875,17757,1041,4165,True,True,True,True,True,151,2,bare_land_moderate+road_rich+water_rich+building_rich+mixed_minority,21.161062484744765,True,,475556.4166748344,5889710.43553928,478116.4166748344,5892270.43553928,EPSG:32632,data\processed\sar\DE12_Bremen\DE12_Bremen_S1_VV_VH.tif,data\processed\masks\DE12_Bremen\DE12_label_mask.tif,data\processed\masks\DE12_Bremen\DE12_validity_mask.tif,data\processed\tiles_v22_enrichment\train\DE12_Bremen\images\DE12_off128_r001_c001_image.tif,data\processed\tiles_v22_enrichment\train\DE12_Bremen\semantic_masks\DE12_off128_r001_c001_semantic.tif,data\processed\tiles_v22_enrichment\train\DE12_Bremen\validity_masks\DE12_off128_r001_c001_validity.tif,True,accepted,0,
DE12_off128_r001_c002,DE12_off128_r001_c002,v2.2,v22_offset_enrichment,DE12,Bremen,train,384,640,256,128,256,256,0,0.0,34469,0.5259552001953125,31067,0,6588,4780,17113,116,5872,True,True,True,True,True,443,3,road_rich+water_rich+building_rich+mixed_minority,19.982626412008827,True,,478116.4166748344,5889710.43553928,480676.4166748344,5892270.43553928,EPSG:32632,data\processed\sar\DE12_Bremen\DE12_Bremen_S1_VV_VH.tif,data\processed\masks\DE12_Bremen\DE12_label_mask.tif,data\processed\masks\DE12_Bremen\DE12_validity_mask.tif,data\processed\tiles_v22_enrichment\train\DE12_Bremen\images\DE12_off128_r001_c002_image.tif,data\processed\tiles_v22_enrichment\train\DE12_Bremen\semantic_masks\DE12_off128_r001_c002_semantic.tif,data\processed\tiles_v22_enrichment\train\DE12_Bremen\validity_masks\DE12_off128_r001_c002_validity.tif,True,accepted,0,
DE12_off128_r002_c002,DE12_off128_r002_c002,v2.2,v22_offset_enrichment,DE12,Bremen,train,640,640,256,128,256,256,0,0.0,41398,0.631683349609375,24138,0,7224,2681,23052,2690,5751,True,True,True,True,True,54,1,bare_land_rich+road_rich+water_rich+building_rich+mixed_minority,19.890005007660488,True,,478116.4166748344,5887150.43553928,480676.4166748344,5889710.43553928,EPSG:32632,data\processed\sar\DE12_Bremen\DE12_Bremen_S1_VV_VH.tif,data\processed\masks\DE12_Bremen\DE12_label_mask.tif,data\processed\masks\DE12_Bremen\DE12_validity_mask.tif,data\processed\tiles_v22_enrichment\train\DE12_Bremen\images\DE12_off128_r002_c002_image.tif,data\processed\tiles_v22_enrichment\train\DE12_Bremen\semantic_masks\DE12_off128_r002_c002_semantic.tif,data\processed\tiles_v22_enrichment\train\DE12_Bremen\validity_masks\DE12_off128_r002_c002_validity.tif,True,accepted,0,
DE12_off128_r002_c003,DE12_off128_r002_c003,v2.2,v22_offset_enrichment,DE12,Bremen,train,640,896,256,128,256,256,0,0.0,45577,0.6954498291015625,19959,0,6047,4574,30434,823,3699,True,True,True,True,True,338,2,bare_land_moderate+road_rich+water_rich+building_rich+mixed_minority,15.398019107465649,True,,480676.4166748344,5887150.43553928,483236.4166748344,5889710.43553928,EPSG:32632,data\processed\sar\DE12_Bremen\DE12_Bremen_S1_VV_VH.tif,data\processed\masks\DE12_Bremen\DE12_label_mask.tif,data\processed\masks\DE12_Bremen\DE12_validity_mask.tif,data\processed\tiles_v22_enrichment\train\DE12_Bremen\images\DE12_off128_r002_c003_image.tif,data\processed\tiles_v22_enrichment\train\DE12_Bremen\semantic_masks\DE12_off128_r002_c003_semantic.tif,data\processed\tiles_v22_enrichment\train\DE12_Bremen\validity_masks\DE12_off128_r002_c003_validity.tif,True,accepted,0,
DE12_off128_r003_c002,DE12_off128_r003_c002,v2.2,v22_offset_enrichment,DE12,Bremen,train,896,640,256,128,256,256,0,0.0,41342,0.630828857421875,24194,0,2853,1809,22611,3480,10589,True,True,True,True,True,59,1,bare_land_rich+water_rich+mixed_minority,19.02546385330984,True,,478116.4166748344,5884590.43553928,480676.4166748344,5887150.43553928,EPSG:32632,data\processed\sar\DE12_Bremen\DE12_Bremen_S1_VV_VH.tif,data\processed\masks\DE12_Bremen\DE12_label_mask.tif,data\processed\masks\DE12_Bremen\DE12_validity_mask.tif,data\processed\tiles_v22_enrichment\train\DE12_Bremen\images\DE12_off128_r003_c002_image.tif,data\processed\tiles_v22_enrichment\train\DE12_Bremen\semantic_masks\DE12_off128_r003_c002_semantic.tif,data\processed\tiles_v22_enrichment\train\DE12_Bremen\validity_masks\DE12_off128_r003_c002_validity.tif,True,accepted,0,
DE12_off128_r003_c003,DE12_off128_r003_c003,v2.2,v22_offset_enrichment,DE12,Bremen,train,896,896,256,128,256,256,0,0.0,38640,0.589599609375,26896,0,8837,3755,6159,1078,18811,True,True,True,True,True,173,2,bare_land_moderate+road_rich+water_rich+building_rich+mixed_minority,20.082741431321168,True,,480676.4166748344,5884590.43553928,483236.4166748344,5887150.43553928,EPSG:32632,data\processed\sar\DE12_Bremen\DE12_Bremen_S1_VV_VH.tif,data\processed\masks\DE12_Bremen\DE12_label_mask.tif,data\processed\masks\DE12_Bremen\DE12_validity_mask.tif,data\processed\tiles_v22_enrichment\train\DE12_Bremen\images\DE12_off128_r003_c003_image.tif,data\processed\tiles_v22_enrichment\train\DE12_Bremen\semantic_masks\DE12_off128_r003_c003_semantic.tif,data\processed\tiles_v22_enrichment\train\DE12_Bremen\validity_masks\DE12_off128_r003_c003_validity.tif,True,accepted,0,
DE12_off128_r003_c005,DE12_off128_r003_c005,v2.2,v22_offset_enrichment,DE12,Bremen,train,896,1408,256,128,256,256,0,0.0,60229,0.9190216064453124,5307,0,1902,2407,48351,4261,3308,True,True,True,True,True,85,1,bare_land_rich+water_rich+mixed_minority,9.55306956174295,True,,485796.4166748344,5884590.43553928,488356.4166748344,5887150.43553928,EPSG:32632,data\processed\sar\DE12_Bremen\DE12_Bremen_S1_VV_VH.tif,data\processed\masks\DE12_Bremen\DE12_label_mask.tif,data\processed\masks\DE12_Bremen\DE12_validity_mask.tif,data\processed\tiles_v22_enrichment\train\DE12_Bremen\images\DE12_off128_r003_c005_image.tif,data\processed\tiles_v22_enrichment\train\DE12_Bremen\semantic_masks\DE12_off128_r003_c005_semantic.tif,data\processed\tiles_v22_enrichment\train\DE12_Bremen\validity_masks\DE12_off128_r003_c005_validity.tif,True,accepted,0,
DE12_off128_r004_c002,DE12_off128_r004_c002,v2.2,v22_offset_enrichment,DE12,Bremen,train,1152,640,256,128,256,256,0,0.0,54117,0.8257598876953125,11419,0,3799,1557,41305,5626,1830,True,True,True,True,True,74,1,bare_land_rich+mixed_minority,15.274435904473773,True,,478116.4166748344,5882030.43553928,480676.4166748344,5884590.43553928,EPSG:32632,data\processed\sar\DE12_Bremen\DE12_Bremen_S1_VV_VH.tif,data\processed\masks\DE12_Bremen\DE12_label_mask.tif,data\processed\masks\DE12_Bremen\DE12_validity_mask.tif,data\processed\tiles_v22_enrichment\train\DE12_Bremen\images\DE12_off128_r004_c002_image.tif,data\processed\tiles_v22_enrichment\train\DE12_Bremen\semantic_masks\DE12_off128_r004_c002_semantic.tif,data\processed\tiles_v22_enrichment\train\DE12_Bremen\validity_masks\DE12_off128_r004_c002_validity.tif,True,accepted,0,
DE12_off128_r004_c003,DE12_off128_r004_c003,v2.2,v22_offset_enrichment,DE12,Bremen,train,1152,896,256,128,256,256,0,0.0,44032,0.671875,21504,0,8673,2771,15171,4426,12991,True,True,True,True,True,20,1,bare_land_rich+road_rich+water_rich+building_rich+mixed_minority,23.443745457848834,True,,480676.4166748344,5882030.43553928,483236.4166748344,5884590.43553928,EPSG:32632,data\processed\sar\DE12_Bremen\DE12_Bremen_S1_VV_VH.tif,data\processed\masks\DE12_Bremen\DE12_label_mask.tif,data\processed\masks\DE12_Bremen\DE12_validity_mask.tif,data\processed\tiles_v22_enrichment\train\DE12_Bremen\images\DE12_off128_r004_c003_image.tif,data\processed\tiles_v22_enrichment\train\DE12_Bremen\semantic_masks\DE12_off128_r004_c003_semantic.tif,data\processed\tiles_v22_enrichment\train\DE12_Bremen\validity_masks\DE12_off128_r004_c003_validity.tif,True,accepted,0,
DE12_off128_r004_c004,DE12_off128_r004_c004,v2.2,v22_offset_enrichment,DE12,Bremen,train,1152,1152,256,128,256,256,0,0.0,39207,0.5982513427734375,26329,0,11922,6215,10551,521,9998,True,True,True,True,True,117,2,bare_land_moderate+road_rich+water_rich+building_rich+mixed_minority,23.16132681399032,True,,483236.4166748344,5882030.43553928,485796.4166748344,5884590.43553928,EPSG:32632,data\processed\sar\DE12_Bremen\DE12_Bremen_S1_VV_VH.tif,data\processed\masks\DE12_Bremen\DE12_label_mask.tif,data\processed\masks\DE12_Bremen\DE12_validity_mask.tif,data\processed\tiles_v22_enrichment\train\DE12_Bremen\images\DE12_off128_r004_c004_image.tif,data\processed\tiles_v22_enrichment\train\DE12_Bremen\semantic_masks\DE12_off128_r004_c004_semantic.tif,data\processed\tiles_v22_enrichment\train\DE12_Bremen\validity_masks\DE12_off128_r004_c004_validity.tif,True,accepted,0,
DE12_off128_r004_c005,DE12_off128_r004_c005,v2.2,v22_offset_enrichment,DE12,Bremen,train,1152,1408,256,128,256,256,0,0.0,41895,0.6392669677734375,23641,0,12663,6548,21799,53,832,True,True,True,True,True,469,3,road_rich+building_rich+mixed_minority,17.034839231766753,True,,485796.4166748344,5882030.43553928,488356.4166748344,5884590.43553928,EPSG:32632,data\processed\sar\DE12_Bremen\DE12_Bremen_S1_VV_VH.tif,data\processed\masks\DE12_Bremen\DE12_label_mask.tif,data\processed\masks\DE12_Bremen\DE12_validity_mask.tif,data\processed\tiles_v22_enrichment\train\DE12_Bremen\images\DE12_off128_r004_c005_image.tif,data\processed\tiles_v22_enrichment\train\DE12_Bremen\semantic_masks\DE12_off128_r004_c005_semantic.tif,data\processed\tiles_v22_enrichment\train\DE12_Bremen\validity_masks\DE12_off128_r004_c005_validity.tif,True,accepted,0,
DE12_off128_r004_c006,DE12_off128_r004_c006,v2.2,v22_offset_enrichment,DE12,Bremen,train,1152,1664,256,128,256,256,0,0.0,41905,0.6394195556640625,23631,0,8376,4840,25476,710,2503,True,True,True,True,True,319,2,bare_land_moderate+road_rich+water_rich+building_rich+mixed_minority,16.312250960031083,True,,488356.4166748344,5882030.43553928,490916.4166748344,5884590.43553928,EPSG:32632,data\processed\sar\DE12_Bremen\DE12_Bremen_S1_VV_VH.tif,data\processed\masks\DE12_Bremen\DE12_label_mask.tif,data\processed\masks\DE12_Bremen\DE12_validity_mask.tif,data\processed\tiles_v22_enrichment\train\DE12_Bremen\images\DE12_off128_r004_c006_image.tif,data\processed\tiles_v22_enrichment\train\DE12_Bremen\semantic_masks\DE12_off128_r004_c006_semantic.tif,data\processed\tiles_v22_enrichment\train\DE12_Bremen\validity_masks\DE12_off128_r004_c006_validity.tif,True,accepted,0,
DE12_off128_r004_c007,DE12_off128_r004_c007,v2.2,v22_offset_enrichment,DE12,Bremen,train,1152,1920,256,128,256,256,0,0.0,32377,0.4940338134765625,33159,0,9878,7246,14254,55,944,True,True,True,True,True,465,3,road_rich+building_rich+mixed_minority,17.296192753464826,True,,490916.4166748344,5882030.43553928,493476.4166748344,5884590.43553928,EPSG:32632,data\processed\sar\DE12_Bremen\DE12_Bremen_S1_VV_VH.tif,data\processed\masks\DE12_Bremen\DE12_label_mask.tif,data\processed\masks\DE12_Bremen\DE12_validity_mask.tif,data\processed\tiles_v22_enrichment\train\DE12_Bremen\images\DE12_off128_r004_c007_image.tif,data\processed\tiles_v22_enrichment\train\DE12_Bremen\semantic_masks\DE12_off128_r004_c007_semantic.tif,data\processed\tiles_v22_enrichment\train\DE12_Bremen\validity_masks\DE12_off128_r004_c007_validity.tif,True,accepted,0,
DE12_off128_r005_c004,DE12_off128_r005_c004,v2.2,v22_offset_enrichment,DE12,Bremen,train,1408,1152,256,128,256,256,0,0.0,42065,0.6418609619140625,23471,0,11144,6197,18623,1359,4742,True,True,True,True,True,127,2,bare_land_moderate+road_rich+water_rich+building_rich+mixed_minority,22.548671849825627,True,,483236.4166748344,5879470.43553928,485796.4166748344,5882030.43553928,EPSG:32632,data\processed\sar\DE12_Bremen\DE12_Bremen_S1_VV_VH.tif,data\processed\masks\DE12_Bremen\DE12_label_mask.tif,data\processed\masks\DE12_Bremen\DE12_validity_mask.tif,data\processed\tiles_v22_enrichment\train\DE12_Bremen\images\DE12_off128_r005_c004_image.tif,data\processed\tiles_v22_enrichment\train\DE12_Bremen\semantic_masks\DE12_off128_r005_c004_semantic.tif,data\processed\tiles_v22_enrichment\train\DE12_Bremen\validity_masks\DE12_off128_r005_c004_validity.tif,True,accepted,0,
DE12_off128_r005_c005,DE12_off128_r005_c005,v2.2,v22_offset_enrichment,DE12,Bremen,train,1408,1408,256,128,256,256,0,0.0,43401,0.6622467041015625,22135,0,17111,9101,10893,256,6040,True,True,True,True,True,440,3,road_rich+water_rich+building_rich+mixed_minority,22.20081724395088,True,,485796.4166748344,5879470.43553928,488356.4166748344,5882030.43553928,EPSG:32632,data\processed\sar\DE12_Bremen\DE12_Bremen_S1_VV_VH.tif,data\processed\masks\DE12_Bremen\DE12_label_mask.tif,data\processed\masks\DE12_Bremen\DE12_validity_mask.tif,data\processed\tiles_v22_enrichment\train\DE12_Bremen\images\DE12_off128_r005_c005_image.tif,data\processed\tiles_v22_enrichment\train\DE12_Bremen\semantic_masks\DE12_off128_r005_c005_semantic.tif,data\processed\tiles_v22_enrichment\train\DE12_Bremen\validity_masks\DE12_off128_r005_c005_validity.tif,True,accepted,0,
DE12_off128_r005_c006,DE12_off128_r005_c006,v2.2,v22_offset_enrichment,DE12,Bremen,train,1408,1664,256,128,256,256,0,0.0,32537,0.4964752197265625,32999,0,15584,8390,7552,98,913,True,True,True,True,True,462,3,road_rich+building_rich+mixed_minority,17.35984615128141,True,,488356.4166748344,5879470.43553928,490916.4166748344,5882030.43553928,EPSG:32632,data\processed\sar\DE12_Bremen\DE12_Bremen_S1_VV_VH.tif,data\processed\masks\DE12_Bremen\DE12_label_mask.tif,data\processed\masks\DE12_Bremen\DE12_validity_mask.tif,data\processed\tiles_v22_enrichment\train\DE12_Bremen\images\DE12_off128_r005_c006_image.tif,data\processed\tiles_v22_enrichment\train\DE12_Bremen\semantic_masks\DE12_off128_r005_c006_semantic.tif,data\processed\tiles_v22_enrichment\train\DE12_Bremen\validity_masks\DE12_off128_r005_c006_validity.tif,True,accepted,0,
DE12_off128_r005_c007,DE12_off128_r005_c007,v2.2,v22_offset_enrichment,DE12,Bremen,train,1408,1920,256,128,256,256,0,0.0,31985,0.4880523681640625,33551,0,9623,6101,14903,624,734,True,True,True,True,True,237,2,bare_land_moderate+road_rich+building_rich+mixed_minority,18.466714240916914,True,,490916.4166748344,5879470.43553928,493476.4166748344,5882030.43553928,EPSG:32632,data\processed\sar\DE12_Bremen\DE12_Bremen_S1_VV_VH.tif,data\processed\masks\DE12_Bremen\DE12_label_mask.tif,data\processed\masks\DE12_Bremen\DE12_validity_mask.tif,data\processed\tiles_v22_enrichment\train\DE12_Bremen\images\DE12_off128_r005_c007_image.tif,data\processed\tiles_v22_enrichment\train\DE12_Bremen\semantic_masks\DE12_off128_r005_c007_semantic.tif,data\processed\tiles_v22_enrichment\train\DE12_Bremen\validity_masks\DE12_off128_r005_c007_validity.tif,True,accepted,0,
DE12_off128_r005_c008,DE12_off128_r005_c008,v2.2,v22_offset_enrichment,DE12,Bremen,train,1408,2176,256,128,256,256,0,0.0,32734,0.499481201171875,32802,0,7541,5679,16228,931,2355,True,True,True,True,True,172,2,bare_land_moderate+road_rich+water_rich+building_rich+mixed_minority,20.10811442656443,True,,493476.4166748344,5879470.43553928,496036.4166748344,5882030.43553928,EPSG:32632,data\processed\sar\DE12_Bremen\DE12_Bremen_S1_VV_VH.tif,data\processed\masks\DE12_Bremen\DE12_label_mask.tif,data\processed\masks\DE12_Bremen\DE12_validity_mask.tif,data\processed\tiles_v22_enrichment\train\DE12_Bremen\images\DE12_off128_r005_c008_image.tif,data\processed\tiles_v22_enrichment\train\DE12_Bremen\semantic_masks\DE12_off128_r005_c008_semantic.tif,data\processed\tiles_v22_enrichment\train\DE12_Bremen\validity_masks\DE12_off128_r005_c008_validity.tif,True,accepted,0,
DE12_off128_r006_c000,DE12_off128_r006_c000,v2.2,v22_offset_enrichment,DE12,Bremen,train,1664,128,256,128,256,256,0,0.0,30318,0.462615966796875,35218,0,10730,5819,12671,525,573,True,True,True,True,True,254,2,bare_land_moderate+road_rich+building_rich+mixed_minority,18.1039181635117,True,,472996.4166748344,5876910.43553928,475556.4166748344,5879470.43553928,EPSG:32632,data\processed\sar\DE12_Bremen\DE12_Bremen_S1_VV_VH.tif,data\processed\masks\DE12_Bremen\DE12_label_mask.tif,data\processed\masks\DE12_Bremen\DE12_validity_mask.tif,data\processed\tiles_v22_enrichment\train\DE12_Bremen\images\DE12_off128_r006_c000_image.tif,data\processed\tiles_v22_enrichment\train\DE12_Bremen\semantic_masks\DE12_off128_r006_c000_semantic.tif,data\processed\tiles_v22_enrichment\train\DE12_Bremen\validity_masks\DE12_off128_r006_c000_validity.tif,True,accepted,0,
DE12_off128_r006_c001,DE12_off128_r006_c001,v2.2,v22_offset_enrichment,DE12,Bremen,train,1664,384,256,128,256,256,0,0.0,25628,0.39105224609375,39908,0,10485,6115,8236,548,244,True,True,True,True,True,265,2,bare_land_moderate+road_rich+building_rich+mixed_minority,17.98251470902492,True,,475556.4166748344,5876910.43553928,478116.4166748344,5879470.43553928,EPSG:32632,data\processed\sar\DE12_Bremen\DE12_Bremen_S1_VV_VH.tif,data\processed\masks\DE12_Bremen\DE12_label_mask.tif,data\processed\masks\DE12_Bremen\DE12_validity_mask.tif,data\processed\tiles_v22_enrichment\train\DE12_Bremen\images\DE12_off128_r006_c001_image.tif,data\processed\tiles_v22_enrichment\train\DE12_Bremen\semantic_masks\DE12_off128_r006_c001_semantic.tif,data\processed\tiles_v22_enrichment\train\DE12_Bremen\validity_masks\DE12_off128_r006_c001_validity.tif,True,accepted,0,
DE12_off128_r006_c003,DE12_off128_r006_c003,v2.2,v22_offset_enrichment,DE12,Bremen,train,1664,896,256,128,256,256,0,0.0,35823,0.5466156005859375,29713,0,8120,4879,20154,815,1855,True,True,True,True,True,263,2,bare_land_moderate+road_rich+water_rich+building_rich+mixed_minority,18.00986546798956,True,,480676.4166748344,5876910.43553928,483236.4166748344,5879470.43553928,EPSG:32632,data\processed\sar\DE12_Bremen\DE12_Bremen_S1_VV_VH.tif,data\processed\masks\DE12_Bremen\DE12_label_mask.tif,data\processed\masks\DE12_Bremen\DE12_validity_mask.tif,data\processed\tiles_v22_enrichment\train\DE12_Bremen\images\DE12_off128_r006_c003_image.tif,data\processed\tiles_v22_enrichment\train\DE12_Bremen\semantic_masks\DE12_off128_r006_c003_semantic.tif,data\processed\tiles_v22_enrichment\train\DE12_Bremen\validity_masks\DE12_off128_r006_c003_validity.tif,True,accepted,0,
DE12_off128_r006_c004,DE12_off128_r006_c004,v2.2,v22_offset_enrichment,DE12,Bremen,train,1664,1152,256,128,256,256,0,0.0,48187,0.7352752685546875,17349,0,6107,4441,33585,906,3148,True,True,True,True,True,352,2,bare_land_moderate+road_rich+water_rich+building_rich+mixed_minority,14.283306895341994,True,,483236.4166748344,5876910.43553928,485796.4166748344,5879470.43553928,EPSG:32632,data\processed\sar\DE12_Bremen\DE12_Bremen_S1_VV_VH.tif,data\processed\masks\DE12_Bremen\DE12_label_mask.tif,data\processed\masks\DE12_Bremen\DE12_validity_mask.tif,data\processed\tiles_v22_enrichment\train\DE12_Bremen\images\DE12_off128_r006_c004_image.tif,data\processed\tiles_v22_enrichment\train\DE12_Bremen\semantic_masks\DE12_off128_r006_c004_semantic.tif,data\processed\tiles_v22_enrichment\train\DE12_Bremen\validity_masks\DE12_off128_r006_c004_validity.tif,True,accepted,0,
DE12_off128_r006_c005,DE12_off128_r006_c005,v2.2,v22_offset_enrichment,DE12,Bremen,train,1664,1408,256,128,256,256,0,0.0,42152,0.6431884765625,23384,0,9848,5463,23482,1852,1507,True,True,True,True,True,222,2,bare_land_moderate+road_rich+building_rich+mixed_minority,18.86875309983068,True,,485796.4166748344,5876910.43553928,488356.4166748344,5879470.43553928,EPSG:32632,data\processed\sar\DE12_Bremen\DE12_Bremen_S1_VV_VH.tif,data\processed\masks\DE12_Bremen\DE12_label_mask.tif,data\processed\masks\DE12_Bremen\DE12_validity_mask.tif,data\processed\tiles_v22_enrichment\train\DE12_Bremen\images\DE12_off128_r006_c005_image.tif,data\processed\tiles_v22_enrichment\train\DE12_Bremen\semantic_masks\DE12_off128_r006_c005_semantic.tif,data\processed\tiles_v22_enrichment\train\DE12_Bremen\validity_masks\DE12_off128_r006_c005_validity.tif,True,accepted,0,
DE12_off128_r006_c006,DE12_off128_r006_c006,v2.2,v22_offset_enrichment,DE12,Bremen,train,1664,1664,256,128,256,256,0,0.0,44226,0.674835205078125,21310,0,7306,4283,22980,614,9043,True,True,True,True,True,255,2,bare_land_moderate+road_rich+water_rich+building_rich+mixed_minority,18.07405738207808,True,,488356.4166748344,5876910.43553928,490916.4166748344,5879470.43553928,EPSG:32632,data\processed\sar\DE12_Bremen\DE12_Bremen_S1_VV_VH.tif,data\processed\masks\DE12_Bremen\DE12_label_mask.tif,data\processed\masks\DE12_Bremen\DE12_validity_mask.tif,data\processed\tiles_v22_enrichment\train\DE12_Bremen\images\DE12_off128_r006_c006_image.tif,data\processed\tiles_v22_enrichment\train\DE12_Bremen\semantic_masks\DE12_off128_r006_c006_semantic.tif,data\processed\tiles_v22_enrichment\train\DE12_Bremen\validity_masks\DE12_off128_r006_c006_validity.tif,True,accepted,0,
DE12_off128_r006_c007,DE12_off128_r006_c007,v2.2,v22_offset_enrichment,DE12,Bremen,train,1664,1920,256,128,256,256,0,0.0,37934,0.578826904296875,27602,0,11207,6031,11915,469,8312,True,True,True,True,True,121,2,bare_land_moderate+road_rich+water_rich+building_rich+mixed_minority,22.99942583928923,True,,490916.4166748344,5876910.43553928,493476.4166748344,5879470.43553928,EPSG:32632,data\processed\sar\DE12_Bremen\DE12_Bremen_S1_VV_VH.tif,data\processed\masks\DE12_Bremen\DE12_label_mask.tif,data\processed\masks\DE12_Bremen\DE12_validity_mask.tif,data\processed\tiles_v22_enrichment\train\DE12_Bremen\images\DE12_off128_r006_c007_image.tif,data\processed\tiles_v22_enrichment\train\DE12_Bremen\semantic_masks\DE12_off128_r006_c007_semantic.tif,data\processed\tiles_v22_enrichment\train\DE12_Bremen\validity_masks\DE12_off128_r006_c007_validity.tif,True,accepted,0,
DE12_off128_r006_c009,DE12_off128_r006_c009,v2.2,v22_offset_enrichment,DE12,Bremen,train,1664,2432,256,128,256,256,0,0.0,38449,0.5866851806640625,27087,0,9825,5429,21605,692,898,True,True,True,True,True,290,2,bare_land_moderate+road_rich+building_rich+mixed_minority,17.26574055271535,True,,496036.4166748344,5876910.43553928,498596.4166748344,5879470.43553928,EPSG:32632,data\processed\sar\DE12_Bremen\DE12_Bremen_S1_VV_VH.tif,data\processed\masks\DE12_Bremen\DE12_label_mask.tif,data\processed\masks\DE12_Bremen\DE12_validity_mask.tif,data\processed\tiles_v22_enrichment\train\DE12_Bremen\images\DE12_off128_r006_c009_image.tif,data\processed\tiles_v22_enrichment\train\DE12_Bremen\semantic_masks\DE12_off128_r006_c009_semantic.tif,data\processed\tiles_v22_enrichment\train\DE12_Bremen\validity_masks\DE12_off128_r006_c009_validity.tif,True,accepted,0,
DE12_off128_r007_c000,DE12_off128_r007_c000,v2.2,v22_offset_enrichment,DE12,Bremen,train,1920,128,256,128,256,256,0,0.0,42642,0.650665283203125,22894,0,5342,3716,27029,163,6392,True,True,True,True,True,493,3,road_rich+water_rich+building_rich+mixed_minority,16.06021455387523,True,,472996.4166748344,5874350.43553928,475556.4166748344,5876910.43553928,EPSG:32632,data\processed\sar\DE12_Bremen\DE12_Bremen_S1_VV_VH.tif,data\processed\masks\DE12_Bremen\DE12_label_mask.tif,data\processed\masks\DE12_Bremen\DE12_validity_mask.tif,data\processed\tiles_v22_enrichment\train\DE12_Bremen\images\DE12_off128_r007_c000_image.tif,data\processed\tiles_v22_enrichment\train\DE12_Bremen\semantic_masks\DE12_off128_r007_c000_semantic.tif,data\processed\tiles_v22_enrichment\train\DE12_Bremen\validity_masks\DE12_off128_r007_c000_validity.tif,True,accepted,0,
DE12_off128_r007_c001,DE12_off128_r007_c001,v2.2,v22_offset_enrichment,DE12,Bremen,train,1920,384,256,128,256,256,0,0.0,30005,0.4578399658203125,35531,0,9298,5715,14102,125,765,True,True,True,True,True,463,3,road_rich+building_rich+mixed_minority,17.310947781184417,True,,475556.4166748344,5874350.43553928,478116.4166748344,5876910.43553928,EPSG:32632,data\processed\sar\DE12_Bremen\DE12_Bremen_S1_VV_VH.tif,data\processed\masks\DE12_Bremen\DE12_label_mask.tif,data\processed\masks\DE12_Bremen\DE12_validity_mask.tif,data\processed\tiles_v22_enrichment\train\DE12_Bremen\images\DE12_off128_r007_c001_image.tif,data\processed\tiles_v22_enrichment\train\DE12_Bremen\semantic_masks\DE12_off128_r007_c001_semantic.tif,data\processed\tiles_v22_enrichment\train\DE12_Bremen\validity_masks\DE12_off128_r007_c001_validity.tif,True,accepted,0,
DE12_off128_r007_c008,DE12_off128_r007_c008,v2.2,v22_offset_enrichment,DE12,Bremen,train,1920,2176,256,128,256,256,0,0.0,44137,0.6734771728515625,21399,0,3767,2526,26163,7381,4300,True,True,True,True,True,24,1,bare_land_rich+road_rich+water_rich+mixed_minority,23.28450646800076,True,,493476.4166748344,5874350.43553928,496036.4166748344,5876910.43553928,EPSG:32632,data\processed\sar\DE12_Bremen\DE12_Bremen_S1_VV_VH.tif,data\processed\masks\DE12_Bremen\DE12_label_mask.tif,data\processed\masks\DE12_Bremen\DE12_validity_mask.tif,data\processed\tiles_v22_enrichment\train\DE12_Bremen\images\DE12_off128_r007_c008_image.tif,data\processed\tiles_v22_enrichment\train\DE12_Bremen\semantic_masks\DE12_off128_r007_c008_semantic.tif,data\processed\tiles_v22_enrichment\train\DE12_Bremen\validity_masks\DE12_off128_r007_c008_validity.tif,True,accepted,0,
DE12_off128_r007_c009,DE12_off128_r007_c009,v2.2,v22_offset_enrichment,DE12,Bremen,train,1920,2432,256,128,256,256,0,0.0,39912,0.6090087890625,25624,0,6130,4242,27701,698,1141,True,True,True,True,True,364,2,bare_land_moderate+road_rich+building_rich+mixed_minority,13.832450360519704,True,,496036.4166748344,5874350.43553928,498596.4166748344,5876910.43553928,EPSG:32632,data\processed\sar\DE12_Bremen\DE12_Bremen_S1_VV_VH.tif,data\processed\masks\DE12_Bremen\DE12_label_mask.tif,data\processed\masks\DE12_Bremen\DE12_validity_mask.tif,data\processed\tiles_v22_enrichment\train\DE12_Bremen\images\DE12_off128_r007_c009_image.tif,data\processed\tiles_v22_enrichment\train\DE12_Bremen\semantic_masks\DE12_off128_r007_c009_semantic.tif,data\processed\tiles_v22_enrichment\train\DE12_Bremen\validity_masks\DE12_off128_r007_c009_validity.tif,True,accepted,0,
DE12_off128_r010_c001,DE12_off128_r010_c001,v2.2,v22_offset_enrichment,DE12,Bremen,train,2688,384,256,128,256,256,0,0.0,61326,0.935760498046875,4210,0,180,735,57140,3264,7,True,True,True,True,True,101,1,bare_land_rich,2.384544554043783,True,,475556.4166748344,5866670.43553928,478116.4166748344,5869230.43553928,EPSG:32632,data\processed\sar\DE12_Bremen\DE12_Bremen_S1_VV_VH.tif,data\processed\masks\DE12_Bremen\DE12_label_mask.tif,data\processed\masks\DE12_Bremen\DE12_validity_mask.tif,data\processed\tiles_v22_enrichment\train\DE12_Bremen\images\DE12_off128_r010_c001_image.tif,data\processed\tiles_v22_enrichment\train\DE12_Bremen\semantic_masks\DE12_off128_r010_c001_semantic.tif,data\processed\tiles_v22_enrichment\train\DE12_Bremen\validity_masks\DE12_off128_r010_c001_validity.tif,True,accepted,0,
DE13_off128_r002_c001,DE13_off128_r002_c001,v2.2,v22_offset_enrichment,DE13,Hanover,train,640,384,256,128,256,256,0,0.0,42908,0.65472412109375,22628,0,6228,3931,27991,3286,1472,True,True,True,True,True,67,1,bare_land_rich+road_rich+building_rich+mixed_minority,17.82765224638507,True,,538669.8579044101,5809140.337683735,541229.8579044101,5811700.337683735,EPSG:32632,data\processed\sar\DE13_Hanover\DE13_Hanover_S1_VV_VH.tif,data\processed\masks\DE13_Hanover\DE13_label_mask.tif,data\processed\masks\DE13_Hanover\DE13_validity_mask.tif,data\processed\tiles_v22_enrichment\train\DE13_Hanover\images\DE13_off128_r002_c001_image.tif,data\processed\tiles_v22_enrichment\train\DE13_Hanover\semantic_masks\DE13_off128_r002_c001_semantic.tif,data\processed\tiles_v22_enrichment\train\DE13_Hanover\validity_masks\DE13_off128_r002_c001_validity.tif,True,accepted,0,
DE13_off128_r002_c002,DE13_off128_r002_c002,v2.2,v22_offset_enrichment,DE13,Hanover,train,640,640,256,128,256,256,0,0.0,43257,0.6600494384765625,22279,0,6263,3866,32056,766,306,True,True,True,True,True,397,2,bare_land_moderate+road_rich+building_rich+mixed_minority,11.893815071784465,True,,541229.8579044101,5809140.337683735,543789.8579044101,5811700.337683735,EPSG:32632,data\processed\sar\DE13_Hanover\DE13_Hanover_S1_VV_VH.tif,data\processed\masks\DE13_Hanover\DE13_label_mask.tif,data\processed\masks\DE13_Hanover\DE13_validity_mask.tif,data\processed\tiles_v22_enrichment\train\DE13_Hanover\images\DE13_off128_r002_c002_image.tif,data\processed\tiles_v22_enrichment\train\DE13_Hanover\semantic_masks\DE13_off128_r002_c002_semantic.tif,data\processed\tiles_v22_enrichment\train\DE13_Hanover\validity_masks\DE13_off128_r002_c002_validity.tif,True,accepted,0,
DE13_off128_r002_c004,DE13_off128_r002_c004,v2.2,v22_offset_enrichment,DE13,Hanover,train,640,1152,256,128,256,256,0,0.0,37450,0.571441650390625,28086,0,10983,5916,20057,163,331,True,True,True,True,True,477,3,road_rich+building_rich+mixed_minority,16.672242718481414,True,,546349.8579044101,5809140.337683735,548909.8579044101,5811700.337683735,EPSG:32632,data\processed\sar\DE13_Hanover\DE13_Hanover_S1_VV_VH.tif,data\processed\masks\DE13_Hanover\DE13_label_mask.tif,data\processed\masks\DE13_Hanover\DE13_validity_mask.tif,data\processed\tiles_v22_enrichment\train\DE13_Hanover\images\DE13_off128_r002_c004_image.tif,data\processed\tiles_v22_enrichment\train\DE13_Hanover\semantic_masks\DE13_off128_r002_c004_semantic.tif,data\processed\tiles_v22_enrichment\train\DE13_Hanover\validity_masks\DE13_off128_r002_c004_validity.tif,True,accepted,0,
DE13_off128_r002_c005,DE13_off128_r002_c005,v2.2,v22_offset_enrichment,DE13,Hanover,train,640,1408,256,128,256,256,0,0.0,29107,0.4441375732421875,36429,0,12440,7509,8749,138,271,True,True,True,True,True,476,3,road_rich+building_rich+mixed_minority,16.695846784084942,True,,548909.8579044101,5809140.337683735,551469.8579044101,5811700.337683735,EPSG:32632,data\processed\sar\DE13_Hanover\DE13_Hanover_S1_VV_VH.tif,data\processed\masks\DE13_Hanover\DE13_label_mask.tif,data\processed\masks\DE13_Hanover\DE13_validity_mask.tif,data\processed\tiles_v22_enrichment\train\DE13_Hanover\images\DE13_off128_r002_c005_image.tif,data\processed\tiles_v22_enrichment\train\DE13_Hanover\semantic_masks\DE13_off128_r002_c005_semantic.tif,data\processed\tiles_v22_enrichment\train\DE13_Hanover\validity_masks\DE13_off128_r002_c005_validity.tif,True,accepted,0,
DE13_off128_r002_c008,DE13_off128_r002_c008,v2.2,v22_offset_enrichment,DE13,Hanover,train,640,2176,256,128,256,256,0,0.0,36299,0.5538787841796875,29237,0,3965,2966,28085,694,589,True,True,True,True,True,408,2,bare_land_moderate+road_rich+building_rich+mixed_minority,11.273540482849072,True,,556589.8579044101,5809140.337683735,559149.8579044101,5811700.337683735,EPSG:32632,data\processed\sar\DE13_Hanover\DE13_Hanover_S1_VV_VH.tif,data\processed\masks\DE13_Hanover\DE13_label_mask.tif,data\processed\masks\DE13_Hanover\DE13_validity_mask.tif,data\processed\tiles_v22_enrichment\train\DE13_Hanover\images\DE13_off128_r002_c008_image.tif,data\processed\tiles_v22_enrichment\train\DE13_Hanover\semantic_masks\DE13_off128_r002_c008_semantic.tif,data\processed\tiles_v22_enrichment\train\DE13_Hanover\validity_masks\DE13_off128_r002_c008_validity.tif,True,accepted,0,
DE13_off128_r003_c001,DE13_off128_r003_c001,v2.2,v22_offset_enrichment,DE13,Hanover,train,896,384,256,128,256,256,0,0.0,38892,0.59344482421875,26644,0,9480,5812,21724,221,1655,True,True,True,True,True,461,3,road_rich+building_rich+mixed_minority,17.37283390166398,True,,538669.8579044101,5806580.337683735,541229.8579044101,5809140.337683735,EPSG:32632,data\processed\sar\DE13_Hanover\DE13_Hanover_S1_VV_VH.tif,data\processed\masks\DE13_Hanover\DE13_label_mask.tif,data\processed\masks\DE13_Hanover\DE13_validity_mask.tif,data\processed\tiles_v22_enrichment\train\DE13_Hanover\images\DE13_off128_r003_c001_image.tif,data\processed\tiles_v22_enrichment\train\DE13_Hanover\semantic_masks\DE13_off128_r003_c001_semantic.tif,data\processed\tiles_v22_enrichment\train\DE13_Hanover\validity_masks\DE13_off128_r003_c001_validity.tif,True,accepted,0,
DE13_off128_r003_c002,DE13_off128_r003_c002,v2.2,v22_offset_enrichment,DE13,Hanover,train,896,640,256,128,256,256,0,0.0,39026,0.595489501953125,26510,0,7890,5456,22933,538,2209,True,True,True,True,True,284,2,bare_land_moderate+road_rich+water_rich+building_rich+mixed_minority,17.383323253810858,True,,541229.8579044101,5806580.337683735,543789.8579044101,5809140.337683735,EPSG:32632,data\processed\sar\DE13_Hanover\DE13_Hanover_S1_VV_VH.tif,data\processed\masks\DE13_Hanover\DE13_label_mask.tif,data\processed\masks\DE13_Hanover\DE13_validity_mask.tif,data\processed\tiles_v22_enrichment\train\DE13_Hanover\images\DE13_off128_r003_c002_image.tif,data\processed\tiles_v22_enrichment\train\DE13_Hanover\semantic_masks\DE13_off128_r003_c002_semantic.tif,data\processed\tiles_v22_enrichment\train\DE13_Hanover\validity_masks\DE13_off128_r003_c002_validity.tif,True,accepted,0,
DE13_off128_r003_c003,DE13_off128_r003_c003,v2.2,v22_offset_enrichment,DE13,Hanover,train,896,896,256,128,256,256,0,0.0,42542,0.649139404296875,22994,0,13705,5192,21126,211,2308,True,True,True,True,True,468,3,road_rich+water_rich+building_rich+mixed_minority,17.038660348305147,True,,543789.8579044101,5806580.337683735,546349.8579044101,5809140.337683735,EPSG:32632,data\processed\sar\DE13_Hanover\DE13_Hanover_S1_VV_VH.tif,data\processed\masks\DE13_Hanover\DE13_label_mask.tif,data\processed\masks\DE13_Hanover\DE13_validity_mask.tif,data\processed\tiles_v22_enrichment\train\DE13_Hanover\images\DE13_off128_r003_c003_image.tif,data\processed\tiles_v22_enrichment\train\DE13_Hanover\semantic_masks\DE13_off128_r003_c003_semantic.tif,data\processed\tiles_v22_enrichment\train\DE13_Hanover\validity_masks\DE13_off128_r003_c003_validity.tif,True,accepted,0,
DE13_off128_r003_c004,DE13_off128_r003_c004,v2.2,v22_offset_enrichment,DE13,Hanover,train,896,1152,256,128,256,256,0,0.0,39336,0.6002197265625,26200,0,10480,5991,20944,329,1592,True,True,True,True,True,455,3,road_rich+building_rich+mixed_minority,17.884539433701,True,,546349.8579044101,5806580.337683735,548909.8579044101,5809140.337683735,EPSG:32632,data\processed\sar\DE13_Hanover\DE13_Hanover_S1_VV_VH.tif,data\processed\masks\DE13_Hanover\DE13_label_mask.tif,data\processed\masks\DE13_Hanover\DE13_validity_mask.tif,data\processed\tiles_v22_enrichment\train\DE13_Hanover\images\DE13_off128_r003_c004_image.tif,data\processed\tiles_v22_enrichment\train\DE13_Hanover\semantic_masks\DE13_off128_r003_c004_semantic.tif,data\processed\tiles_v22_enrichment\train\DE13_Hanover\validity_masks\DE13_off128_r003_c004_validity.tif,True,accepted,0,
DE13_off128_r003_c005,DE13_off128_r003_c005,v2.2,v22_offset_enrichment,DE13,Hanover,train,896,1408,256,128,256,256,0,0.0,36348,0.55462646484375,29188,0,11361,7409,15081,1431,1066,True,True,True,True,True,164,2,bare_land_moderate+road_rich+building_rich+mixed_minority,20.377285208103352,True,,548909.8579044101,5806580.337683735,551469.8579044101,5809140.337683735,EPSG:32632,data\processed\sar\DE13_Hanover\DE13_Hanover_S1_VV_VH.tif,data\processed\masks\DE13_Hanover\DE13_label_mask.tif,data\processed\masks\DE13_Hanover\DE13_validity_mask.tif,data\processed\tiles_v22_enrichment\train\DE13_Hanover\images\DE13_off128_r003_c005_image.tif,data\processed\tiles_v22_enrichment\train\DE13_Hanover\semantic_masks\DE13_off128_r003_c005_semantic.tif,data\processed\tiles_v22_enrichment\train\DE13_Hanover\validity_masks\DE13_off128_r003_c005_validity.tif,True,accepted,0,
DE13_off128_r003_c006,DE13_off128_r003_c006,v2.2,v22_offset_enrichment,DE13,Hanover,train,896,1664,256,128,256,256,0,0.0,33587,0.5124969482421875,31949,0,7780,5060,16839,3116,792,True,True,True,True,True,22,1,bare_land_rich+road_rich+building_rich+mixed_minority,23.35219683212584,True,,551469.8579044101,5806580.337683735,554029.8579044101,5809140.337683735,EPSG:32632,data\processed\sar\DE13_Hanover\DE13_Hanover_S1_VV_VH.tif,data\processed\masks\DE13_Hanover\DE13_label_mask.tif,data\processed\masks\DE13_Hanover\DE13_validity_mask.tif,data\processed\tiles_v22_enrichment\train\DE13_Hanover\images\DE13_off128_r003_c006_image.tif,data\processed\tiles_v22_enrichment\train\DE13_Hanover\semantic_masks\DE13_off128_r003_c006_semantic.tif,data\processed\tiles_v22_enrichment\train\DE13_Hanover\validity_masks\DE13_off128_r003_c006_validity.tif,True,accepted,0,
DE13_off128_r003_c007,DE13_off128_r003_c007,v2.2,v22_offset_enrichment,DE13,Hanover,train,896,1920,256,128,256,256,0,0.0,30255,0.4616546630859375,35281,0,9258,5911,14103,434,549,True,True,True,True,True,270,2,bare_land_moderate+road_rich+building_rich+mixed_minority,17.83506401691175,True,,554029.8579044101,5806580.337683735,556589.8579044101,5809140.337683735,EPSG:32632,data\processed\sar\DE13_Hanover\DE13_Hanover_S1_VV_VH.tif,data\processed\masks\DE13_Hanover\DE13_label_mask.tif,data\processed\masks\DE13_Hanover\DE13_validity_mask.tif,data\processed\tiles_v22_enrichment\train\DE13_Hanover\images\DE13_off128_r003_c007_image.tif,data\processed\tiles_v22_enrichment\train\DE13_Hanover\semantic_masks\DE13_off128_r003_c007_semantic.tif,data\processed\tiles_v22_enrichment\train\DE13_Hanover\validity_masks\DE13_off128_r003_c007_validity.tif,True,accepted,0,
DE13_off128_r004_c003,DE13_off128_r004_c003,v2.2,v22_offset_enrichment,DE13,Hanover,train,1152,896,256,128,256,256,0,0.0,40553,0.6187896728515625,24983,0,5077,3708,26969,1081,3718,True,True,True,True,True,331,2,bare_land_moderate+road_rich+water_rich+building_rich+mixed_minority,15.782673972410164,True,,543789.8579044101,5804020.337683735,546349.8579044101,5806580.337683735,EPSG:32632,data\processed\sar\DE13_Hanover\DE13_Hanover_S1_VV_VH.tif,data\processed\masks\DE13_Hanover\DE13_label_mask.tif,data\processed\masks\DE13_Hanover\DE13_validity_mask.tif,data\processed\tiles_v22_enrichment\train\DE13_Hanover\images\DE13_off128_r004_c003_image.tif,data\processed\tiles_v22_enrichment\train\DE13_Hanover\semantic_masks\DE13_off128_r004_c003_semantic.tif,data\processed\tiles_v22_enrichment\train\DE13_Hanover\validity_masks\DE13_off128_r004_c003_validity.tif,True,accepted,0,
DE13_off128_r004_c004,DE13_off128_r004_c004,v2.2,v22_offset_enrichment,DE13,Hanover,train,1152,1152,256,128,256,256,0,0.0,40055,0.6111907958984375,25481,0,8857,6459,22647,709,1383,True,True,True,True,True,274,2,bare_land_moderate+road_rich+building_rich+mixed_minority,17.725159089494742,True,,546349.8579044101,5804020.337683735,548909.8579044101,5806580.337683735,EPSG:32632,data\processed\sar\DE13_Hanover\DE13_Hanover_S1_VV_VH.tif,data\processed\masks\DE13_Hanover\DE13_label_mask.tif,data\processed\masks\DE13_Hanover\DE13_validity_mask.tif,data\processed\tiles_v22_enrichment\train\DE13_Hanover\images\DE13_off128_r004_c004_image.tif,data\processed\tiles_v22_enrichment\train\DE13_Hanover\semantic_masks\DE13_off128_r004_c004_semantic.tif,data\processed\tiles_v22_enrichment\train\DE13_Hanover\validity_masks\DE13_off128_r004_c004_validity.tif,True,accepted,0,
DE13_off128_r004_c005,DE13_off128_r004_c005,v2.2,v22_offset_enrichment,DE13,Hanover,train,1152,1408,256,128,256,256,0,0.0,43166,0.658660888671875,22370,0,17097,8890,15754,874,551,True,True,True,True,True,246,2,bare_land_moderate+road_rich+building_rich+mixed_minority,18.28904128064704,True,,548909.8579044101,5804020.337683735,551469.8579044101,5806580.337683735,EPSG:32632,data\processed\sar\DE13_Hanover\DE13_Hanover_S1_VV_VH.tif,data\processed\masks\DE13_Hanover\DE13_label_mask.tif,data\processed\masks\DE13_Hanover\DE13_validity_mask.tif,data\processed\tiles_v22_enrichment\train\DE13_Hanover\images\DE13_off128_r004_c005_image.tif,data\processed\tiles_v22_enrichment\train\DE13_Hanover\semantic_masks\DE13_off128_r004_c005_semantic.tif,data\processed\tiles_v22_enrichment\train\DE13_Hanover\validity_masks\DE13_off128_r004_c005_validity.tif,True,accepted,0,
DE13_off128_r004_c006,DE13_off128_r004_c006,v2.2,v22_offset_enrichment,DE13,Hanover,train,1152,1664,256,128,256,256,0,0.0,49058,0.748565673828125,16478,0,6882,4979,35280,718,1199,True,True,True,True,True,377,2,bare_land_moderate+road_rich+building_rich+mixed_minority,13.090813625232585,True,,551469.8579044101,5804020.337683735,554029.8579044101,5806580.337683735,EPSG:32632,data\processed\sar\DE13_Hanover\DE13_Hanover_S1_VV_VH.tif,data\processed\masks\DE13_Hanover\DE13_label_mask.tif,data\processed\masks\DE13_Hanover\DE13_validity_mask.tif,data\processed\tiles_v22_enrichment\train\DE13_Hanover\images\DE13_off128_r004_c006_image.tif,data\processed\tiles_v22_enrichment\train\DE13_Hanover\semantic_masks\DE13_off128_r004_c006_semantic.tif,data\processed\tiles_v22_enrichment\train\DE13_Hanover\validity_masks\DE13_off128_r004_c006_validity.tif,True,accepted,0,
DE13_off128_r004_c007,DE13_off128_r004_c007,v2.2,v22_offset_enrichment,DE13,Hanover,train,1152,1920,256,128,256,256,0,0.0,34035,0.5193328857421875,31501,0,11493,7264,12115,1444,1719,True,True,True,True,True,145,2,bare_land_moderate+road_rich+water_rich+building_rich+mixed_minority,21.43375921158324,True,,554029.8579044101,5804020.337683735,556589.8579044101,5806580.337683735,EPSG:32632,data\processed\sar\DE13_Hanover\DE13_Hanover_S1_VV_VH.tif,data\processed\masks\DE13_Hanover\DE13_label_mask.tif,data\processed\masks\DE13_Hanover\DE13_validity_mask.tif,data\processed\tiles_v22_enrichment\train\DE13_Hanover\images\DE13_off128_r004_c007_image.tif,data\processed\tiles_v22_enrichment\train\DE13_Hanover\semantic_masks\DE13_off128_r004_c007_semantic.tif,data\processed\tiles_v22_enrichment\train\DE13_Hanover\validity_masks\DE13_off128_r004_c007_validity.tif,True,accepted,0,
DE13_off128_r004_c008,DE13_off128_r004_c008,v2.2,v22_offset_enrichment,DE13,Hanover,train,1152,2176,256,128,256,256,0,0.0,46840,0.7147216796875,18696,0,6578,4758,27633,6257,1614,True,True,True,True,True,28,1,bare_land_rich+road_rich+building_rich+mixed_minority,22.98094712802225,True,,556589.8579044101,5804020.337683735,559149.8579044101,5806580.337683735,EPSG:32632,data\processed\sar\DE13_Hanover\DE13_Hanover_S1_VV_VH.tif,data\processed\masks\DE13_Hanover\DE13_label_mask.tif,data\processed\masks\DE13_Hanover\DE13_validity_mask.tif,data\processed\tiles_v22_enrichment\train\DE13_Hanover\images\DE13_off128_r004_c008_image.tif,data\processed\tiles_v22_enrichment\train\DE13_Hanover\semantic_masks\DE13_off128_r004_c008_semantic.tif,data\processed\tiles_v22_enrichment\train\DE13_Hanover\validity_masks\DE13_off128_r004_c008_validity.tif,True,accepted,0,
DE13_off128_r004_c009,DE13_off128_r004_c009,v2.2,v22_offset_enrichment,DE13,Hanover,train,1152,2432,256,128,256,256,0,0.0,61751,0.9422454833984376,3785,0,21,1655,53569,5498,1008,True,True,True,True,True,88,1,bare_land_rich,7.23181358345186,True,,559149.8579044101,5804020.337683735,561709.8579044101,5806580.337683735,EPSG:32632,data\processed\sar\DE13_Hanover\DE13_Hanover_S1_VV_VH.tif,data\processed\masks\DE13_Hanover\DE13_label_mask.tif,data\processed\masks\DE13_Hanover\DE13_validity_mask.tif,data\processed\tiles_v22_enrichment\train\DE13_Hanover\images\DE13_off128_r004_c009_image.tif,data\processed\tiles_v22_enrichment\train\DE13_Hanover\semantic_masks\DE13_off128_r004_c009_semantic.tif,data\processed\tiles_v22_enrichment\train\DE13_Hanover\validity_masks\DE13_off128_r004_c009_validity.tif,True,accepted,0,
DE13_off128_r005_c003,DE13_off128_r005_c003,v2.2,v22_offset_enrichment,DE13,Hanover,train,1408,896,256,128,256,256,0,0.0,39478,0.602386474609375,26058,0,7413,5100,25241,1329,395,True,True,True,True,True,321,2,bare_land_moderate+road_rich+building_rich+mixed_minority,16.263539521876204,True,,543789.8579044101,5801460.337683735,546349.8579044101,5804020.337683735,EPSG:32632,data\processed\sar\DE13_Hanover\DE13_Hanover_S1_VV_VH.tif,data\processed\masks\DE13_Hanover\DE13_label_mask.tif,data\processed\masks\DE13_Hanover\DE13_validity_mask.tif,data\processed\tiles_v22_enrichment\train\DE13_Hanover\images\DE13_off128_r005_c003_image.tif,data\processed\tiles_v22_enrichment\train\DE13_Hanover\semantic_masks\DE13_off128_r005_c003_semantic.tif,data\processed\tiles_v22_enrichment\train\DE13_Hanover\validity_masks\DE13_off128_r005_c003_validity.tif,True,accepted,0,
DE13_off128_r005_c004,DE13_off128_r005_c004,v2.2,v22_offset_enrichment,DE13,Hanover,train,1408,1152,256,128,256,256,0,0.0,40169,0.6129302978515625,25367,0,12331,6694,16465,1298,3381,True,True,True,True,True,131,2,bare_land_moderate+road_rich+water_rich+building_rich+mixed_minority,22.06478371715501,True,,546349.8579044101,5801460.337683735,548909.8579044101,5804020.337683735,EPSG:32632,data\processed\sar\DE13_Hanover\DE13_Hanover_S1_VV_VH.tif,data\processed\masks\DE13_Hanover\DE13_label_mask.tif,data\processed\masks\DE13_Hanover\DE13_validity_mask.tif,data\processed\tiles_v22_enrichment\train\DE13_Hanover\images\DE13_off128_r005_c004_image.tif,data\processed\tiles_v22_enrichment\train\DE13_Hanover\semantic_masks\DE13_off128_r005_c004_semantic.tif,data\processed\tiles_v22_enrichment\train\DE13_Hanover\validity_masks\DE13_off128_r005_c004_validity.tif,True,accepted,0,
DE13_off128_r005_c005,DE13_off128_r005_c005,v2.2,v22_offset_enrichment,DE13,Hanover,train,1408,1408,256,128,256,256,0,0.0,39427,0.6016082763671875,26109,0,19455,9823,7592,1010,1547,True,True,True,True,True,188,2,bare_land_moderate+road_rich+building_rich+mixed_minority,19.720448157666805,True,,548909.8579044101,5801460.337683735,551469.8579044101,5804020.337683735,EPSG:32632,data\processed\sar\DE13_Hanover\DE13_Hanover_S1_VV_VH.tif,data\processed\masks\DE13_Hanover\DE13_label_mask.tif,data\processed\masks\DE13_Hanover\DE13_validity_mask.tif,data\processed\tiles_v22_enrichment\train\DE13_Hanover\images\DE13_off128_r005_c005_image.tif,data\processed\tiles_v22_enrichment\train\DE13_Hanover\semantic_masks\DE13_off128_r005_c005_semantic.tif,data\processed\tiles_v22_enrichment\train\DE13_Hanover\validity_masks\DE13_off128_r005_c005_validity.tif,True,accepted,0,
DE13_off128_r005_c006,DE13_off128_r005_c006,v2.2,v22_offset_enrichment,DE13,Hanover,train,1408,1664,256,128,256,256,0,0.0,43718,0.667083740234375,21818,0,9246,5632,27685,1035,120,True,True,True,True,True,336,2,bare_land_moderate+road_rich+building_rich+mixed_minority,15.57275188607819,True,,551469.8579044101,5801460.337683735,554029.8579044101,5804020.337683735,EPSG:32632,data\processed\sar\DE13_Hanover\DE13_Hanover_S1_VV_VH.tif,data\processed\masks\DE13_Hanover\DE13_label_mask.tif,data\processed\masks\DE13_Hanover\DE13_validity_mask.tif,data\processed\tiles_v22_enrichment\train\DE13_Hanover\images\DE13_off128_r005_c006_image.tif,data\processed\tiles_v22_enrichment\train\DE13_Hanover\semantic_masks\DE13_off128_r005_c006_semantic.tif,data\processed\tiles_v22_enrichment\train\DE13_Hanover\validity_masks\DE13_off128_r005_c006_validity.tif,True,accepted,0,
DE13_off128_r005_c007,DE13_off128_r005_c007,v2.2,v22_offset_enrichment,DE13,Hanover,train,1408,1920,256,128,256,256,0,0.0,41929,0.6397857666015625,23607,0,7946,4221,27212,1643,907,True,True,True,True,True,337,2,bare_land_moderate+road_rich+building_rich+mixed_minority,15.522754594858856,True,,554029.8579044101,5801460.337683735,556589.8579044101,5804020.337683735,EPSG:32632,data\processed\sar\DE13_Hanover\DE13_Hanover_S1_VV_VH.tif,data\processed\masks\DE13_Hanover\DE13_label_mask.tif,data\processed\masks\DE13_Hanover\DE13_validity_mask.tif,data\processed\tiles_v22_enrichment\train\DE13_Hanover\images\DE13_off128_r005_c007_image.tif,data\processed\tiles_v22_enrichment\train\DE13_Hanover\semantic_masks\DE13_off128_r005_c007_semantic.tif,data\processed\tiles_v22_enrichment\train\DE13_Hanover\validity_masks\DE13_off128_r005_c007_validity.tif,True,accepted,0,
DE13_off128_r005_c008,DE13_off128_r005_c008,v2.2,v22_offset_enrichment,DE13,Hanover,train,1408,2176,256,128,256,256,0,0.0,46410,0.708160400390625,19126,0,6520,3968,32589,778,2555,True,True,True,True,True,369,2,bare_land_moderate+road_rich+water_rich+building_rich+mixed_minority,13.48859565141411,True,,556589.8579044101,5801460.337683735,559149.8579044101,5804020.337683735,EPSG:32632,data\processed\sar\DE13_Hanover\DE13_Hanover_S1_VV_VH.tif,data\processed\masks\DE13_Hanover\DE13_label_mask.tif,data\processed\masks\DE13_Hanover\DE13_validity_mask.tif,data\processed\tiles_v22_enrichment\train\DE13_Hanover\images\DE13_off128_r005_c008_image.tif,data\processed\tiles_v22_enrichment\train\DE13_Hanover\semantic_masks\DE13_off128_r005_c008_semantic.tif,data\processed\tiles_v22_enrichment\train\DE13_Hanover\validity_masks\DE13_off128_r005_c008_validity.tif,True,accepted,0,
DE13_off128_r005_c009,DE13_off128_r005_c009,v2.2,v22_offset_enrichment,DE13,Hanover,train,1408,2432,256,128,256,256,0,0.0,55487,0.8466644287109375,10049,0,2095,2149,36816,12488,1939,True,True,True,True,True,71,1,bare_land_rich,17.13460574829931,True,,559149.8579044101,5801460.337683735,561709.8579044101,5804020.337683735,EPSG:32632,data\processed\sar\DE13_Hanover\DE13_Hanover_S1_VV_VH.tif,data\processed\masks\DE13_Hanover\DE13_label_mask.tif,data\processed\masks\DE13_Hanover\DE13_validity_mask.tif,data\processed\tiles_v22_enrichment\train\DE13_Hanover\images\DE13_off128_r005_c009_image.tif,data\processed\tiles_v22_enrichment\train\DE13_Hanover\semantic_masks\DE13_off128_r005_c009_semantic.tif,data\processed\tiles_v22_enrichment\train\DE13_Hanover\validity_masks\DE13_off128_r005_c009_validity.tif,True,accepted,0,
DE13_off128_r005_c010,DE13_off128_r005_c010,v2.2,v22_offset_enrichment,DE13,Hanover,train,1408,2688,256,128,256,256,0,0.0,50589,0.7719268798828125,14947,0,3033,2715,43046,1644,151,True,True,True,True,True,425,2,bare_land_moderate+road_rich+mixed_minority,6.727328198787761,True,,561709.8579044101,5801460.337683735,564269.8579044101,5804020.337683735,EPSG:32632,data\processed\sar\DE13_Hanover\DE13_Hanover_S1_VV_VH.tif,data\processed\masks\DE13_Hanover\DE13_label_mask.tif,data\processed\masks\DE13_Hanover\DE13_validity_mask.tif,data\processed\tiles_v22_enrichment\train\DE13_Hanover\images\DE13_off128_r005_c010_image.tif,data\processed\tiles_v22_enrichment\train\DE13_Hanover\semantic_masks\DE13_off128_r005_c010_semantic.tif,data\processed\tiles_v22_enrichment\train\DE13_Hanover\validity_masks\DE13_off128_r005_c010_validity.tif,True,accepted,0,
DE13_off128_r006_c003,DE13_off128_r006_c003,v2.2,v22_offset_enrichment,DE13,Hanover,train,1664,896,256,128,256,256,0,0.0,39413,0.6013946533203125,26123,0,8481,5905,23786,887,354,True,True,True,True,True,300,2,bare_land_moderate+road_rich+building_rich+mixed_minority,16.97825000561524,True,,543789.8579044101,5798900.337683735,546349.8579044101,5801460.337683735,EPSG:32632,data\processed\sar\DE13_Hanover\DE13_Hanover_S1_VV_VH.tif,data\processed\masks\DE13_Hanover\DE13_label_mask.tif,data\processed\masks\DE13_Hanover\DE13_validity_mask.tif,data\processed\tiles_v22_enrichment\train\DE13_Hanover\images\DE13_off128_r006_c003_image.tif,data\processed\tiles_v22_enrichment\train\DE13_Hanover\semantic_masks\DE13_off128_r006_c003_semantic.tif,data\processed\tiles_v22_enrichment\train\DE13_Hanover\validity_masks\DE13_off128_r006_c003_validity.tif,True,accepted,0,
DE13_off128_r006_c004,DE13_off128_r006_c004,v2.2,v22_offset_enrichment,DE13,Hanover,train,1664,1152,256,128,256,256,0,0.0,35678,0.544403076171875,29858,0,11666,6237,16980,665,130,True,True,True,True,True,276,2,bare_land_moderate+road_rich+building_rich+mixed_minority,17.68126612903358,True,,546349.8579044101,5798900.337683735,548909.8579044101,5801460.337683735,EPSG:32632,data\processed\sar\DE13_Hanover\DE13_Hanover_S1_VV_VH.tif,data\processed\masks\DE13_Hanover\DE13_label_mask.tif,data\processed\masks\DE13_Hanover\DE13_validity_mask.tif,data\processed\tiles_v22_enrichment\train\DE13_Hanover\images\DE13_off128_r006_c004_image.tif,data\processed\tiles_v22_enrichment\train\DE13_Hanover\semantic_masks\DE13_off128_r006_c004_semantic.tif,data\processed\tiles_v22_enrichment\train\DE13_Hanover\validity_masks\DE13_off128_r006_c004_validity.tif,True,accepted,0,
DE13_off128_r006_c005,DE13_off128_r006_c005,v2.2,v22_offset_enrichment,DE13,Hanover,train,1664,1408,256,128,256,256,0,0.0,46245,0.7056427001953125,19291,0,7664,4334,21841,756,11650,True,True,True,True,True,253,2,bare_land_moderate+road_rich+water_rich+building_rich+mixed_minority,18.122444516607896,True,,548909.8579044101,5798900.337683735,551469.8579044101,5801460.337683735,EPSG:32632,data\processed\sar\DE13_Hanover\DE13_Hanover_S1_VV_VH.tif,data\processed\masks\DE13_Hanover\DE13_label_mask.tif,data\processed\masks\DE13_Hanover\DE13_validity_mask.tif,data\processed\tiles_v22_enrichment\train\DE13_Hanover\images\DE13_off128_r006_c005_image.tif,data\processed\tiles_v22_enrichment\train\DE13_Hanover\semantic_masks\DE13_off128_r006_c005_semantic.tif,data\processed\tiles_v22_enrichment\train\DE13_Hanover\validity_masks\DE13_off128_r006_c005_validity.tif,True,accepted,0,
DE13_off128_r006_c006,DE13_off128_r006_c006,v2.2,v22_offset_enrichment,DE13,Hanover,train,1664,1664,256,128,256,256,0,0.0,37932,0.57879638671875,27604,0,8085,5575,23393,763,116,True,True,True,True,True,318,2,bare_land_moderate+road_rich+building_rich+mixed_minority,16.325896460535052,True,,551469.8579044101,5798900.337683735,554029.8579044101,5801460.337683735,EPSG:32632,data\processed\sar\DE13_Hanover\DE13_Hanover_S1_VV_VH.tif,data\processed\masks\DE13_Hanover\DE13_label_mask.tif,data\processed\masks\DE13_Hanover\DE13_validity_mask.tif,data\processed\tiles_v22_enrichment\train\DE13_Hanover\images\DE13_off128_r006_c006_image.tif,data\processed\tiles_v22_enrichment\train\DE13_Hanover\semantic_masks\DE13_off128_r006_c006_semantic.tif,data\processed\tiles_v22_enrichment\train\DE13_Hanover\validity_masks\DE13_off128_r006_c006_validity.tif,True,accepted,0,
DE13_off128_r006_c007,DE13_off128_r006_c007,v2.2,v22_offset_enrichment,DE13,Hanover,train,1664,1920,256,128,256,256,0,0.0,35920,0.548095703125,29616,0,7922,5987,21105,704,202,True,True,True,True,True,309,2,bare_land_moderate+road_rich+building_rich+mixed_minority,16.6491536095838,True,,554029.8579044101,5798900.337683735,556589.8579044101,5801460.337683735,EPSG:32632,data\processed\sar\DE13_Hanover\DE13_Hanover_S1_VV_VH.tif,data\processed\masks\DE13_Hanover\DE13_label_mask.tif,data\processed\masks\DE13_Hanover\DE13_validity_mask.tif,data\processed\tiles_v22_enrichment\train\DE13_Hanover\images\DE13_off128_r006_c007_image.tif,data\processed\tiles_v22_enrichment\train\DE13_Hanover\semantic_masks\DE13_off128_r006_c007_semantic.tif,data\processed\tiles_v22_enrichment\train\DE13_Hanover\validity_masks\DE13_off128_r006_c007_validity.tif,True,accepted,0,
DE13_off128_r006_c008,DE13_off128_r006_c008,v2.2,v22_offset_enrichment,DE13,Hanover,train,1664,2176,256,128,256,256,0,0.0,50291,0.7673797607421875,15245,0,3933,3412,41221,1232,493,True,True,True,True,True,422,2,bare_land_moderate+road_rich+mixed_minority,7.254150978967205,True,,556589.8579044101,5798900.337683735,559149.8579044101,5801460.337683735,EPSG:32632,data\processed\sar\DE13_Hanover\DE13_Hanover_S1_VV_VH.tif,data\processed\masks\DE13_Hanover\DE13_label_mask.tif,data\processed\masks\DE13_Hanover\DE13_validity_mask.tif,data\processed\tiles_v22_enrichment\train\DE13_Hanover\images\DE13_off128_r006_c008_image.tif,data\processed\tiles_v22_enrichment\train\DE13_Hanover\semantic_masks\DE13_off128_r006_c008_semantic.tif,data\processed\tiles_v22_enrichment\train\DE13_Hanover\validity_masks\DE13_off128_r006_c008_validity.tif,True,accepted,0,
DE13_off128_r006_c009,DE13_off128_r006_c009,v2.2,v22_offset_enrichment,DE13,Hanover,train,1664,2432,256,128,256,256,0,0.0,53853,0.8217315673828125,11683,0,3471,2950,35129,10306,1997,True,True,True,True,True,48,1,bare_land_rich+road_rich+mixed_minority,20.55855217162027,True,,559149.8579044101,5798900.337683735,561709.8579044101,5801460.337683735,EPSG:32632,data\processed\sar\DE13_Hanover\DE13_Hanover_S1_VV_VH.tif,data\processed\masks\DE13_Hanover\DE13_label_mask.tif,data\processed\masks\DE13_Hanover\DE13_validity_mask.tif,data\processed\tiles_v22_enrichment\train\DE13_Hanover\images\DE13_off128_r006_c009_image.tif,data\processed\tiles_v22_enrichment\train\DE13_Hanover\semantic_masks\DE13_off128_r006_c009_semantic.tif,data\processed\tiles_v22_enrichment\train\DE13_Hanover\validity_masks\DE13_off128_r006_c009_validity.tif,True,accepted,0,
DE13_off128_r007_c005,DE13_off128_r007_c005,v2.2,v22_offset_enrichment,DE13,Hanover,train,1920,1408,256,128,256,256,0,0.0,48763,0.7440643310546875,16773,0,5283,3497,31723,563,7697,True,True,True,True,True,335,2,bare_land_moderate+road_rich+water_rich+building_rich+mixed_minority,15.595673132810118,True,,548909.8579044101,5796340.337683735,551469.8579044101,5798900.337683735,EPSG:32632,data\processed\sar\DE13_Hanover\DE13_Hanover_S1_VV_VH.tif,data\processed\masks\DE13_Hanover\DE13_label_mask.tif,data\processed\masks\DE13_Hanover\DE13_validity_mask.tif,data\processed\tiles_v22_enrichment\train\DE13_Hanover\images\DE13_off128_r007_c005_image.tif,data\processed\tiles_v22_enrichment\train\DE13_Hanover\semantic_masks\DE13_off128_r007_c005_semantic.tif,data\processed\tiles_v22_enrichment\train\DE13_Hanover\validity_masks\DE13_off128_r007_c005_validity.tif,True,accepted,0,
DE13_off128_r007_c006,DE13_off128_r007_c006,v2.2,v22_offset_enrichment,DE13,Hanover,train,1920,1664,256,128,256,256,0,0.0,42006,0.640960693359375,23530,0,8669,4828,22212,619,5678,True,True,True,True,True,206,2,bare_land_moderate+road_rich+water_rich+building_rich+mixed_minority,19.218473429635143,True,,551469.8579044101,5796340.337683735,554029.8579044101,5798900.337683735,EPSG:32632,data\processed\sar\DE13_Hanover\DE13_Hanover_S1_VV_VH.tif,data\processed\masks\DE13_Hanover\DE13_label_mask.tif,data\processed\masks\DE13_Hanover\DE13_validity_mask.tif,data\processed\tiles_v22_enrichment\train\DE13_Hanover\images\DE13_off128_r007_c006_image.tif,data\processed\tiles_v22_enrichment\train\DE13_Hanover\semantic_masks\DE13_off128_r007_c006_semantic.tif,data\processed\tiles_v22_enrichment\train\DE13_Hanover\validity_masks\DE13_off128_r007_c006_validity.tif,True,accepted,0,
DE13_off128_r007_c007,DE13_off128_r007_c007,v2.2,v22_offset_enrichment,DE13,Hanover,train,1920,1920,256,128,256,256,0,0.0,39080,0.5963134765625,26456,0,14191,8092,14627,1982,188,True,True,True,True,True,50,1,bare_land_rich+road_rich+building_rich+mixed_minority,20.34605759119914,True,,554029.8579044101,5796340.337683735,556589.8579044101,5798900.337683735,EPSG:32632,data\processed\sar\DE13_Hanover\DE13_Hanover_S1_VV_VH.tif,data\processed\masks\DE13_Hanover\DE13_label_mask.tif,data\processed\masks\DE13_Hanover\DE13_validity_mask.tif,data\processed\tiles_v22_enrichment\train\DE13_Hanover\images\DE13_off128_r007_c007_image.tif,data\processed\tiles_v22_enrichment\train\DE13_Hanover\semantic_masks\DE13_off128_r007_c007_semantic.tif,data\processed\tiles_v22_enrichment\train\DE13_Hanover\validity_masks\DE13_off128_r007_c007_validity.tif,True,accepted,0,
DE13_off128_r008_c007,DE13_off128_r008_c007,v2.2,v22_offset_enrichment,DE13,Hanover,train,2176,1920,256,128,256,256,0,0.0,35888,0.547607421875,29648,0,9192,6175,19350,312,859,True,True,True,True,True,467,3,road_rich+building_rich+mixed_minority,17.042480359904424,True,,554029.8579044101,5793780.337683735,556589.8579044101,5796340.337683735,EPSG:32632,data\processed\sar\DE13_Hanover\DE13_Hanover_S1_VV_VH.tif,data\processed\masks\DE13_Hanover\DE13_label_mask.tif,data\processed\masks\DE13_Hanover\DE13_validity_mask.tif,data\processed\tiles_v22_enrichment\train\DE13_Hanover\images\DE13_off128_r008_c007_image.tif,data\processed\tiles_v22_enrichment\train\DE13_Hanover\semantic_masks\DE13_off128_r008_c007_semantic.tif,data\processed\tiles_v22_enrichment\train\DE13_Hanover\validity_masks\DE13_off128_r008_c007_validity.tif,True,accepted,0,
DE13_off128_r009_c008,DE13_off128_r009_c008,v2.2,v22_offset_enrichment,DE13,Hanover,train,2432,2176,256,128,256,256,0,0.0,52814,0.805877685546875,12722,0,3615,2822,44233,1449,695,True,True,True,True,True,424,2,bare_land_moderate+road_rich+mixed_minority,6.831867248440392,True,,556589.8579044101,5791220.337683735,559149.8579044101,5793780.337683735,EPSG:32632,data\processed\sar\DE13_Hanover\DE13_Hanover_S1_VV_VH.tif,data\processed\masks\DE13_Hanover\DE13_label_mask.tif,data\processed\masks\DE13_Hanover\DE13_validity_mask.tif,data\processed\tiles_v22_enrichment\train\DE13_Hanover\images\DE13_off128_r009_c008_image.tif,data\processed\tiles_v22_enrichment\train\DE13_Hanover\semantic_masks\DE13_off128_r009_c008_semantic.tif,data\processed\tiles_v22_enrichment\train\DE13_Hanover\validity_masks\DE13_off128_r009_c008_validity.tif,True,accepted,0,
DE13_off128_r010_c002,DE13_off128_r010_c002,v2.2,v22_offset_enrichment,DE13,Hanover,train,2688,640,256,128,256,256,0,0.0,49474,0.754913330078125,16062,0,2948,2553,42858,861,254,True,True,True,True,True,437,2,bare_land_moderate+road_rich+mixed_minority,5.839746280159268,True,,541229.8579044101,5788660.337683735,543789.8579044101,5791220.337683735,EPSG:32632,data\processed\sar\DE13_Hanover\DE13_Hanover_S1_VV_VH.tif,data\processed\masks\DE13_Hanover\DE13_label_mask.tif,data\processed\masks\DE13_Hanover\DE13_validity_mask.tif,data\processed\tiles_v22_enrichment\train\DE13_Hanover\images\DE13_off128_r010_c002_image.tif,data\processed\tiles_v22_enrichment\train\DE13_Hanover\semantic_masks\DE13_off128_r010_c002_semantic.tif,data\processed\tiles_v22_enrichment\train\DE13_Hanover\validity_masks\DE13_off128_r010_c002_validity.tif,True,accepted,0,
DE14_off128_r000_c005,DE14_off128_r000_c005,v2.2,v22_offset_enrichment,DE14,Berlin,train,128,1408,256,128,256,256,0,0.0,60071,0.9166107177734376,5465,0,364,681,53398,3829,1799,True,True,True,True,True,98,1,bare_land_rich,5.589439258530034,True,,390859.25925275,5831232.1592110265,393419.25925275,5833792.1592110265,EPSG:32633,data\processed\sar\DE14_Berlin\DE14_Berlin_S1_VV_VH.tif,data\processed\masks\DE14_Berlin\DE14_label_mask.tif,data\processed\masks\DE14_Berlin\DE14_validity_mask.tif,data\processed\tiles_v22_enrichment\train\DE14_Berlin\images\DE14_off128_r000_c005_image.tif,data\processed\tiles_v22_enrichment\train\DE14_Berlin\semantic_masks\DE14_off128_r000_c005_semantic.tif,data\processed\tiles_v22_enrichment\train\DE14_Berlin\validity_masks\DE14_off128_r000_c005_validity.tif,True,accepted,0,
DE14_off128_r000_c009,DE14_off128_r000_c009,v2.2,v22_offset_enrichment,DE14,Berlin,train,128,2432,256,128,256,256,0,0.0,50413,0.7692413330078125,15123,0,2005,2793,40662,4940,13,True,True,True,True,True,84,1,bare_land_rich+road_rich+mixed_minority,10.177663188555451,True,,401099.25925275,5831232.1592110265,403659.25925275,5833792.1592110265,EPSG:32633,data\processed\sar\DE14_Berlin\DE14_Berlin_S1_VV_VH.tif,data\processed\masks\DE14_Berlin\DE14_label_mask.tif,data\processed\masks\DE14_Berlin\DE14_validity_mask.tif,data\processed\tiles_v22_enrichment\train\DE14_Berlin\images\DE14_off128_r000_c009_image.tif,data\processed\tiles_v22_enrichment\train\DE14_Berlin\semantic_masks\DE14_off128_r000_c009_semantic.tif,data\processed\tiles_v22_enrichment\train\DE14_Berlin\validity_masks\DE14_off128_r000_c009_validity.tif,True,accepted,0,
DE14_off128_r001_c003,DE14_off128_r001_c003,v2.2,v22_offset_enrichment,DE14,Berlin,train,384,896,256,128,256,256,0,0.0,30768,0.469482421875,34768,0,9271,5605,13412,605,1875,True,True,True,True,True,174,2,bare_land_moderate+road_rich+water_rich+building_rich+mixed_minority,19.98014284829205,True,,385739.25925275,5828672.1592110265,388299.25925275,5831232.1592110265,EPSG:32633,data\processed\sar\DE14_Berlin\DE14_Berlin_S1_VV_VH.tif,data\processed\masks\DE14_Berlin\DE14_label_mask.tif,data\processed\masks\DE14_Berlin\DE14_validity_mask.tif,data\processed\tiles_v22_enrichment\train\DE14_Berlin\images\DE14_off128_r001_c003_image.tif,data\processed\tiles_v22_enrichment\train\DE14_Berlin\semantic_masks\DE14_off128_r001_c003_semantic.tif,data\processed\tiles_v22_enrichment\train\DE14_Berlin\validity_masks\DE14_off128_r001_c003_validity.tif,True,accepted,0,
DE14_off128_r002_c006,DE14_off128_r002_c006,v2.2,v22_offset_enrichment,DE14,Berlin,train,640,1664,256,128,256,256,0,0.0,42362,0.646392822265625,23174,0,5720,5636,27481,2686,839,True,True,True,True,True,62,1,bare_land_rich+road_rich+building_rich+mixed_minority,18.519108935763573,True,,393419.25925275,5826112.1592110265,395979.25925275,5828672.1592110265,EPSG:32633,data\processed\sar\DE14_Berlin\DE14_Berlin_S1_VV_VH.tif,data\processed\masks\DE14_Berlin\DE14_label_mask.tif,data\processed\masks\DE14_Berlin\DE14_validity_mask.tif,data\processed\tiles_v22_enrichment\train\DE14_Berlin\images\DE14_off128_r002_c006_image.tif,data\processed\tiles_v22_enrichment\train\DE14_Berlin\semantic_masks\DE14_off128_r002_c006_semantic.tif,data\processed\tiles_v22_enrichment\train\DE14_Berlin\validity_masks\DE14_off128_r002_c006_validity.tif,True,accepted,0,
DE14_off128_r003_c000,DE14_off128_r003_c000,v2.2,v22_offset_enrichment,DE14,Berlin,train,896,128,256,128,256,256,0,0.0,45813,0.6990509033203125,19723,0,9198,5015,15831,1920,13849,True,True,True,True,True,140,2,bare_land_moderate+road_rich+water_rich+building_rich+mixed_minority,21.631406348281352,True,,378059.25925275,5823552.1592110265,380619.25925275,5826112.1592110265,EPSG:32633,data\processed\sar\DE14_Berlin\DE14_Berlin_S1_VV_VH.tif,data\processed\masks\DE14_Berlin\DE14_label_mask.tif,data\processed\masks\DE14_Berlin\DE14_validity_mask.tif,data\processed\tiles_v22_enrichment\train\DE14_Berlin\images\DE14_off128_r003_c000_image.tif,data\processed\tiles_v22_enrichment\train\DE14_Berlin\semantic_masks\DE14_off128_r003_c000_semantic.tif,data\processed\tiles_v22_enrichment\train\DE14_Berlin\validity_masks\DE14_off128_r003_c000_validity.tif,True,accepted,0,
DE14_off128_r003_c002,DE14_off128_r003_c002,v2.2,v22_offset_enrichment,DE14,Berlin,train,896,640,256,128,256,256,0,0.0,42937,0.6551666259765625,22599,0,4428,6763,27241,1584,2921,True,True,True,True,True,221,2,bare_land_moderate+road_rich+water_rich+building_rich+mixed_minority,18.874581116975,True,,383179.25925275,5823552.1592110265,385739.25925275,5826112.1592110265,EPSG:32633,data\processed\sar\DE14_Berlin\DE14_Berlin_S1_VV_VH.tif,data\processed\masks\DE14_Berlin\DE14_label_mask.tif,data\processed\masks\DE14_Berlin\DE14_validity_mask.tif,data\processed\tiles_v22_enrichment\train\DE14_Berlin\images\DE14_off128_r003_c002_image.tif,data\processed\tiles_v22_enrichment\train\DE14_Berlin\semantic_masks\DE14_off128_r003_c002_semantic.tif,data\processed\tiles_v22_enrichment\train\DE14_Berlin\validity_masks\DE14_off128_r003_c002_validity.tif,True,accepted,0,
DE14_off128_r003_c003,DE14_off128_r003_c003,v2.2,v22_offset_enrichment,DE14,Berlin,train,896,896,256,128,256,256,0,0.0,32798,0.500457763671875,32738,0,10635,6524,13986,1428,225,True,True,True,True,True,187,2,bare_land_moderate+road_rich+building_rich+mixed_minority,19.75800395551284,True,,385739.25925275,5823552.1592110265,388299.25925275,5826112.1592110265,EPSG:32633,data\processed\sar\DE14_Berlin\DE14_Berlin_S1_VV_VH.tif,data\processed\masks\DE14_Berlin\DE14_label_mask.tif,data\processed\masks\DE14_Berlin\DE14_validity_mask.tif,data\processed\tiles_v22_enrichment\train\DE14_Berlin\images\DE14_off128_r003_c003_image.tif,data\processed\tiles_v22_enrichment\train\DE14_Berlin\semantic_masks\DE14_off128_r003_c003_semantic.tif,data\processed\tiles_v22_enrichment\train\DE14_Berlin\validity_masks\DE14_off128_r003_c003_validity.tif,True,accepted,0,
DE14_off128_r003_c004,DE14_off128_r003_c004,v2.2,v22_offset_enrichment,DE14,Berlin,train,896,1152,256,128,256,256,0,0.0,33171,0.5061492919921875,32365,0,14837,7244,9779,538,773,True,True,True,True,True,249,2,bare_land_moderate+road_rich+building_rich+mixed_minority,18.23580772857836,True,,388299.25925275,5823552.1592110265,390859.25925275,5826112.1592110265,EPSG:32633,data\processed\sar\DE14_Berlin\DE14_Berlin_S1_VV_VH.tif,data\processed\masks\DE14_Berlin\DE14_label_mask.tif,data\processed\masks\DE14_Berlin\DE14_validity_mask.tif,data\processed\tiles_v22_enrichment\train\DE14_Berlin\images\DE14_off128_r003_c004_image.tif,data\processed\tiles_v22_enrichment\train\DE14_Berlin\semantic_masks\DE14_off128_r003_c004_semantic.tif,data\processed\tiles_v22_enrichment\train\DE14_Berlin\validity_masks\DE14_off128_r003_c004_validity.tif,True,accepted,0,
DE14_off128_r003_c005,DE14_off128_r003_c005,v2.2,v22_offset_enrichment,DE14,Berlin,train,896,1408,256,128,256,256,0,0.0,32635,0.4979705810546875,32901,0,13927,7607,8340,2654,107,True,True,True,True,True,30,1,bare_land_rich+road_rich+building_rich+mixed_minority,22.63501669718768,True,,390859.25925275,5823552.1592110265,393419.25925275,5826112.1592110265,EPSG:32633,data\processed\sar\DE14_Berlin\DE14_Berlin_S1_VV_VH.tif,data\processed\masks\DE14_Berlin\DE14_label_mask.tif,data\processed\masks\DE14_Berlin\DE14_validity_mask.tif,data\processed\tiles_v22_enrichment\train\DE14_Berlin\images\DE14_off128_r003_c005_image.tif,data\processed\tiles_v22_enrichment\train\DE14_Berlin\semantic_masks\DE14_off128_r003_c005_semantic.tif,data\processed\tiles_v22_enrichment\train\DE14_Berlin\validity_masks\DE14_off128_r003_c005_validity.tif,True,accepted,0,
DE14_off128_r003_c006,DE14_off128_r003_c006,v2.2,v22_offset_enrichment,DE14,Berlin,train,896,1664,256,128,256,256,0,0.0,32005,0.4883575439453125,33531,0,10798,6496,12317,1453,941,True,True,True,True,True,154,2,bare_land_moderate+road_rich+building_rich+mixed_minority,20.7963562941406,True,,393419.25925275,5823552.1592110265,395979.25925275,5826112.1592110265,EPSG:32633,data\processed\sar\DE14_Berlin\DE14_Berlin_S1_VV_VH.tif,data\processed\masks\DE14_Berlin\DE14_label_mask.tif,data\processed\masks\DE14_Berlin\DE14_validity_mask.tif,data\processed\tiles_v22_enrichment\train\DE14_Berlin\images\DE14_off128_r003_c006_image.tif,data\processed\tiles_v22_enrichment\train\DE14_Berlin\semantic_masks\DE14_off128_r003_c006_semantic.tif,data\processed\tiles_v22_enrichment\train\DE14_Berlin\validity_masks\DE14_off128_r003_c006_validity.tif,True,accepted,0,
DE14_off128_r003_c008,DE14_off128_r003_c008,v2.2,v22_offset_enrichment,DE14,Berlin,train,896,2176,256,128,256,256,0,0.0,40535,0.6185150146484375,25001,0,6967,5615,22924,4630,399,True,True,True,True,True,27,1,bare_land_rich+road_rich+building_rich+mixed_minority,23.039509217189448,True,,398539.25925275,5823552.1592110265,401099.25925275,5826112.1592110265,EPSG:32633,data\processed\sar\DE14_Berlin\DE14_Berlin_S1_VV_VH.tif,data\processed\masks\DE14_Berlin\DE14_label_mask.tif,data\processed\masks\DE14_Berlin\DE14_validity_mask.tif,data\processed\tiles_v22_enrichment\train\DE14_Berlin\images\DE14_off128_r003_c008_image.tif,data\processed\tiles_v22_enrichment\train\DE14_Berlin\semantic_masks\DE14_off128_r003_c008_semantic.tif,data\processed\tiles_v22_enrichment\train\DE14_Berlin\validity_masks\DE14_off128_r003_c008_validity.tif,True,accepted,0,
DE14_off128_r003_c009,DE14_off128_r003_c009,v2.2,v22_offset_enrichment,DE14,Berlin,train,896,2432,256,128,256,256,0,0.0,39562,0.603668212890625,25974,0,7498,6971,21837,2811,445,True,True,True,True,True,47,1,bare_land_rich+road_rich+building_rich+mixed_minority,20.580716895970347,True,,401099.25925275,5823552.1592110265,403659.25925275,5826112.1592110265,EPSG:32633,data\processed\sar\DE14_Berlin\DE14_Berlin_S1_VV_VH.tif,data\processed\masks\DE14_Berlin\DE14_label_mask.tif,data\processed\masks\DE14_Berlin\DE14_validity_mask.tif,data\processed\tiles_v22_enrichment\train\DE14_Berlin\images\DE14_off128_r003_c009_image.tif,data\processed\tiles_v22_enrichment\train\DE14_Berlin\semantic_masks\DE14_off128_r003_c009_semantic.tif,data\processed\tiles_v22_enrichment\train\DE14_Berlin\validity_masks\DE14_off128_r003_c009_validity.tif,True,accepted,0,
DE14_off128_r004_c000,DE14_off128_r004_c000,v2.2,v22_offset_enrichment,DE14,Berlin,train,1152,128,256,128,256,256,0,0.0,37243,0.5682830810546875,28293,0,11451,6500,8277,926,10089,True,True,True,True,True,108,2,bare_land_moderate+road_rich+water_rich+building_rich+mixed_minority,24.05738170361463,True,,378059.25925275,5820992.1592110265,380619.25925275,5823552.1592110265,EPSG:32633,data\processed\sar\DE14_Berlin\DE14_Berlin_S1_VV_VH.tif,data\processed\masks\DE14_Berlin\DE14_label_mask.tif,data\processed\masks\DE14_Berlin\DE14_validity_mask.tif,data\processed\tiles_v22_enrichment\train\DE14_Berlin\images\DE14_off128_r004_c000_image.tif,data\processed\tiles_v22_enrichment\train\DE14_Berlin\semantic_masks\DE14_off128_r004_c000_semantic.tif,data\processed\tiles_v22_enrichment\train\DE14_Berlin\validity_masks\DE14_off128_r004_c000_validity.tif,True,accepted,0,
DE14_off128_r004_c001,DE14_off128_r004_c001,v2.2,v22_offset_enrichment,DE14,Berlin,train,1152,384,256,128,256,256,0,0.0,37002,0.564605712890625,28534,0,10358,6122,14479,1471,4572,True,True,True,True,True,112,2,bare_land_moderate+road_rich+water_rich+building_rich+mixed_minority,23.88637210389652,True,,380619.25925275,5820992.1592110265,383179.25925275,5823552.1592110265,EPSG:32633,data\processed\sar\DE14_Berlin\DE14_Berlin_S1_VV_VH.tif,data\processed\masks\DE14_Berlin\DE14_label_mask.tif,data\processed\masks\DE14_Berlin\DE14_validity_mask.tif,data\processed\tiles_v22_enrichment\train\DE14_Berlin\images\DE14_off128_r004_c001_image.tif,data\processed\tiles_v22_enrichment\train\DE14_Berlin\semantic_masks\DE14_off128_r004_c001_semantic.tif,data\processed\tiles_v22_enrichment\train\DE14_Berlin\validity_masks\DE14_off128_r004_c001_validity.tif,True,accepted,0,
DE14_off128_r004_c003,DE14_off128_r004_c003,v2.2,v22_offset_enrichment,DE14,Berlin,train,1152,896,256,128,256,256,0,0.0,37051,0.5653533935546875,28485,0,14837,6477,11474,389,3874,True,True,True,True,True,152,2,bare_land_moderate+road_rich+water_rich+building_rich+mixed_minority,21.087619999044417,True,,385739.25925275,5820992.1592110265,388299.25925275,5823552.1592110265,EPSG:32633,data\processed\sar\DE14_Berlin\DE14_Berlin_S1_VV_VH.tif,data\processed\masks\DE14_Berlin\DE14_label_mask.tif,data\processed\masks\DE14_Berlin\DE14_validity_mask.tif,data\processed\tiles_v22_enrichment\train\DE14_Berlin\images\DE14_off128_r004_c003_image.tif,data\processed\tiles_v22_enrichment\train\DE14_Berlin\semantic_masks\DE14_off128_r004_c003_semantic.tif,data\processed\tiles_v22_enrichment\train\DE14_Berlin\validity_masks\DE14_off128_r004_c003_validity.tif,True,accepted,0,
DE14_off128_r004_c004,DE14_off128_r004_c004,v2.2,v22_offset_enrichment,DE14,Berlin,train,1152,1152,256,128,256,256,0,0.0,37657,0.5746002197265625,27879,0,16099,7455,11749,1225,1129,True,True,True,True,True,178,2,bare_land_moderate+road_rich+building_rich+mixed_minority,19.87628383764621,True,,388299.25925275,5820992.1592110265,390859.25925275,5823552.1592110265,EPSG:32633,data\processed\sar\DE14_Berlin\DE14_Berlin_S1_VV_VH.tif,data\processed\masks\DE14_Berlin\DE14_label_mask.tif,data\processed\masks\DE14_Berlin\DE14_validity_mask.tif,data\processed\tiles_v22_enrichment\train\DE14_Berlin\images\DE14_off128_r004_c004_image.tif,data\processed\tiles_v22_enrichment\train\DE14_Berlin\semantic_masks\DE14_off128_r004_c004_semantic.tif,data\processed\tiles_v22_enrichment\train\DE14_Berlin\validity_masks\DE14_off128_r004_c004_validity.tif,True,accepted,0,
DE14_off128_r004_c005,DE14_off128_r004_c005,v2.2,v22_offset_enrichment,DE14,Berlin,train,1152,1408,256,128,256,256,0,0.0,35585,0.5429840087890625,29951,0,19803,8967,5765,1031,19,True,True,True,True,True,244,2,bare_land_moderate+road_rich+building_rich+mixed_minority,18.38217186884245,True,,390859.25925275,5820992.1592110265,393419.25925275,5823552.1592110265,EPSG:32633,data\processed\sar\DE14_Berlin\DE14_Berlin_S1_VV_VH.tif,data\processed\masks\DE14_Berlin\DE14_label_mask.tif,data\processed\masks\DE14_Berlin\DE14_validity_mask.tif,data\processed\tiles_v22_enrichment\train\DE14_Berlin\images\DE14_off128_r004_c005_image.tif,data\processed\tiles_v22_enrichment\train\DE14_Berlin\semantic_masks\DE14_off128_r004_c005_semantic.tif,data\processed\tiles_v22_enrichment\train\DE14_Berlin\validity_masks\DE14_off128_r004_c005_validity.tif,True,accepted,0,
DE14_off128_r004_c007,DE14_off128_r004_c007,v2.2,v22_offset_enrichment,DE14,Berlin,train,1152,1920,256,128,256,256,0,0.0,31723,0.4840545654296875,33813,0,10514,7254,11668,1356,931,True,True,True,True,True,161,2,bare_land_moderate+road_rich+building_rich+mixed_minority,20.577567158816187,True,,395979.25925275,5820992.1592110265,398539.25925275,5823552.1592110265,EPSG:32633,data\processed\sar\DE14_Berlin\DE14_Berlin_S1_VV_VH.tif,data\processed\masks\DE14_Berlin\DE14_label_mask.tif,data\processed\masks\DE14_Berlin\DE14_validity_mask.tif,data\processed\tiles_v22_enrichment\train\DE14_Berlin\images\DE14_off128_r004_c007_image.tif,data\processed\tiles_v22_enrichment\train\DE14_Berlin\semantic_masks\DE14_off128_r004_c007_semantic.tif,data\processed\tiles_v22_enrichment\train\DE14_Berlin\validity_masks\DE14_off128_r004_c007_validity.tif,True,accepted,0,
DE14_off128_r004_c008,DE14_off128_r004_c008,v2.2,v22_offset_enrichment,DE14,Berlin,train,1152,2176,256,128,256,256,0,0.0,35081,0.5352935791015625,30455,0,9919,6677,12450,5556,479,True,True,True,True,True,5,1,bare_land_rich+road_rich+building_rich+mixed_minority,28.32264285648818,True,,398539.25925275,5820992.1592110265,401099.25925275,5823552.1592110265,EPSG:32633,data\processed\sar\DE14_Berlin\DE14_Berlin_S1_VV_VH.tif,data\processed\masks\DE14_Berlin\DE14_label_mask.tif,data\processed\masks\DE14_Berlin\DE14_validity_mask.tif,data\processed\tiles_v22_enrichment\train\DE14_Berlin\images\DE14_off128_r004_c008_image.tif,data\processed\tiles_v22_enrichment\train\DE14_Berlin\semantic_masks\DE14_off128_r004_c008_semantic.tif,data\processed\tiles_v22_enrichment\train\DE14_Berlin\validity_masks\DE14_off128_r004_c008_validity.tif,True,accepted,0,
DE14_off128_r005_c002,DE14_off128_r005_c002,v2.2,v22_offset_enrichment,DE14,Berlin,train,1408,640,256,128,256,256,0,0.0,36439,0.5560150146484375,29097,0,17297,8998,7370,710,2064,True,True,True,True,True,177,2,bare_land_moderate+road_rich+water_rich+building_rich+mixed_minority,19.880488792743336,True,,383179.25925275,5818432.1592110265,385739.25925275,5820992.1592110265,EPSG:32633,data\processed\sar\DE14_Berlin\DE14_Berlin_S1_VV_VH.tif,data\processed\masks\DE14_Berlin\DE14_label_mask.tif,data\processed\masks\DE14_Berlin\DE14_validity_mask.tif,data\processed\tiles_v22_enrichment\train\DE14_Berlin\images\DE14_off128_r005_c002_image.tif,data\processed\tiles_v22_enrichment\train\DE14_Berlin\semantic_masks\DE14_off128_r005_c002_semantic.tif,data\processed\tiles_v22_enrichment\train\DE14_Berlin\validity_masks\DE14_off128_r005_c002_validity.tif,True,accepted,0,
DE14_off128_r005_c003,DE14_off128_r005_c003,v2.2,v22_offset_enrichment,DE14,Berlin,train,1408,896,256,128,256,256,0,0.0,42504,0.6485595703125,23032,0,16404,8102,13104,768,4126,True,True,True,True,True,143,2,bare_land_moderate+road_rich+water_rich+building_rich+mixed_minority,21.476999246578263,True,,385739.25925275,5818432.1592110265,388299.25925275,5820992.1592110265,EPSG:32633,data\processed\sar\DE14_Berlin\DE14_Berlin_S1_VV_VH.tif,data\processed\masks\DE14_Berlin\DE14_label_mask.tif,data\processed\masks\DE14_Berlin\DE14_validity_mask.tif,data\processed\tiles_v22_enrichment\train\DE14_Berlin\images\DE14_off128_r005_c003_image.tif,data\processed\tiles_v22_enrichment\train\DE14_Berlin\semantic_masks\DE14_off128_r005_c003_semantic.tif,data\processed\tiles_v22_enrichment\train\DE14_Berlin\validity_masks\DE14_off128_r005_c003_validity.tif,True,accepted,0,
DE14_off128_r005_c004,DE14_off128_r005_c004,v2.2,v22_offset_enrichment,DE14,Berlin,train,1408,1152,256,128,256,256,0,0.0,44977,0.6862945556640625,20559,0,16484,7230,16639,1775,2849,True,True,True,True,True,133,2,bare_land_moderate+road_rich+water_rich+building_rich+mixed_minority,21.87720324232613,True,,388299.25925275,5818432.1592110265,390859.25925275,5820992.1592110265,EPSG:32633,data\processed\sar\DE14_Berlin\DE14_Berlin_S1_VV_VH.tif,data\processed\masks\DE14_Berlin\DE14_label_mask.tif,data\processed\masks\DE14_Berlin\DE14_validity_mask.tif,data\processed\tiles_v22_enrichment\train\DE14_Berlin\images\DE14_off128_r005_c004_image.tif,data\processed\tiles_v22_enrichment\train\DE14_Berlin\semantic_masks\DE14_off128_r005_c004_semantic.tif,data\processed\tiles_v22_enrichment\train\DE14_Berlin\validity_masks\DE14_off128_r005_c004_validity.tif,True,accepted,0,
DE14_off128_r005_c005,DE14_off128_r005_c005,v2.2,v22_offset_enrichment,DE14,Berlin,train,1408,1408,256,128,256,256,0,0.0,39599,0.6042327880859375,25937,0,18332,9465,7706,1560,2536,True,True,True,True,True,136,2,bare_land_moderate+road_rich+water_rich+building_rich+mixed_minority,21.817508375853304,True,,390859.25925275,5818432.1592110265,393419.25925275,5820992.1592110265,EPSG:32633,data\processed\sar\DE14_Berlin\DE14_Berlin_S1_VV_VH.tif,data\processed\masks\DE14_Berlin\DE14_label_mask.tif,data\processed\masks\DE14_Berlin\DE14_validity_mask.tif,data\processed\tiles_v22_enrichment\train\DE14_Berlin\images\DE14_off128_r005_c005_image.tif,data\processed\tiles_v22_enrichment\train\DE14_Berlin\semantic_masks\DE14_off128_r005_c005_semantic.tif,data\processed\tiles_v22_enrichment\train\DE14_Berlin\validity_masks\DE14_off128_r005_c005_validity.tif,True,accepted,0,
DE14_off128_r005_c006,DE14_off128_r005_c006,v2.2,v22_offset_enrichment,DE14,Berlin,train,1408,1664,256,128,256,256,0,0.0,36016,0.549560546875,29520,0,16679,8674,8856,1160,647,True,True,True,True,True,199,2,bare_land_moderate+road_rich+building_rich+mixed_minority,19.344762679260604,True,,393419.25925275,5818432.1592110265,395979.25925275,5820992.1592110265,EPSG:32633,data\processed\sar\DE14_Berlin\DE14_Berlin_S1_VV_VH.tif,data\processed\masks\DE14_Berlin\DE14_label_mask.tif,data\processed\masks\DE14_Berlin\DE14_validity_mask.tif,data\processed\tiles_v22_enrichment\train\DE14_Berlin\images\DE14_off128_r005_c006_image.tif,data\processed\tiles_v22_enrichment\train\DE14_Berlin\semantic_masks\DE14_off128_r005_c006_semantic.tif,data\processed\tiles_v22_enrichment\train\DE14_Berlin\validity_masks\DE14_off128_r005_c006_validity.tif,True,accepted,0,
DE14_off128_r005_c007,DE14_off128_r005_c007,v2.2,v22_offset_enrichment,DE14,Berlin,train,1408,1920,256,128,256,256,0,0.0,31796,0.48516845703125,33740,0,15227,8282,7018,1135,134,True,True,True,True,True,214,2,bare_land_moderate+road_rich+building_rich+mixed_minority,19.00944824065183,True,,395979.25925275,5818432.1592110265,398539.25925275,5820992.1592110265,EPSG:32633,data\processed\sar\DE14_Berlin\DE14_Berlin_S1_VV_VH.tif,data\processed\masks\DE14_Berlin\DE14_label_mask.tif,data\processed\masks\DE14_Berlin\DE14_validity_mask.tif,data\processed\tiles_v22_enrichment\train\DE14_Berlin\images\DE14_off128_r005_c007_image.tif,data\processed\tiles_v22_enrichment\train\DE14_Berlin\semantic_masks\DE14_off128_r005_c007_semantic.tif,data\processed\tiles_v22_enrichment\train\DE14_Berlin\validity_masks\DE14_off128_r005_c007_validity.tif,True,accepted,0,
DE14_off128_r005_c008,DE14_off128_r005_c008,v2.2,v22_offset_enrichment,DE14,Berlin,train,1408,2176,256,128,256,256,0,0.0,33323,0.5084686279296875,32213,0,8595,7250,15661,1409,408,True,True,True,True,True,203,2,bare_land_moderate+road_rich+building_rich+mixed_minority,19.249818446373407,True,,398539.25925275,5818432.1592110265,401099.25925275,5820992.1592110265,EPSG:32633,data\processed\sar\DE14_Berlin\DE14_Berlin_S1_VV_VH.tif,data\processed\masks\DE14_Berlin\DE14_label_mask.tif,data\processed\masks\DE14_Berlin\DE14_validity_mask.tif,data\processed\tiles_v22_enrichment\train\DE14_Berlin\images\DE14_off128_r005_c008_image.tif,data\processed\tiles_v22_enrichment\train\DE14_Berlin\semantic_masks\DE14_off128_r005_c008_semantic.tif,data\processed\tiles_v22_enrichment\train\DE14_Berlin\validity_masks\DE14_off128_r005_c008_validity.tif,True,accepted,0,
DE14_off128_r005_c010,DE14_off128_r005_c010,v2.2,v22_offset_enrichment,DE14,Berlin,train,1408,2688,256,128,256,256,0,0.0,27395,0.4180145263671875,38141,0,9124,7268,9674,857,472,True,True,True,True,True,210,2,bare_land_moderate+road_rich+building_rich+mixed_minority,19.10983785179153,True,,403659.25925275,5818432.1592110265,406219.25925275,5820992.1592110265,EPSG:32633,data\processed\sar\DE14_Berlin\DE14_Berlin_S1_VV_VH.tif,data\processed\masks\DE14_Berlin\DE14_label_mask.tif,data\processed\masks\DE14_Berlin\DE14_validity_mask.tif,data\processed\tiles_v22_enrichment\train\DE14_Berlin\images\DE14_off128_r005_c010_image.tif,data\processed\tiles_v22_enrichment\train\DE14_Berlin\semantic_masks\DE14_off128_r005_c010_semantic.tif,data\processed\tiles_v22_enrichment\train\DE14_Berlin\validity_masks\DE14_off128_r005_c010_validity.tif,True,accepted,0,
DE14_off128_r006_c006,DE14_off128_r006_c006,v2.2,v22_offset_enrichment,DE14,Berlin,train,1664,1664,256,128,256,256,0,0.0,37608,0.5738525390625,27928,0,15025,8054,8888,858,4783,True,True,True,True,True,122,2,bare_land_moderate+road_rich+water_rich+building_rich+mixed_minority,22.986211611600257,True,,393419.25925275,5815872.1592110265,395979.25925275,5818432.1592110265,EPSG:32633,data\processed\sar\DE14_Berlin\DE14_Berlin_S1_VV_VH.tif,data\processed\masks\DE14_Berlin\DE14_label_mask.tif,data\processed\masks\DE14_Berlin\DE14_validity_mask.tif,data\processed\tiles_v22_enrichment\train\DE14_Berlin\images\DE14_off128_r006_c006_image.tif,data\processed\tiles_v22_enrichment\train\DE14_Berlin\semantic_masks\DE14_off128_r006_c006_semantic.tif,data\processed\tiles_v22_enrichment\train\DE14_Berlin\validity_masks\DE14_off128_r006_c006_validity.tif,True,accepted,0,
DE14_off128_r006_c007,DE14_off128_r006_c007,v2.2,v22_offset_enrichment,DE14,Berlin,train,1664,1920,256,128,256,256,0,0.0,41284,0.62994384765625,24252,0,7818,4370,14325,4278,10493,True,True,True,True,True,9,1,bare_land_rich+road_rich+water_rich+building_rich+mixed_minority,26.111534778767577,True,,395979.25925275,5815872.1592110265,398539.25925275,5818432.1592110265,EPSG:32633,data\processed\sar\DE14_Berlin\DE14_Berlin_S1_VV_VH.tif,data\processed\masks\DE14_Berlin\DE14_label_mask.tif,data\processed\masks\DE14_Berlin\DE14_validity_mask.tif,data\processed\tiles_v22_enrichment\train\DE14_Berlin\images\DE14_off128_r006_c007_image.tif,data\processed\tiles_v22_enrichment\train\DE14_Berlin\semantic_masks\DE14_off128_r006_c007_semantic.tif,data\processed\tiles_v22_enrichment\train\DE14_Berlin\validity_masks\DE14_off128_r006_c007_validity.tif,True,accepted,0,
DE14_off128_r006_c008,DE14_off128_r006_c008,v2.2,v22_offset_enrichment,DE14,Berlin,train,1664,2176,256,128,256,256,0,0.0,33355,0.5089569091796875,32181,0,8593,6040,15669,2683,370,True,True,True,True,True,33,1,bare_land_rich+road_rich+building_rich+mixed_minority,22.252023915625497,True,,398539.25925275,5815872.1592110265,401099.25925275,5818432.1592110265,EPSG:32633,data\processed\sar\DE14_Berlin\DE14_Berlin_S1_VV_VH.tif,data\processed\masks\DE14_Berlin\DE14_label_mask.tif,data\processed\masks\DE14_Berlin\DE14_validity_mask.tif,data\processed\tiles_v22_enrichment\train\DE14_Berlin\images\DE14_off128_r006_c008_image.tif,data\processed\tiles_v22_enrichment\train\DE14_Berlin\semantic_masks\DE14_off128_r006_c008_semantic.tif,data\processed\tiles_v22_enrichment\train\DE14_Berlin\validity_masks\DE14_off128_r006_c008_validity.tif,True,accepted,0,
DE14_off128_r006_c009,DE14_off128_r006_c009,v2.2,v22_offset_enrichment,DE14,Berlin,train,1664,2432,256,128,256,256,0,0.0,30429,0.4643096923828125,35107,0,7342,6086,14982,1107,912,True,True,True,True,True,207,2,bare_land_moderate+road_rich+building_rich+mixed_minority,19.19279238980961,True,,401099.25925275,5815872.1592110265,403659.25925275,5818432.1592110265,EPSG:32633,data\processed\sar\DE14_Berlin\DE14_Berlin_S1_VV_VH.tif,data\processed\masks\DE14_Berlin\DE14_label_mask.tif,data\processed\masks\DE14_Berlin\DE14_validity_mask.tif,data\processed\tiles_v22_enrichment\train\DE14_Berlin\images\DE14_off128_r006_c009_image.tif,data\processed\tiles_v22_enrichment\train\DE14_Berlin\semantic_masks\DE14_off128_r006_c009_semantic.tif,data\processed\tiles_v22_enrichment\train\DE14_Berlin\validity_masks\DE14_off128_r006_c009_validity.tif,True,accepted,0,
DE14_off128_r006_c010,DE14_off128_r006_c010,v2.2,v22_offset_enrichment,DE14,Berlin,train,1664,2688,256,128,256,256,0,0.0,33531,0.5116424560546875,32005,0,6987,5862,17087,401,3194,True,True,True,True,True,197,2,bare_land_moderate+road_rich+water_rich+building_rich+mixed_minority,19.404189651187547,True,,403659.25925275,5815872.1592110265,406219.25925275,5818432.1592110265,EPSG:32633,data\processed\sar\DE14_Berlin\DE14_Berlin_S1_VV_VH.tif,data\processed\masks\DE14_Berlin\DE14_label_mask.tif,data\processed\masks\DE14_Berlin\DE14_validity_mask.tif,data\processed\tiles_v22_enrichment\train\DE14_Berlin\images\DE14_off128_r006_c010_image.tif,data\processed\tiles_v22_enrichment\train\DE14_Berlin\semantic_masks\DE14_off128_r006_c010_semantic.tif,data\processed\tiles_v22_enrichment\train\DE14_Berlin\validity_masks\DE14_off128_r006_c010_validity.tif,True,accepted,0,
DE14_off128_r007_c006,DE14_off128_r007_c006,v2.2,v22_offset_enrichment,DE14,Berlin,train,1920,1664,256,128,256,256,0,0.0,37681,0.5749664306640625,27855,0,16801,10521,8059,1214,1086,True,True,True,True,True,183,2,bare_land_moderate+road_rich+building_rich+mixed_minority,19.80522836638764,True,,393419.25925275,5813312.1592110265,395979.25925275,5815872.1592110265,EPSG:32633,data\processed\sar\DE14_Berlin\DE14_Berlin_S1_VV_VH.tif,data\processed\masks\DE14_Berlin\DE14_label_mask.tif,data\processed\masks\DE14_Berlin\DE14_validity_mask.tif,data\processed\tiles_v22_enrichment\train\DE14_Berlin\images\DE14_off128_r007_c006_image.tif,data\processed\tiles_v22_enrichment\train\DE14_Berlin\semantic_masks\DE14_off128_r007_c006_semantic.tif,data\processed\tiles_v22_enrichment\train\DE14_Berlin\validity_masks\DE14_off128_r007_c006_validity.tif,True,accepted,0,
DE14_off128_r007_c007,DE14_off128_r007_c007,v2.2,v22_offset_enrichment,DE14,Berlin,train,1920,1920,256,128,256,256,0,0.0,39414,0.601409912109375,26122,0,6755,5392,21124,1889,4254,True,True,True,True,True,142,2,bare_land_moderate+road_rich+water_rich+building_rich+mixed_minority,21.53186609519153,True,,395979.25925275,5813312.1592110265,398539.25925275,5815872.1592110265,EPSG:32633,data\processed\sar\DE14_Berlin\DE14_Berlin_S1_VV_VH.tif,data\processed\masks\DE14_Berlin\DE14_label_mask.tif,data\processed\masks\DE14_Berlin\DE14_validity_mask.tif,data\processed\tiles_v22_enrichment\train\DE14_Berlin\images\DE14_off128_r007_c007_image.tif,data\processed\tiles_v22_enrichment\train\DE14_Berlin\semantic_masks\DE14_off128_r007_c007_semantic.tif,data\processed\tiles_v22_enrichment\train\DE14_Berlin\validity_masks\DE14_off128_r007_c007_validity.tif,True,accepted,0,
DE14_off128_r008_c003,DE14_off128_r008_c003,v2.2,v22_offset_enrichment,DE14,Berlin,train,2176,896,256,128,256,256,0,0.0,30826,0.470367431640625,34710,0,11302,7475,10231,450,1368,True,True,True,True,True,219,2,bare_land_moderate+road_rich+building_rich+mixed_minority,18.913337651584825,True,,385739.25925275,5810752.1592110265,388299.25925275,5813312.1592110265,EPSG:32633,data\processed\sar\DE14_Berlin\DE14_Berlin_S1_VV_VH.tif,data\processed\masks\DE14_Berlin\DE14_label_mask.tif,data\processed\masks\DE14_Berlin\DE14_validity_mask.tif,data\processed\tiles_v22_enrichment\train\DE14_Berlin\images\DE14_off128_r008_c003_image.tif,data\processed\tiles_v22_enrichment\train\DE14_Berlin\semantic_masks\DE14_off128_r008_c003_semantic.tif,data\processed\tiles_v22_enrichment\train\DE14_Berlin\validity_masks\DE14_off128_r008_c003_validity.tif,True,accepted,0,
DE14_off128_r008_c004,DE14_off128_r008_c004,v2.2,v22_offset_enrichment,DE14,Berlin,train,2176,1152,256,128,256,256,0,0.0,30337,0.4629058837890625,35199,0,11698,6660,7821,2538,1620,True,True,True,True,True,14,1,bare_land_rich+road_rich+water_rich+building_rich+mixed_minority,24.791728773329886,True,,388299.25925275,5810752.1592110265,390859.25925275,5813312.1592110265,EPSG:32633,data\processed\sar\DE14_Berlin\DE14_Berlin_S1_VV_VH.tif,data\processed\masks\DE14_Berlin\DE14_label_mask.tif,data\processed\masks\DE14_Berlin\DE14_validity_mask.tif,data\processed\tiles_v22_enrichment\train\DE14_Berlin\images\DE14_off128_r008_c004_image.tif,data\processed\tiles_v22_enrichment\train\DE14_Berlin\semantic_masks\DE14_off128_r008_c004_semantic.tif,data\processed\tiles_v22_enrichment\train\DE14_Berlin\validity_masks\DE14_off128_r008_c004_validity.tif,True,accepted,0,
DE14_off128_r008_c008,DE14_off128_r008_c008,v2.2,v22_offset_enrichment,DE14,Berlin,train,2176,2176,256,128,256,256,0,0.0,37624,0.5740966796875,27912,0,10013,5563,12622,5504,3922,True,True,True,True,True,1,1,bare_land_rich+road_rich+water_rich+building_rich+mixed_minority,31.31040860824374,True,,398539.25925275,5810752.1592110265,401099.25925275,5813312.1592110265,EPSG:32633,data\processed\sar\DE14_Berlin\DE14_Berlin_S1_VV_VH.tif,data\processed\masks\DE14_Berlin\DE14_label_mask.tif,data\processed\masks\DE14_Berlin\DE14_validity_mask.tif,data\processed\tiles_v22_enrichment\train\DE14_Berlin\images\DE14_off128_r008_c008_image.tif,data\processed\tiles_v22_enrichment\train\DE14_Berlin\semantic_masks\DE14_off128_r008_c008_semantic.tif,data\processed\tiles_v22_enrichment\train\DE14_Berlin\validity_masks\DE14_off128_r008_c008_validity.tif,True,accepted,0,
DE14_off128_r008_c009,DE14_off128_r008_c009,v2.2,v22_offset_enrichment,DE14,Berlin,train,2176,2432,256,128,256,256,0,0.0,38712,0.5906982421875,26824,0,7958,4934,17813,641,7366,True,True,True,True,True,158,2,bare_land_moderate+road_rich+water_rich+building_rich+mixed_minority,20.6461332494204,True,,401099.25925275,5810752.1592110265,403659.25925275,5813312.1592110265,EPSG:32633,data\processed\sar\DE14_Berlin\DE14_Berlin_S1_VV_VH.tif,data\processed\masks\DE14_Berlin\DE14_label_mask.tif,data\processed\masks\DE14_Berlin\DE14_validity_mask.tif,data\processed\tiles_v22_enrichment\train\DE14_Berlin\images\DE14_off128_r008_c009_image.tif,data\processed\tiles_v22_enrichment\train\DE14_Berlin\semantic_masks\DE14_off128_r008_c009_semantic.tif,data\processed\tiles_v22_enrichment\train\DE14_Berlin\validity_masks\DE14_off128_r008_c009_validity.tif,True,accepted,0,
DE14_off128_r008_c010,DE14_off128_r008_c010,v2.2,v22_offset_enrichment,DE14,Berlin,train,2176,2688,256,128,256,256,0,0.0,42956,0.65545654296875,22580,0,6513,4434,25179,2945,3885,True,True,True,True,True,51,1,bare_land_rich+road_rich+water_rich+building_rich+mixed_minority,20.2254118460696,True,,403659.25925275,5810752.1592110265,406219.25925275,5813312.1592110265,EPSG:32633,data\processed\sar\DE14_Berlin\DE14_Berlin_S1_VV_VH.tif,data\processed\masks\DE14_Berlin\DE14_label_mask.tif,data\processed\masks\DE14_Berlin\DE14_validity_mask.tif,data\processed\tiles_v22_enrichment\train\DE14_Berlin\images\DE14_off128_r008_c010_image.tif,data\processed\tiles_v22_enrichment\train\DE14_Berlin\semantic_masks\DE14_off128_r008_c010_semantic.tif,data\processed\tiles_v22_enrichment\train\DE14_Berlin\validity_masks\DE14_off128_r008_c010_validity.tif,True,accepted,0,
DE14_off128_r009_c002,DE14_off128_r009_c002,v2.2,v22_offset_enrichment,DE14,Berlin,train,2432,640,256,128,256,256,0,0.0,30828,0.47039794921875,34708,0,9326,6165,12785,521,2031,True,True,True,True,True,175,2,bare_land_moderate+road_rich+water_rich+building_rich+mixed_minority,19.95768223623056,True,,383179.25925275,5808192.1592110265,385739.25925275,5810752.1592110265,EPSG:32633,data\processed\sar\DE14_Berlin\DE14_Berlin_S1_VV_VH.tif,data\processed\masks\DE14_Berlin\DE14_label_mask.tif,data\processed\masks\DE14_Berlin\DE14_validity_mask.tif,data\processed\tiles_v22_enrichment\train\DE14_Berlin\images\DE14_off128_r009_c002_image.tif,data\processed\tiles_v22_enrichment\train\DE14_Berlin\semantic_masks\DE14_off128_r009_c002_semantic.tif,data\processed\tiles_v22_enrichment\train\DE14_Berlin\validity_masks\DE14_off128_r009_c002_validity.tif,True,accepted,0,
DE14_off128_r009_c004,DE14_off128_r009_c004,v2.2,v22_offset_enrichment,DE14,Berlin,train,2432,1152,256,128,256,256,0,0.0,28239,0.4308929443359375,37297,0,14474,8084,4760,817,104,True,True,True,True,True,243,2,bare_land_moderate+road_rich+building_rich+mixed_minority,18.392736494036704,True,,388299.25925275,5808192.1592110265,390859.25925275,5810752.1592110265,EPSG:32633,data\processed\sar\DE14_Berlin\DE14_Berlin_S1_VV_VH.tif,data\processed\masks\DE14_Berlin\DE14_label_mask.tif,data\processed\masks\DE14_Berlin\DE14_validity_mask.tif,data\processed\tiles_v22_enrichment\train\DE14_Berlin\images\DE14_off128_r009_c004_image.tif,data\processed\tiles_v22_enrichment\train\DE14_Berlin\semantic_masks\DE14_off128_r009_c004_semantic.tif,data\processed\tiles_v22_enrichment\train\DE14_Berlin\validity_masks\DE14_off128_r009_c004_validity.tif,True,accepted,0,
DE14_off128_r009_c008,DE14_off128_r009_c008,v2.2,v22_offset_enrichment,DE14,Berlin,train,2432,2176,256,128,256,256,0,0.0,34261,0.5227813720703125,31275,0,10895,7305,13648,1182,1231,True,True,True,True,True,169,2,bare_land_moderate+road_rich+building_rich+mixed_minority,20.21997351473982,True,,398539.25925275,5808192.1592110265,401099.25925275,5810752.1592110265,EPSG:32633,data\processed\sar\DE14_Berlin\DE14_Berlin_S1_VV_VH.tif,data\processed\masks\DE14_Berlin\DE14_label_mask.tif,data\processed\masks\DE14_Berlin\DE14_validity_mask.tif,data\processed\tiles_v22_enrichment\train\DE14_Berlin\images\DE14_off128_r009_c008_image.tif,data\processed\tiles_v22_enrichment\train\DE14_Berlin\semantic_masks\DE14_off128_r009_c008_semantic.tif,data\processed\tiles_v22_enrichment\train\DE14_Berlin\validity_masks\DE14_off128_r009_c008_validity.tif,True,accepted,0,
DE14_off128_r009_c009,DE14_off128_r009_c009,v2.2,v22_offset_enrichment,DE14,Berlin,train,2432,2432,256,128,256,256,0,0.0,37855,0.5776214599609375,27681,0,7690,5539,16730,1725,6171,True,True,True,True,True,109,2,bare_land_moderate+road_rich+water_rich+building_rich+mixed_minority,24.04955383349151,True,,401099.25925275,5808192.1592110265,403659.25925275,5810752.1592110265,EPSG:32633,data\processed\sar\DE14_Berlin\DE14_Berlin_S1_VV_VH.tif,data\processed\masks\DE14_Berlin\DE14_label_mask.tif,data\processed\masks\DE14_Berlin\DE14_validity_mask.tif,data\processed\tiles_v22_enrichment\train\DE14_Berlin\images\DE14_off128_r009_c009_image.tif,data\processed\tiles_v22_enrichment\train\DE14_Berlin\semantic_masks\DE14_off128_r009_c009_semantic.tif,data\processed\tiles_v22_enrichment\train\DE14_Berlin\validity_masks\DE14_off128_r009_c009_validity.tif,True,accepted,0,
DE14_off128_r010_c000,DE14_off128_r010_c000,v2.2,v22_offset_enrichment,DE14,Berlin,train,2688,128,256,128,256,256,0,0.0,31337,0.4781646728515625,34199,0,6829,5602,16206,336,2364,True,True,True,True,True,230,2,bare_land_moderate+road_rich+water_rich+building_rich+mixed_minority,18.622275468396765,True,,378059.25925275,5805632.1592110265,380619.25925275,5808192.1592110265,EPSG:32633,data\processed\sar\DE14_Berlin\DE14_Berlin_S1_VV_VH.tif,data\processed\masks\DE14_Berlin\DE14_label_mask.tif,data\processed\masks\DE14_Berlin\DE14_validity_mask.tif,data\processed\tiles_v22_enrichment\train\DE14_Berlin\images\DE14_off128_r010_c000_image.tif,data\processed\tiles_v22_enrichment\train\DE14_Berlin\semantic_masks\DE14_off128_r010_c000_semantic.tif,data\processed\tiles_v22_enrichment\train\DE14_Berlin\validity_masks\DE14_off128_r010_c000_validity.tif,True,accepted,0,
DE14_off128_r010_c008,DE14_off128_r010_c008,v2.2,v22_offset_enrichment,DE14,Berlin,train,2688,2176,256,128,256,256,0,0.0,32693,0.4988555908203125,32843,0,6909,6617,17239,1516,412,True,True,True,True,True,220,2,bare_land_moderate+road_rich+building_rich+mixed_minority,18.882546289134936,True,,398539.25925275,5805632.1592110265,401099.25925275,5808192.1592110265,EPSG:32633,data\processed\sar\DE14_Berlin\DE14_Berlin_S1_VV_VH.tif,data\processed\masks\DE14_Berlin\DE14_label_mask.tif,data\processed\masks\DE14_Berlin\DE14_validity_mask.tif,data\processed\tiles_v22_enrichment\train\DE14_Berlin\images\DE14_off128_r010_c008_image.tif,data\processed\tiles_v22_enrichment\train\DE14_Berlin\semantic_masks\DE14_off128_r010_c008_semantic.tif,data\processed\tiles_v22_enrichment\train\DE14_Berlin\validity_masks\DE14_off128_r010_c008_validity.tif,True,accepted,0,
