tile_id,city_id,city_name,candidate_id,qa_pass,qa_status,qa_failure_count,qa_failures,image_exists,semantic_exists,validity_exists,image_width,image_height,image_bands,semantic_bands,validity_bands,crs,crs_match,transform_match,bounds_match,sar_all_finite,semantic_values,semantic_values_valid,validity_values,validity_values_valid,padding_fraction,padding_pass,valid_pixel_count_recomputed,valid_fraction_recomputed,buildings_pixel_count_recomputed,roads_pixel_count_recomputed,vegetation_pixel_count_recomputed,bare_land_pixel_count_recomputed,water_pixel_count_recomputed,class_accounting_match,manifest_valid_match,manifest_fraction_match
DE01_off128_r000_c005,DE01,Mannheim,DE01_off128_r000_c005,True,accepted,0,,True,True,True,256,256,2,1,1,EPSG:32632,True,True,True,True,"0,1,2,3,4,5",True,"0,1",True,0.0,True,35673,0.5443267822265625,9766,6642,18039,37,1189,True,True,True
DE01_off128_r002_c000,DE01,Mannheim,DE01_off128_r002_c000,True,accepted,0,,True,True,True,256,256,2,1,1,EPSG:32632,True,True,True,True,"0,1,2,3,4,5",True,"0,1",True,0.0,True,56445,0.8612823486328125,2279,2586,47519,3677,384,True,True,True
DE01_off128_r003_c000,DE01,Mannheim,DE01_off128_r003_c000,True,accepted,0,,True,True,True,256,256,2,1,1,EPSG:32632,True,True,True,True,"0,1,2,3,4,5",True,"0,1",True,0.0,True,62016,0.9462890625,334,906,56725,3739,312,True,True,True
DE01_off128_r003_c002,DE01,Mannheim,DE01_off128_r003_c002,True,accepted,0,,True,True,True,256,256,2,1,1,EPSG:32632,True,True,True,True,"0,1,2,3,4,5",True,"0,1",True,0.0,True,41288,0.6300048828125,9590,6081,24790,280,547,True,True,True
DE01_off128_r003_c003,DE01,Mannheim,DE01_off128_r003_c003,True,accepted,0,,True,True,True,256,256,2,1,1,EPSG:32632,True,True,True,True,"0,1,2,3,4,5",True,"0,1",True,0.0,True,35915,0.5480194091796875,8766,7641,17418,339,1751,True,True,True
DE01_off128_r003_c004,DE01,Mannheim,DE01_off128_r003_c004,True,accepted,0,,True,True,True,256,256,2,1,1,EPSG:32632,True,True,True,True,"0,1,2,3,4,5",True,"0,1",True,0.0,True,40243,0.6140594482421875,5986,3914,18895,128,11320,True,True,True
DE01_off128_r003_c005,DE01,Mannheim,DE01_off128_r003_c005,True,accepted,0,,True,True,True,256,256,2,1,1,EPSG:32632,True,True,True,True,"0,1,2,3,4,5",True,"0,1",True,0.0,True,38618,0.589263916015625,10814,6438,11381,4252,5733,True,True,True
DE01_off128_r004_c004,DE01,Mannheim,DE01_off128_r004_c004,True,accepted,0,,True,True,True,256,256,2,1,1,EPSG:32632,True,True,True,True,"0,1,2,3,4,5",True,"0,1",True,0.0,True,39461,0.6021270751953125,12138,5905,11686,195,9537,True,True,True
DE01_off128_r004_c005,DE01,Mannheim,DE01_off128_r004_c005,True,accepted,0,,True,True,True,256,256,2,1,1,EPSG:32632,True,True,True,True,"0,1,2,3,4,5",True,"0,1",True,0.0,True,39264,0.59912109375,14747,7418,9813,483,6803,True,True,True
DE01_off128_r004_c006,DE01,Mannheim,DE01_off128_r004_c006,True,accepted,0,,True,True,True,256,256,2,1,1,EPSG:32632,True,True,True,True,"0,1,2,3,4,5",True,"0,1",True,0.0,True,35012,0.53424072265625,13031,8362,11387,2045,187,True,True,True
DE01_off128_r004_c007,DE01,Mannheim,DE01_off128_r004_c007,True,accepted,0,,True,True,True,256,256,2,1,1,EPSG:32632,True,True,True,True,"0,1,2,3,4,5",True,"0,1",True,0.0,True,43875,0.6694793701171875,9642,6794,23051,2870,1518,True,True,True
DE01_off128_r005_c003,DE01,Mannheim,DE01_off128_r005_c003,True,accepted,0,,True,True,True,256,256,2,1,1,EPSG:32632,True,True,True,True,"0,1,2,3,4,5",True,"0,1",True,0.0,True,47490,0.724639892578125,5982,5269,33440,1087,1712,True,True,True
DE01_off128_r005_c004,DE01,Mannheim,DE01_off128_r005_c004,True,accepted,0,,True,True,True,256,256,2,1,1,EPSG:32632,True,True,True,True,"0,1,2,3,4,5",True,"0,1",True,0.0,True,34247,0.5225677490234375,12977,9438,5566,1297,4969,True,True,True
DE01_off128_r005_c005,DE01,Mannheim,DE01_off128_r005_c005,True,accepted,0,,True,True,True,256,256,2,1,1,EPSG:32632,True,True,True,True,"0,1,2,3,4,5",True,"0,1",True,0.0,True,42597,0.6499786376953125,17250,9179,10032,688,5448,True,True,True
DE01_off128_r005_c006,DE01,Mannheim,DE01_off128_r005_c006,True,accepted,0,,True,True,True,256,256,2,1,1,EPSG:32632,True,True,True,True,"0,1,2,3,4,5",True,"0,1",True,0.0,True,40168,0.6129150390625,6448,5535,23738,371,4076,True,True,True
DE01_off128_r005_c007,DE01,Mannheim,DE01_off128_r005_c007,True,accepted,0,,True,True,True,256,256,2,1,1,EPSG:32632,True,True,True,True,"0,1,2,3,4,5",True,"0,1",True,0.0,True,44894,0.685028076171875,6996,6223,27803,124,3748,True,True,True
DE01_off128_r005_c008,DE01,Mannheim,DE01_off128_r005_c008,True,accepted,0,,True,True,True,256,256,2,1,1,EPSG:32632,True,True,True,True,"0,1,2,3,4,5",True,"0,1",True,0.0,True,54689,0.8344879150390625,4464,2957,41686,2317,3265,True,True,True
DE01_off128_r006_c003,DE01,Mannheim,DE01_off128_r006_c003,True,accepted,0,,True,True,True,256,256,2,1,1,EPSG:32632,True,True,True,True,"0,1,2,3,4,5",True,"0,1",True,0.0,True,42864,0.654052734375,6841,4720,29212,545,1546,True,True,True
DE01_off128_r006_c004,DE01,Mannheim,DE01_off128_r006_c004,True,accepted,0,,True,True,True,256,256,2,1,1,EPSG:32632,True,True,True,True,"0,1,2,3,4,5",True,"0,1",True,0.0,True,36456,0.5562744140625,9009,6276,14238,277,6656,True,True,True
DE01_off128_r006_c005,DE01,Mannheim,DE01_off128_r006_c005,True,accepted,0,,True,True,True,256,256,2,1,1,EPSG:32632,True,True,True,True,"0,1,2,3,4,5",True,"0,1",True,0.0,True,41123,0.6274871826171875,9884,5916,20219,443,4661,True,True,True
DE01_off128_r006_c006,DE01,Mannheim,DE01_off128_r006_c006,True,accepted,0,,True,True,True,256,256,2,1,1,EPSG:32632,True,True,True,True,"0,1,2,3,4,5",True,"0,1",True,0.0,True,37325,0.5695343017578125,9838,8673,18139,634,41,True,True,True
DE01_off128_r006_c007,DE01,Mannheim,DE01_off128_r006_c007,True,accepted,0,,True,True,True,256,256,2,1,1,EPSG:32632,True,True,True,True,"0,1,2,3,4",True,"0,1",True,0.0,True,50693,0.7735137939453125,3411,4255,42112,915,0,True,True,True
DE01_off128_r006_c008,DE01,Mannheim,DE01_off128_r006_c008,True,accepted,0,,True,True,True,256,256,2,1,1,EPSG:32632,True,True,True,True,"0,1,2,3,4,5",True,"0,1",True,0.0,True,50788,0.77496337890625,5354,4267,38902,684,1581,True,True,True
DE01_off128_r007_c006,DE01,Mannheim,DE01_off128_r007_c006,True,accepted,0,,True,True,True,256,256,2,1,1,EPSG:32632,True,True,True,True,"0,1,2,3,4,5",True,"0,1",True,0.0,True,37612,0.57391357421875,9828,5789,11582,686,9727,True,True,True
DE01_off128_r007_c007,DE01,Mannheim,DE01_off128_r007_c007,True,accepted,0,,True,True,True,256,256,2,1,1,EPSG:32632,True,True,True,True,"0,1,2,3,4,5",True,"0,1",True,0.0,True,50206,0.766082763671875,2978,3188,42973,585,482,True,True,True
DE01_off128_r008_c010,DE01,Mannheim,DE01_off128_r008_c010,True,accepted,0,,True,True,True,256,256,2,1,1,EPSG:32632,True,True,True,True,"0,1,2,3,4,5",True,"0,1",True,0.0,True,38413,0.5861358642578125,9611,6704,17446,1376,3276,True,True,True
DE01_off128_r009_c002,DE01,Mannheim,DE01_off128_r009_c002,True,accepted,0,,True,True,True,256,256,2,1,1,EPSG:32632,True,True,True,True,"0,1,2,3,4,5",True,"0,1",True,0.0,True,45357,0.6920928955078125,6868,3943,32075,2181,290,True,True,True
DE01_off128_r009_c008,DE01,Mannheim,DE01_off128_r009_c008,True,accepted,0,,True,True,True,256,256,2,1,1,EPSG:32632,True,True,True,True,"0,1,2,3,4,5",True,"0,1",True,0.0,True,39925,0.6092071533203125,10114,6875,21995,289,652,True,True,True
DE01_off128_r010_c008,DE01,Mannheim,DE01_off128_r010_c008,True,accepted,0,,True,True,True,256,256,2,1,1,EPSG:32632,True,True,True,True,"0,1,2,3,4,5",True,"0,1",True,0.0,True,46390,0.707855224609375,6988,4817,33761,676,148,True,True,True
DE02_off128_r000_c000,DE02,Heidelberg,DE02_off128_r000_c000,True,accepted,0,,True,True,True,256,256,2,1,1,EPSG:32632,True,True,True,True,"0,1,2,3,4,5",True,"0,1",True,0.0,True,35221,0.5374298095703125,14718,8202,11064,1173,64,True,True,True
DE02_off128_r000_c001,DE02,Heidelberg,DE02_off128_r000_c001,True,accepted,0,,True,True,True,256,256,2,1,1,EPSG:32632,True,True,True,True,"0,1,2,3,4,5",True,"0,1",True,0.0,True,42860,0.65399169921875,8722,6817,21904,4081,1336,True,True,True
DE02_off128_r001_c000,DE02,Heidelberg,DE02_off128_r001_c000,True,accepted,0,,True,True,True,256,256,2,1,1,EPSG:32632,True,True,True,True,"0,1,2,3,4,5",True,"0,1",True,0.0,True,38540,0.58807373046875,8443,5862,19878,361,3996,True,True,True
DE02_off128_r001_c001,DE02,Heidelberg,DE02_off128_r001_c001,True,accepted,0,,True,True,True,256,256,2,1,1,EPSG:32632,True,True,True,True,"0,1,2,3,4,5",True,"0,1",True,0.0,True,43924,0.67022705078125,7475,6180,25999,563,3707,True,True,True
DE02_off128_r001_c002,DE02,Heidelberg,DE02_off128_r001_c002,True,accepted,0,,True,True,True,256,256,2,1,1,EPSG:32632,True,True,True,True,"0,1,2,3,4,5",True,"0,1",True,0.0,True,54859,0.8370819091796875,4226,3198,43059,1892,2484,True,True,True
DE02_off128_r002_c000,DE02,Heidelberg,DE02_off128_r002_c000,True,accepted,0,,True,True,True,256,256,2,1,1,EPSG:32632,True,True,True,True,"0,1,2,3,4,5",True,"0,1",True,0.0,True,36146,0.551544189453125,11940,8734,14879,553,40,True,True,True
DE02_off128_r002_c001,DE02,Heidelberg,DE02_off128_r002_c001,True,accepted,0,,True,True,True,256,256,2,1,1,EPSG:32632,True,True,True,True,"0,1,2,3,4",True,"0,1",True,0.0,True,51205,0.7813262939453125,2752,5449,41835,1169,0,True,True,True
DE02_off128_r002_c002,DE02,Heidelberg,DE02_off128_r002_c002,True,accepted,0,,True,True,True,256,256,2,1,1,EPSG:32632,True,True,True,True,"0,1,2,3,4,5",True,"0,1",True,0.0,True,50305,0.7675933837890625,6038,4220,37319,582,2146,True,True,True
DE02_off128_r003_c000,DE02,Heidelberg,DE02_off128_r003_c000,True,accepted,0,,True,True,True,256,256,2,1,1,EPSG:32632,True,True,True,True,"0,1,2,3,4,5",True,"0,1",True,0.0,True,41067,0.6266326904296875,9296,5567,16837,310,9057,True,True,True
DE02_off128_r003_c001,DE02,Heidelberg,DE02_off128_r003_c001,True,accepted,0,,True,True,True,256,256,2,1,1,EPSG:32632,True,True,True,True,"0,1,2,3,4,5",True,"0,1",True,0.0,True,45079,0.6878509521484375,5031,4410,33610,815,1213,True,True,True
DE02_off128_r003_c005,DE02,Heidelberg,DE02_off128_r003_c005,True,accepted,0,,True,True,True,256,256,2,1,1,EPSG:32632,True,True,True,True,"0,1,2,3,4,5",True,"0,1",True,0.0,True,50303,0.7675628662109375,6143,3549,39870,716,25,True,True,True
DE02_off128_r004_c001,DE02,Heidelberg,DE02_off128_r004_c001,True,accepted,0,,True,True,True,256,256,2,1,1,EPSG:32632,True,True,True,True,"0,1,2,3,4,5",True,"0,1",True,0.0,True,42454,0.647796630859375,7369,6165,26858,578,1484,True,True,True
DE02_off128_r004_c004,DE02,Heidelberg,DE02_off128_r004_c004,True,accepted,0,,True,True,True,256,256,2,1,1,EPSG:32632,True,True,True,True,"0,1,2,3,4,5",True,"0,1",True,0.0,True,42706,0.651641845703125,8378,6251,24907,293,2877,True,True,True
DE02_off128_r004_c005,DE02,Heidelberg,DE02_off128_r004_c005,True,accepted,0,,True,True,True,256,256,2,1,1,EPSG:32632,True,True,True,True,"0,1,2,3,4,5",True,"0,1",True,0.0,True,38394,0.585845947265625,12831,6290,13475,1376,4422,True,True,True
DE02_off128_r005_c002,DE02,Heidelberg,DE02_off128_r005_c002,True,accepted,0,,True,True,True,256,256,2,1,1,EPSG:32632,True,True,True,True,"0,1,2,3,4,5",True,"0,1",True,0.0,True,40925,0.6244659423828125,9163,6528,24406,411,417,True,True,True
DE02_off128_r005_c004,DE02,Heidelberg,DE02_off128_r005_c004,True,accepted,0,,True,True,True,256,256,2,1,1,EPSG:32632,True,True,True,True,"0,1,2,3,4,5",True,"0,1",True,0.0,True,43193,0.6590728759765625,9110,6211,27419,444,9,True,True,True
DE02_off128_r005_c005,DE02,Heidelberg,DE02_off128_r005_c005,True,accepted,0,,True,True,True,256,256,2,1,1,EPSG:32632,True,True,True,True,"0,1,2,3,4,5",True,"0,1",True,0.0,True,35669,0.5442657470703125,10811,7426,14398,2874,160,True,True,True
DE02_off128_r006_c002,DE02,Heidelberg,DE02_off128_r006_c002,True,accepted,0,,True,True,True,256,256,2,1,1,EPSG:32632,True,True,True,True,"0,1,2,3,4,5",True,"0,1",True,0.0,True,46589,0.7108917236328125,7285,4861,33191,802,450,True,True,True
DE02_off128_r006_c005,DE02,Heidelberg,DE02_off128_r006_c005,True,accepted,0,,True,True,True,256,256,2,1,1,EPSG:32632,True,True,True,True,"0,1,2,3,4,5",True,"0,1",True,0.0,True,41551,0.6340179443359375,10797,6302,23701,733,18,True,True,True
DE02_off128_r007_c005,DE02,Heidelberg,DE02_off128_r007_c005,True,accepted,0,,True,True,True,256,256,2,1,1,EPSG:32632,True,True,True,True,"0,1,2,3,4,5",True,"0,1",True,0.0,True,40331,0.6154022216796875,9171,6032,24427,120,581,True,True,True
DE02_off128_r009_c005,DE02,Heidelberg,DE02_off128_r009_c005,True,accepted,0,,True,True,True,256,256,2,1,1,EPSG:32632,True,True,True,True,"0,1,2,3,4,5",True,"0,1",True,0.0,True,54558,0.832489013671875,3788,2814,46054,1496,406,True,True,True
DE02_off128_r009_c006,DE02,Heidelberg,DE02_off128_r009_c006,True,accepted,0,,True,True,True,256,256,2,1,1,EPSG:32632,True,True,True,True,"0,1,2,3,4,5",True,"0,1",True,0.0,True,51800,0.7904052734375,3832,2986,39815,5040,127,True,True,True
DE03_off128_r000_c010,DE03,Karlsruhe,DE03_off128_r000_c010,True,accepted,0,,True,True,True,256,256,2,1,1,EPSG:32632,True,True,True,True,"0,1,2,3,4,5",True,"0,1",True,0.0,True,35008,0.5341796875,11420,6332,16319,805,132,True,True,True
DE03_off128_r002_c002,DE03,Karlsruhe,DE03_off128_r002_c002,True,accepted,0,,True,True,True,256,256,2,1,1,EPSG:32632,True,True,True,True,"0,1,2,3,4,5",True,"0,1",True,0.0,True,50559,0.7714691162109375,3327,2234,30730,2055,12213,True,True,True
DE03_off128_r002_c004,DE03,Karlsruhe,DE03_off128_r002_c004,True,accepted,0,,True,True,True,256,256,2,1,1,EPSG:32632,True,True,True,True,"0,1,2,3,4,5",True,"0,1",True,0.0,True,54859,0.8370819091796875,2868,1989,44091,607,5304,True,True,True
DE03_off128_r003_c001,DE03,Karlsruhe,DE03_off128_r003_c001,True,accepted,0,,True,True,True,256,256,2,1,1,EPSG:32632,True,True,True,True,"0,1,2,3,4,5",True,"0,1",True,0.0,True,48247,0.7361907958984375,6052,5133,30216,115,6731,True,True,True
DE03_off128_r003_c003,DE03,Karlsruhe,DE03_off128_r003_c003,True,accepted,0,,True,True,True,256,256,2,1,1,EPSG:32632,True,True,True,True,"0,1,2,3,4,5",True,"0,1",True,0.0,True,42547,0.6492156982421875,3729,4079,29764,887,4088,True,True,True
DE03_off128_r003_c008,DE03,Karlsruhe,DE03_off128_r003_c008,True,accepted,0,,True,True,True,256,256,2,1,1,EPSG:32632,True,True,True,True,"0,1,2,3,4,5",True,"0,1",True,0.0,True,53379,0.8144989013671875,4318,2795,44928,752,586,True,True,True
DE03_off128_r004_c003,DE03,Karlsruhe,DE03_off128_r004_c003,True,accepted,0,,True,True,True,256,256,2,1,1,EPSG:32632,True,True,True,True,"0,1,2,3,4,5",True,"0,1",True,0.0,True,44085,0.6726837158203125,8479,6100,24024,2172,3310,True,True,True
DE03_off128_r004_c004,DE03,Karlsruhe,DE03_off128_r004_c004,True,accepted,0,,True,True,True,256,256,2,1,1,EPSG:32632,True,True,True,True,"0,1,2,3,4,5",True,"0,1",True,0.0,True,34861,0.5319366455078125,9612,6366,17795,1000,88,True,True,True
DE03_off128_r005_c003,DE03,Karlsruhe,DE03_off128_r005_c003,True,accepted,0,,True,True,True,256,256,2,1,1,EPSG:32632,True,True,True,True,"0,1,2,3,4,5",True,"0,1",True,0.0,True,38900,0.59356689453125,11846,7617,16270,330,2837,True,True,True
DE03_off128_r005_c004,DE03,Karlsruhe,DE03_off128_r005_c004,True,accepted,0,,True,True,True,256,256,2,1,1,EPSG:32632,True,True,True,True,"0,1,2,3,4,5",True,"0,1",True,0.0,True,37074,0.565704345703125,16022,9101,11071,336,544,True,True,True
DE03_off128_r005_c005,DE03,Karlsruhe,DE03_off128_r005_c005,True,accepted,0,,True,True,True,256,256,2,1,1,EPSG:32632,True,True,True,True,"0,1,2,3,4,5",True,"0,1",True,0.0,True,42773,0.6526641845703125,17227,8096,14377,2720,353,True,True,True
DE03_off128_r005_c006,DE03,Karlsruhe,DE03_off128_r005_c006,True,accepted,0,,True,True,True,256,256,2,1,1,EPSG:32632,True,True,True,True,"0,1,2,3,4,5",True,"0,1",True,0.0,True,43051,0.6569061279296875,10447,8135,23909,452,108,True,True,True
DE03_off128_r008_c001,DE03,Karlsruhe,DE03_off128_r008_c001,True,accepted,0,,True,True,True,256,256,2,1,1,EPSG:32632,True,True,True,True,"0,1,2,3,4,5",True,"0,1",True,0.0,True,42472,0.6480712890625,6163,5174,27890,633,2612,True,True,True
DE03_off128_r009_c008,DE03,Karlsruhe,DE03_off128_r009_c008,True,accepted,0,,True,True,True,256,256,2,1,1,EPSG:32632,True,True,True,True,"0,1,2,3,4,5",True,"0,1",True,0.0,True,51117,0.7799835205078125,4461,2990,43063,551,52,True,True,True
DE03_off128_r010_c000,DE03,Karlsruhe,DE03_off128_r010_c000,True,accepted,0,,True,True,True,256,256,2,1,1,EPSG:32632,True,True,True,True,"0,1,2,3,4,5",True,"0,1",True,0.0,True,52147,0.7957000732421875,3364,2689,44588,1456,50,True,True,True
DE03_off128_r010_c001,DE03,Karlsruhe,DE03_off128_r010_c001,True,accepted,0,,True,True,True,256,256,2,1,1,EPSG:32632,True,True,True,True,"0,1,2,3,4,5",True,"0,1",True,0.0,True,52392,0.7994384765625,5571,2542,37405,2891,3983,True,True,True
DE03_off128_r011_c007,DE03,Karlsruhe,DE03_off128_r011_c007,False,rejected,1,padding_fraction_exceeds_limit,True,True,True,256,256,2,1,1,EPSG:32632,True,True,True,True,"0,1,2,3,4,5,255",True,"0,1",True,0.78125,False,14319,0.2184906005859375,3,54,13308,953,1,True,True,True
DE04_off128_r000_c001,DE04,Stuttgart,DE04_off128_r000_c001,True,accepted,0,,True,True,True,256,256,2,1,1,EPSG:32632,True,True,True,True,"0,1,2,3,4,5",True,"0,1",True,0.0,True,62902,0.959808349609375,366,1317,55527,5682,10,True,True,True
DE04_off128_r000_c002,DE04,Stuttgart,DE04_off128_r000_c002,True,accepted,0,,True,True,True,256,256,2,1,1,EPSG:32632,True,True,True,True,"0,1,2,3,4,5",True,"0,1",True,0.0,True,49758,0.759246826171875,5355,3733,38869,1735,66,True,True,True
DE04_off128_r000_c004,DE04,Stuttgart,DE04_off128_r000_c004,True,accepted,0,,True,True,True,256,256,2,1,1,EPSG:32632,True,True,True,True,"0,1,2,3,4,5",True,"0,1",True,0.0,True,46860,0.71502685546875,7813,5367,32866,789,25,True,True,True
DE04_off128_r000_c005,DE04,Stuttgart,DE04_off128_r000_c005,True,accepted,0,,True,True,True,256,256,2,1,1,EPSG:32632,True,True,True,True,"0,1,2,3,4,5",True,"0,1",True,0.0,True,37697,0.5752105712890625,12891,6753,17683,318,52,True,True,True
DE04_off128_r001_c005,DE04,Stuttgart,DE04_off128_r001_c005,True,accepted,0,,True,True,True,256,256,2,1,1,EPSG:32632,True,True,True,True,"0,1,2,3,4,5",True,"0,1",True,0.0,True,35345,0.5393218994140625,9403,6105,19534,222,81,True,True,True
DE04_off128_r002_c000,DE04,Stuttgart,DE04_off128_r002_c000,True,accepted,0,,True,True,True,256,256,2,1,1,EPSG:32632,True,True,True,True,"0,1,2,3,4,5",True,"0,1",True,0.0,True,60418,0.921905517578125,1592,1169,53403,4252,2,True,True,True
DE04_off128_r002_c004,DE04,Stuttgart,DE04_off128_r002_c004,True,accepted,0,,True,True,True,256,256,2,1,1,EPSG:32632,True,True,True,True,"0,1,2,3,4,5",True,"0,1",True,0.0,True,41859,0.6387176513671875,10677,6845,24011,321,5,True,True,True
DE04_off128_r002_c005,DE04,Stuttgart,DE04_off128_r002_c005,True,accepted,0,,True,True,True,256,256,2,1,1,EPSG:32632,True,True,True,True,"0,1,2,3,4,5",True,"0,1",True,0.0,True,43418,0.662506103515625,6384,4527,31974,487,46,True,True,True
DE04_off128_r002_c009,DE04,Stuttgart,DE04_off128_r002_c009,True,accepted,0,,True,True,True,256,256,2,1,1,EPSG:32632,True,True,True,True,"0,1,2,3,4,5",True,"0,1",True,0.0,True,46749,0.7133331298828125,6353,4899,33787,793,917,True,True,True
DE04_off128_r003_c002,DE04,Stuttgart,DE04_off128_r003_c002,True,accepted,0,,True,True,True,256,256,2,1,1,EPSG:32632,True,True,True,True,"0,1,2,3,4,5",True,"0,1",True,0.0,True,47000,0.7171630859375,6487,4734,35095,674,10,True,True,True
DE04_off128_r003_c005,DE04,Stuttgart,DE04_off128_r003_c005,True,accepted,0,,True,True,True,256,256,2,1,1,EPSG:32632,True,True,True,True,"0,1,2,3,4,5",True,"0,1",True,0.0,True,37994,0.579742431640625,8748,6361,22209,615,61,True,True,True
DE04_off128_r003_c006,DE04,Stuttgart,DE04_off128_r003_c006,True,accepted,0,,True,True,True,256,256,2,1,1,EPSG:32632,True,True,True,True,"0,1,2,3,4,5",True,"0,1",True,0.0,True,37665,0.5747222900390625,9339,6202,18365,536,3223,True,True,True
DE04_off128_r003_c008,DE04,Stuttgart,DE04_off128_r003_c008,True,accepted,0,,True,True,True,256,256,2,1,1,EPSG:32632,True,True,True,True,"0,1,2,3,4,5",True,"0,1",True,0.0,True,42100,0.64239501953125,10327,6313,25170,191,99,True,True,True
DE04_off128_r004_c000,DE04,Stuttgart,DE04_off128_r004_c000,True,accepted,0,,True,True,True,256,256,2,1,1,EPSG:32632,True,True,True,True,"0,1,2,3,4,5",True,"0,1",True,0.0,True,37483,0.5719451904296875,11751,7185,18280,128,139,True,True,True
DE04_off128_r004_c005,DE04,Stuttgart,DE04_off128_r004_c005,True,accepted,0,,True,True,True,256,256,2,1,1,EPSG:32632,True,True,True,True,"0,1,2,3,4,5",True,"0,1",True,0.0,True,36631,0.5589447021484375,10951,6665,17274,1347,394,True,True,True
DE04_off128_r004_c006,DE04,Stuttgart,DE04_off128_r004_c006,True,accepted,0,,True,True,True,256,256,2,1,1,EPSG:32632,True,True,True,True,"0,1,2,3,4,5",True,"0,1",True,0.0,True,34431,0.5253753662109375,13454,9096,7868,1015,2998,True,True,True
DE04_off128_r004_c007,DE04,Stuttgart,DE04_off128_r004_c007,True,accepted,0,,True,True,True,256,256,2,1,1,EPSG:32632,True,True,True,True,"0,1,2,3,4,5",True,"0,1",True,0.0,True,48116,0.73419189453125,5801,4062,36856,1376,21,True,True,True
DE04_off128_r004_c009,DE04,Stuttgart,DE04_off128_r004_c009,True,accepted,0,,True,True,True,256,256,2,1,1,EPSG:32632,True,True,True,True,"0,1,2,3,4,5",True,"0,1",True,0.0,True,48831,0.7451019287109375,3976,2594,41714,507,40,True,True,True
DE04_off128_r005_c004,DE04,Stuttgart,DE04_off128_r005_c004,True,accepted,0,,True,True,True,256,256,2,1,1,EPSG:32632,True,True,True,True,"0,1,2,3,4,5",True,"0,1",True,0.0,True,39430,0.601654052734375,14743,7493,16988,109,97,True,True,True
DE04_off128_r005_c005,DE04,Stuttgart,DE04_off128_r005_c005,True,accepted,0,,True,True,True,256,256,2,1,1,EPSG:32632,True,True,True,True,"0,1,2,3,4,5",True,"0,1",True,0.0,True,39386,0.600982666015625,15832,8748,14153,552,101,True,True,True
DE04_off128_r005_c007,DE04,Stuttgart,DE04_off128_r005_c007,True,accepted,0,,True,True,True,256,256,2,1,1,EPSG:32632,True,True,True,True,"0,1,2,3,4,5",True,"0,1",True,0.0,True,44663,0.6815032958984375,9357,5708,25250,449,3899,True,True,True
DE04_off128_r006_c007,DE04,Stuttgart,DE04_off128_r006_c007,True,accepted,0,,True,True,True,256,256,2,1,1,EPSG:32632,True,True,True,True,"0,1,2,3,4,5",True,"0,1",True,0.0,True,50470,0.770111083984375,8868,4242,33661,1485,2214,True,True,True
DE04_off128_r006_c008,DE04,Stuttgart,DE04_off128_r006_c008,True,accepted,0,,True,True,True,256,256,2,1,1,EPSG:32632,True,True,True,True,"0,1,2,3,4,5",True,"0,1",True,0.0,True,44896,0.68505859375,8034,4373,29933,711,1845,True,True,True
DE04_off128_r007_c000,DE04,Stuttgart,DE04_off128_r007_c000,True,accepted,0,,True,True,True,256,256,2,1,1,EPSG:32632,True,True,True,True,"0,1,2,3,4,5",True,"0,1",True,0.0,True,52778,0.805328369140625,3684,3132,43878,1996,88,True,True,True
DE04_off128_r007_c003,DE04,Stuttgart,DE04_off128_r007_c003,True,accepted,0,,True,True,True,256,256,2,1,1,EPSG:32632,True,True,True,True,"0,1,2,3,4,5",True,"0,1",True,0.0,True,33589,0.5125274658203125,11797,6612,14719,291,170,True,True,True
DE04_off128_r007_c009,DE04,Stuttgart,DE04_off128_r007_c009,True,accepted,0,,True,True,True,256,256,2,1,1,EPSG:32632,True,True,True,True,"0,1,2,3,4,5",True,"0,1",True,0.0,True,37775,0.5764007568359375,11120,6724,16746,8,3177,True,True,True
DE04_off128_r008_c000,DE04,Stuttgart,DE04_off128_r008_c000,True,accepted,0,,True,True,True,256,256,2,1,1,EPSG:32632,True,True,True,True,"0,1,2,3,4,5",True,"0,1",True,0.0,True,35958,0.548675537109375,13631,8144,11638,2202,343,True,True,True
DE04_off128_r008_c005,DE04,Stuttgart,DE04_off128_r008_c005,True,accepted,0,,True,True,True,256,256,2,1,1,EPSG:32632,True,True,True,True,"0,1,2,3,4,5",True,"0,1",True,0.0,True,54378,0.829742431640625,4345,3868,44436,1533,196,True,True,True
DE04_off128_r009_c000,DE04,Stuttgart,DE04_off128_r009_c000,True,accepted,0,,True,True,True,256,256,2,1,1,EPSG:32632,True,True,True,True,"0,1,2,3,4,5",True,"0,1",True,0.0,True,31512,0.4808349609375,11468,7563,11332,456,693,True,True,True
DE04_off128_r009_c001,DE04,Stuttgart,DE04_off128_r009_c001,True,accepted,0,,True,True,True,256,256,2,1,1,EPSG:32632,True,True,True,True,"0,1,2,3,4,5",True,"0,1",True,0.0,True,52296,0.7979736328125,3271,3087,43766,2040,132,True,True,True
DE04_off128_r009_c010,DE04,Stuttgart,DE04_off128_r009_c010,True,accepted,0,,True,True,True,256,256,2,1,1,EPSG:32632,True,True,True,True,"0,1,2,3,4,5",True,"0,1",True,0.0,True,43540,0.66436767578125,8098,6190,27295,688,1269,True,True,True
DE05_off128_r000_c001,DE05,Munich,DE05_off128_r000_c001,True,accepted,0,,True,True,True,256,256,2,1,1,EPSG:32632,True,True,True,True,"0,1,2,3,4,5",True,"0,1",True,0.0,True,39459,0.6020965576171875,8346,6750,22503,504,1356,True,True,True
DE05_off128_r002_c001,DE05,Munich,DE05_off128_r002_c001,True,accepted,0,,True,True,True,256,256,2,1,1,EPSG:32632,True,True,True,True,"0,1,2,3,4,5",True,"0,1",True,0.0,True,43670,0.666351318359375,5360,4384,32814,742,370,True,True,True
DE05_off128_r002_c003,DE05,Munich,DE05_off128_r002_c003,True,accepted,0,,True,True,True,256,256,2,1,1,EPSG:32632,True,True,True,True,"0,1,2,3,4,5",True,"0,1",True,0.0,True,44740,0.68267822265625,4447,3505,31078,2381,3329,True,True,True
DE05_off128_r002_c004,DE05,Munich,DE05_off128_r002_c004,True,accepted,0,,True,True,True,256,256,2,1,1,EPSG:32632,True,True,True,True,"0,1,2,3,4,5",True,"0,1",True,0.0,True,31498,0.480621337890625,11111,6231,13153,922,81,True,True,True
DE05_off128_r002_c005,DE05,Munich,DE05_off128_r002_c005,True,accepted,0,,True,True,True,256,256,2,1,1,EPSG:32632,True,True,True,True,"0,1,2,3,4,5",True,"0,1",True,0.0,True,36651,0.5592498779296875,11939,7278,11940,5490,4,True,True,True
DE05_off128_r002_c006,DE05,Munich,DE05_off128_r002_c006,True,accepted,0,,True,True,True,256,256,2,1,1,EPSG:32632,True,True,True,True,"0,1,2,3,4,5",True,"0,1",True,0.0,True,43184,0.658935546875,6976,5978,26510,1103,2617,True,True,True
DE05_off128_r003_c001,DE05,Munich,DE05_off128_r003_c001,True,accepted,0,,True,True,True,256,256,2,1,1,EPSG:32632,True,True,True,True,"0,1,2,3,4,5",True,"0,1",True,0.0,True,37874,0.577911376953125,6896,5287,24497,995,199,True,True,True
DE05_off128_r003_c002,DE05,Munich,DE05_off128_r003_c002,True,accepted,0,,True,True,True,256,256,2,1,1,EPSG:32632,True,True,True,True,"0,1,2,3,4,5",True,"0,1",True,0.0,True,33567,0.5121917724609375,9674,6658,16613,601,21,True,True,True
DE05_off128_r003_c003,DE05,Munich,DE05_off128_r003_c003,True,accepted,0,,True,True,True,256,256,2,1,1,EPSG:32632,True,True,True,True,"0,1,2,3,4,5",True,"0,1",True,0.0,True,32462,0.495330810546875,11976,7398,11629,1419,40,True,True,True
DE05_off128_r003_c004,DE05,Munich,DE05_off128_r003_c004,True,accepted,0,,True,True,True,256,256,2,1,1,EPSG:32632,True,True,True,True,"0,1,2,3,4,5",True,"0,1",True,0.0,True,45100,0.68817138671875,12827,7032,23135,1237,869,True,True,True
DE05_off128_r003_c005,DE05,Munich,DE05_off128_r003_c005,True,accepted,0,,True,True,True,256,256,2,1,1,EPSG:32632,True,True,True,True,"0,1,2,3,4,5",True,"0,1",True,0.0,True,33944,0.5179443359375,13545,8143,10727,1275,254,True,True,True
DE05_off128_r003_c006,DE05,Munich,DE05_off128_r003_c006,True,accepted,0,,True,True,True,256,256,2,1,1,EPSG:32632,True,True,True,True,"0,1,2,3,4,5",True,"0,1",True,0.0,True,45425,0.6931304931640625,5783,4158,31995,480,3009,True,True,True
DE05_off128_r003_c008,DE05,Munich,DE05_off128_r003_c008,True,accepted,0,,True,True,True,256,256,2,1,1,EPSG:32632,True,True,True,True,"0,1,2,3,4,5",True,"0,1",True,0.0,True,61035,0.9313201904296875,554,624,53668,4015,2174,True,True,True
DE05_off128_r003_c009,DE05,Munich,DE05_off128_r003_c009,True,accepted,0,,True,True,True,256,256,2,1,1,EPSG:32632,True,True,True,True,"0,1,2,3,4,5",True,"0,1",True,0.0,True,44402,0.677520751953125,4806,5082,33963,529,22,True,True,True
DE05_off128_r003_c010,DE05,Munich,DE05_off128_r003_c010,True,accepted,0,,True,True,True,256,256,2,1,1,EPSG:32632,True,True,True,True,"0,1,2,3,4,5",True,"0,1",True,0.0,True,47901,0.7309112548828125,6503,4073,35006,2199,120,True,True,True
DE05_off128_r004_c000,DE05,Munich,DE05_off128_r004_c000,True,accepted,0,,True,True,True,256,256,2,1,1,EPSG:32632,True,True,True,True,"0,1,2,3,4,5",True,"0,1",True,0.0,True,39319,0.5999603271484375,7834,4902,25752,725,106,True,True,True
DE05_off128_r004_c002,DE05,Munich,DE05_off128_r004_c002,True,accepted,0,,True,True,True,256,256,2,1,1,EPSG:32632,True,True,True,True,"0,1,2,3,4,5",True,"0,1",True,0.0,True,41125,0.6275177001953125,6398,4188,28334,738,1467,True,True,True
DE05_off128_r004_c004,DE05,Munich,DE05_off128_r004_c004,True,accepted,0,,True,True,True,256,256,2,1,1,EPSG:32632,True,True,True,True,"0,1,2,3,4,5",True,"0,1",True,0.0,True,39024,0.595458984375,19940,8976,8946,1153,9,True,True,True
DE05_off128_r004_c006,DE05,Munich,DE05_off128_r004_c006,True,accepted,0,,True,True,True,256,256,2,1,1,EPSG:32632,True,True,True,True,"0,1,2,3,4,5",True,"0,1",True,0.0,True,33685,0.5139923095703125,10178,6078,16005,364,1060,True,True,True
DE05_off128_r004_c007,DE05,Munich,DE05_off128_r004_c007,True,accepted,0,,True,True,True,256,256,2,1,1,EPSG:32632,True,True,True,True,"0,1,2,3,4,5",True,"0,1",True,0.0,True,37161,0.5670318603515625,6154,4258,26217,394,138,True,True,True
DE05_off128_r004_c008,DE05,Munich,DE05_off128_r004_c008,True,accepted,0,,True,True,True,256,256,2,1,1,EPSG:32632,True,True,True,True,"0,1,2,3,4,5",True,"0,1",True,0.0,True,47431,0.7237396240234375,3634,3491,37599,2343,364,True,True,True
DE05_off128_r004_c009,DE05,Munich,DE05_off128_r004_c009,True,accepted,0,,True,True,True,256,256,2,1,1,EPSG:32632,True,True,True,True,"0,1,2,3,4,5",True,"0,1",True,0.0,True,46617,0.7113189697265625,5108,4529,29637,5539,1804,True,True,True
DE05_off128_r004_c010,DE05,Munich,DE05_off128_r004_c010,True,accepted,0,,True,True,True,256,256,2,1,1,EPSG:32632,True,True,True,True,"0,1,2,3,4,5",True,"0,1",True,0.0,True,49670,0.757904052734375,5198,4280,38576,1295,321,True,True,True
DE05_off128_r005_c000,DE05,Munich,DE05_off128_r005_c000,True,accepted,0,,True,True,True,256,256,2,1,1,EPSG:32632,True,True,True,True,"0,1,2,3,4,5",True,"0,1",True,0.0,True,39655,0.6050872802734375,7642,4747,26299,955,12,True,True,True
DE05_off128_r005_c002,DE05,Munich,DE05_off128_r005_c002,True,accepted,0,,True,True,True,256,256,2,1,1,EPSG:32632,True,True,True,True,"0,1,2,3,4,5",True,"0,1",True,0.0,True,29358,0.447967529296875,9918,7230,11074,1085,51,True,True,True
DE05_off128_r005_c003,DE05,Munich,DE05_off128_r005_c003,True,accepted,0,,True,True,True,256,256,2,1,1,EPSG:32632,True,True,True,True,"0,1,2,3,4,5",True,"0,1",True,0.0,True,34876,0.53216552734375,12342,8046,12917,1210,361,True,True,True
DE05_off128_r005_c004,DE05,Munich,DE05_off128_r005_c004,True,accepted,0,,True,True,True,256,256,2,1,1,EPSG:32632,True,True,True,True,"0,1,2,3,4,5",True,"0,1",True,0.0,True,37980,0.57952880859375,20360,7585,8984,732,319,True,True,True
DE05_off128_r005_c005,DE05,Munich,DE05_off128_r005_c005,True,accepted,0,,True,True,True,256,256,2,1,1,EPSG:32632,True,True,True,True,"0,1,2,3,4,5",True,"0,1",True,0.0,True,41355,0.6310272216796875,21466,7912,8582,937,2458,True,True,True
DE05_off128_r005_c006,DE05,Munich,DE05_off128_r005_c006,True,accepted,0,,True,True,True,256,256,2,1,1,EPSG:32632,True,True,True,True,"0,1,2,3,4,5",True,"0,1",True,0.0,True,35109,0.5357208251953125,14019,7893,10355,2816,26,True,True,True
DE05_off128_r005_c007,DE05,Munich,DE05_off128_r005_c007,True,accepted,0,,True,True,True,256,256,2,1,1,EPSG:32632,True,True,True,True,"0,1,2,3,4,5",True,"0,1",True,0.0,True,30344,0.4630126953125,12173,7375,9610,1177,9,True,True,True
DE05_off128_r005_c008,DE05,Munich,DE05_off128_r005_c008,True,accepted,0,,True,True,True,256,256,2,1,1,EPSG:32632,True,True,True,True,"0,1,2,3,4,5",True,"0,1",True,0.0,True,40828,0.62298583984375,10223,5233,23044,1447,881,True,True,True
DE05_off128_r005_c009,DE05,Munich,DE05_off128_r005_c009,True,accepted,0,,True,True,True,256,256,2,1,1,EPSG:32632,True,True,True,True,"0,1,2,3,4,5",True,"0,1",True,0.0,True,56686,0.864959716796875,1628,1670,49476,3190,722,True,True,True
DE05_off128_r006_c001,DE05,Munich,DE05_off128_r006_c001,True,accepted,0,,True,True,True,256,256,2,1,1,EPSG:32632,True,True,True,True,"0,1,2,3,4,5",True,"0,1",True,0.0,True,42552,0.6492919921875,6555,4440,27483,4019,55,True,True,True
DE05_off128_r006_c003,DE05,Munich,DE05_off128_r006_c003,True,accepted,0,,True,True,True,256,256,2,1,1,EPSG:32632,True,True,True,True,"0,1,2,3,4,5",True,"0,1",True,0.0,True,33133,0.5055694580078125,11861,8454,12248,559,11,True,True,True
DE05_off128_r006_c005,DE05,Munich,DE05_off128_r006_c005,True,accepted,0,,True,True,True,256,256,2,1,1,EPSG:32632,True,True,True,True,"0,1,2,3,4,5",True,"0,1",True,0.0,True,30713,0.4686431884765625,15022,8703,6131,709,148,True,True,True
DE05_off128_r006_c006,DE05,Munich,DE05_off128_r006_c006,True,accepted,0,,True,True,True,256,256,2,1,1,EPSG:32632,True,True,True,True,"0,1,2,3,4,5",True,"0,1",True,0.0,True,31620,0.48248291015625,10148,7633,12151,1169,519,True,True,True
DE05_off128_r006_c007,DE05,Munich,DE05_off128_r006_c007,True,accepted,0,,True,True,True,256,256,2,1,1,EPSG:32632,True,True,True,True,"0,1,2,3,4,5",True,"0,1",True,0.0,True,33254,0.507415771484375,10174,6019,16041,978,42,True,True,True
DE05_off128_r007_c003,DE05,Munich,DE05_off128_r007_c003,True,accepted,0,,True,True,True,256,256,2,1,1,EPSG:32632,True,True,True,True,"0,1,2,3,4,5",True,"0,1",True,0.0,True,32606,0.497528076171875,12975,7326,11224,1072,9,True,True,True
DE05_off128_r007_c004,DE05,Munich,DE05_off128_r007_c004,True,accepted,0,,True,True,True,256,256,2,1,1,EPSG:32632,True,True,True,True,"0,1,2,3,4,5",True,"0,1",True,0.0,True,41719,0.6365814208984375,6324,4119,27458,480,3338,True,True,True
DE05_off128_r007_c006,DE05,Munich,DE05_off128_r007_c006,True,accepted,0,,True,True,True,256,256,2,1,1,EPSG:32632,True,True,True,True,"0,1,2,3,4,5",True,"0,1",True,0.0,True,44211,0.6746063232421875,7079,4918,30887,580,747,True,True,True
DE05_off128_r007_c007,DE05,Munich,DE05_off128_r007_c007,True,accepted,0,,True,True,True,256,256,2,1,1,EPSG:32632,True,True,True,True,"0,1,2,3,4,5",True,"0,1",True,0.0,True,39020,0.59539794921875,9325,5749,22994,913,39,True,True,True
DE05_off128_r008_c003,DE05,Munich,DE05_off128_r008_c003,True,accepted,0,,True,True,True,256,256,2,1,1,EPSG:32632,True,True,True,True,"0,1,2,3,4,5",True,"0,1",True,0.0,True,41741,0.6369171142578125,6207,3801,30666,442,625,True,True,True
DE05_off128_r008_c007,DE05,Munich,DE05_off128_r008_c007,True,accepted,0,,True,True,True,256,256,2,1,1,EPSG:32632,True,True,True,True,"0,1,2,3,4,5",True,"0,1",True,0.0,True,42932,0.65509033203125,7918,5092,29326,575,21,True,True,True
DE05_off128_r008_c008,DE05,Munich,DE05_off128_r008_c008,True,accepted,0,,True,True,True,256,256,2,1,1,EPSG:32632,True,True,True,True,"0,1,2,3,4,5",True,"0,1",True,0.0,True,43627,0.6656951904296875,8039,4898,30048,620,22,True,True,True
DE05_off128_r010_c006,DE05,Munich,DE05_off128_r010_c006,True,accepted,0,,True,True,True,256,256,2,1,1,EPSG:32632,True,True,True,True,"0,1,2,3,4,5",True,"0,1",True,0.0,True,62999,0.9612884521484375,405,607,56430,5555,2,True,True,True
DE06_off128_r000_c002,DE06,Nuremberg,DE06_off128_r000_c002,True,accepted,0,,True,True,True,256,256,2,1,1,EPSG:32632,True,True,True,True,"0,1,2,3,4,5",True,"0,1",True,0.0,True,43701,0.6668243408203125,6380,5422,26915,1825,3159,True,True,True
DE06_off128_r000_c003,DE06,Nuremberg,DE06_off128_r000_c003,True,accepted,0,,True,True,True,256,256,2,1,1,EPSG:32632,True,True,True,True,"0,1,2,3,4,5",True,"0,1",True,0.0,True,50244,0.76666259765625,6513,4505,38372,753,101,True,True,True
DE06_off128_r003_c001,DE06,Nuremberg,DE06_off128_r003_c001,True,accepted,0,,True,True,True,256,256,2,1,1,EPSG:32632,True,True,True,True,"0,1,2,3,4,5",True,"0,1",True,0.0,True,51316,0.78302001953125,4856,3053,40849,624,1934,True,True,True
DE06_off128_r003_c002,DE06,Nuremberg,DE06_off128_r003_c002,True,accepted,0,,True,True,True,256,256,2,1,1,EPSG:32632,True,True,True,True,"0,1,2,3,4,5",True,"0,1",True,0.0,True,39572,0.60382080078125,6481,4148,26726,557,1660,True,True,True
DE06_off128_r004_c002,DE06,Nuremberg,DE06_off128_r004_c002,True,accepted,0,,True,True,True,256,256,2,1,1,EPSG:32632,True,True,True,True,"0,1,2,3,4,5",True,"0,1",True,0.0,True,38228,0.58331298828125,12622,6467,17690,192,1257,True,True,True
DE06_off128_r004_c003,DE06,Nuremberg,DE06_off128_r004_c003,True,accepted,0,,True,True,True,256,256,2,1,1,EPSG:32632,True,True,True,True,"0,1,2,3,4,5",True,"0,1",True,0.0,True,38564,0.58843994140625,11786,6640,18281,443,1414,True,True,True
DE06_off128_r004_c004,DE06,Nuremberg,DE06_off128_r004_c004,True,accepted,0,,True,True,True,256,256,2,1,1,EPSG:32632,True,True,True,True,"0,1,2,3,4,5",True,"0,1",True,0.0,True,37916,0.57855224609375,10267,5144,21178,905,422,True,True,True
DE06_off128_r004_c005,DE06,Nuremberg,DE06_off128_r004_c005,True,accepted,0,,True,True,True,256,256,2,1,1,EPSG:32632,True,True,True,True,"0,1,2,3,4,5",True,"0,1",True,0.0,True,38808,0.5921630859375,13773,6749,17588,427,271,True,True,True
DE06_off128_r004_c006,DE06,Nuremberg,DE06_off128_r004_c006,True,accepted,0,,True,True,True,256,256,2,1,1,EPSG:32632,True,True,True,True,"0,1,2,3,4,5",True,"0,1",True,0.0,True,34199,0.5218353271484375,12715,7087,11920,720,1757,True,True,True
DE06_off128_r004_c009,DE06,Nuremberg,DE06_off128_r004_c009,True,accepted,0,,True,True,True,256,256,2,1,1,EPSG:32632,True,True,True,True,"0,1,2,3,4,5",True,"0,1",True,0.0,True,47800,0.7293701171875,4254,2933,39742,670,201,True,True,True
DE06_off128_r005_c003,DE06,Nuremberg,DE06_off128_r005_c003,True,accepted,0,,True,True,True,256,256,2,1,1,EPSG:32632,True,True,True,True,"0,1,2,3,4,5",True,"0,1",True,0.0,True,35439,0.5407562255859375,13909,7192,12208,1331,799,True,True,True
DE06_off128_r005_c004,DE06,Nuremberg,DE06_off128_r005_c004,True,accepted,0,,True,True,True,256,256,2,1,1,EPSG:32632,True,True,True,True,"0,1,2,3,4,5",True,"0,1",True,0.0,True,34091,0.5201873779296875,15716,8427,7556,1824,568,True,True,True
DE06_off128_r005_c005,DE06,Nuremberg,DE06_off128_r005_c005,True,accepted,0,,True,True,True,256,256,2,1,1,EPSG:32632,True,True,True,True,"0,1,2,3,4,5",True,"0,1",True,0.0,True,38468,0.58697509765625,21399,10147,5442,377,1103,True,True,True
DE06_off128_r005_c006,DE06,Nuremberg,DE06_off128_r005_c006,True,accepted,0,,True,True,True,256,256,2,1,1,EPSG:32632,True,True,True,True,"0,1,2,3,4,5",True,"0,1",True,0.0,True,33311,0.5082855224609375,10884,6873,12084,370,3100,True,True,True
DE06_off128_r006_c001,DE06,Nuremberg,DE06_off128_r006_c001,True,accepted,0,,True,True,True,256,256,2,1,1,EPSG:32632,True,True,True,True,"0,1,2,3,4,5",True,"0,1",True,0.0,True,52193,0.7964019775390625,3226,3378,44715,638,236,True,True,True
DE06_off128_r006_c003,DE06,Nuremberg,DE06_off128_r006_c003,True,accepted,0,,True,True,True,256,256,2,1,1,EPSG:32632,True,True,True,True,"0,1,2,3,4,5",True,"0,1",True,0.0,True,41341,0.6308135986328125,7169,5143,25920,821,2288,True,True,True
DE06_off128_r006_c004,DE06,Nuremberg,DE06_off128_r006_c004,True,accepted,0,,True,True,True,256,256,2,1,1,EPSG:32632,True,True,True,True,"0,1,2,3,4,5",True,"0,1",True,0.0,True,32772,0.50006103515625,14743,8276,7957,650,1146,True,True,True
DE06_off128_r006_c005,DE06,Nuremberg,DE06_off128_r006_c005,True,accepted,0,,True,True,True,256,256,2,1,1,EPSG:32632,True,True,True,True,"0,1,2,3,4,5",True,"0,1",True,0.0,True,30298,0.462310791015625,15252,7510,5783,1751,2,True,True,True
DE06_off128_r006_c006,DE06,Nuremberg,DE06_off128_r006_c006,True,accepted,0,,True,True,True,256,256,2,1,1,EPSG:32632,True,True,True,True,"0,1,2,3,4,5",True,"0,1",True,0.0,True,44675,0.6816864013671875,6994,4942,25042,1885,5812,True,True,True
DE06_off128_r006_c007,DE06,Nuremberg,DE06_off128_r006_c007,True,accepted,0,,True,True,True,256,256,2,1,1,EPSG:32632,True,True,True,True,"0,1,2,3,4,5",True,"0,1",True,0.0,True,51643,0.7880096435546875,5398,2679,42889,539,138,True,True,True
DE06_off128_r007_c004,DE06,Nuremberg,DE06_off128_r007_c004,True,accepted,0,,True,True,True,256,256,2,1,1,EPSG:32632,True,True,True,True,"0,1,2,3,4,5",True,"0,1",True,0.0,True,31158,0.475433349609375,12495,6636,10777,285,965,True,True,True
DE06_off128_r007_c005,DE06,Nuremberg,DE06_off128_r007_c005,True,accepted,0,,True,True,True,256,256,2,1,1,EPSG:32632,True,True,True,True,"0,1,2,3,4,5",True,"0,1",True,0.0,True,37994,0.579742431640625,5165,4651,22873,1479,3826,True,True,True
DE06_off128_r007_c007,DE06,Nuremberg,DE06_off128_r007_c007,True,accepted,0,,True,True,True,256,256,2,1,1,EPSG:32632,True,True,True,True,"0,1,2,3,4,5",True,"0,1",True,0.0,True,47307,0.7218475341796875,6021,3719,36521,1004,42,True,True,True
DE06_off128_r008_c005,DE06,Nuremberg,DE06_off128_r008_c005,True,accepted,0,,True,True,True,256,256,2,1,1,EPSG:32632,True,True,True,True,"0,1,2,3,4,5",True,"0,1",True,0.0,True,51198,0.781219482421875,3471,2671,41511,1600,1945,True,True,True
DE06_off128_r009_c004,DE06,Nuremberg,DE06_off128_r009_c004,True,accepted,0,,True,True,True,256,256,2,1,1,EPSG:32632,True,True,True,True,"0,1,2,3,4,5",True,"0,1",True,0.0,True,47159,0.7195892333984375,4654,3467,34858,2578,1602,True,True,True
DE06_off128_r009_c009,DE06,Nuremberg,DE06_off128_r009_c009,True,accepted,0,,True,True,True,256,256,2,1,1,EPSG:32632,True,True,True,True,"0,1,2,3,4,5",True,"0,1",True,0.0,True,58571,0.8937225341796875,1243,2188,48540,5441,1159,True,True,True
DE06_off128_r011_c010,DE06,Nuremberg,DE06_off128_r011_c010,False,rejected,1,padding_fraction_exceeds_limit,True,True,True,256,256,2,1,1,EPSG:32632,True,True,True,True,"0,1,2,3,4,5,255",True,"0,1",True,0.78125,False,13393,0.2043609619140625,179,172,11418,1304,320,True,True,True
DE07_off128_r000_c003,DE07,Frankfurt,DE07_off128_r000_c003,True,accepted,0,,True,True,True,256,256,2,1,1,EPSG:32632,True,True,True,True,"0,1,2,3,4,5",True,"0,1",True,0.0,True,35062,0.535003662109375,10783,6651,16864,533,231,True,True,True
DE07_off128_r001_c002,DE07,Frankfurt,DE07_off128_r001_c002,True,accepted,0,,True,True,True,256,256,2,1,1,EPSG:32632,True,True,True,True,"0,1,2,3,4,5",True,"0,1",True,0.0,True,36823,0.5618743896484375,10024,6086,20267,285,161,True,True,True
DE07_off128_r001_c006,DE07,Frankfurt,DE07_off128_r001_c006,True,accepted,0,,True,True,True,256,256,2,1,1,EPSG:32632,True,True,True,True,"0,1,2,3,4,5",True,"0,1",True,0.0,True,51736,0.7894287109375,4359,3257,43571,521,28,True,True,True
DE07_off128_r001_c008,DE07,Frankfurt,DE07_off128_r001_c008,True,accepted,0,,True,True,True,256,256,2,1,1,EPSG:32632,True,True,True,True,"0,1,2,3,4,5",True,"0,1",True,0.0,True,51980,0.79315185546875,3587,2851,44558,662,322,True,True,True
DE07_off128_r002_c003,DE07,Frankfurt,DE07_off128_r002_c003,True,accepted,0,,True,True,True,256,256,2,1,1,EPSG:32632,True,True,True,True,"0,1,2,3,4,5",True,"0,1",True,0.0,True,46446,0.708709716796875,5446,4252,35777,794,177,True,True,True
DE07_off128_r002_c004,DE07,Frankfurt,DE07_off128_r002_c004,True,accepted,0,,True,True,True,256,256,2,1,1,EPSG:32632,True,True,True,True,"0,1,2,3,4,5",True,"0,1",True,0.0,True,45439,0.6933441162109375,5608,4495,32945,1568,823,True,True,True
DE07_off128_r002_c005,DE07,Frankfurt,DE07_off128_r002_c005,True,accepted,0,,True,True,True,256,256,2,1,1,EPSG:32632,True,True,True,True,"0,1,2,3,4,5",True,"0,1",True,0.0,True,45012,0.68682861328125,4228,3415,35897,704,768,True,True,True
DE07_off128_r003_c001,DE07,Frankfurt,DE07_off128_r003_c001,True,accepted,0,,True,True,True,256,256,2,1,1,EPSG:32632,True,True,True,True,"0,1,2,3,4,5",True,"0,1",True,0.0,True,37264,0.568603515625,8545,5591,22598,512,18,True,True,True
DE07_off128_r003_c004,DE07,Frankfurt,DE07_off128_r003_c004,True,accepted,0,,True,True,True,256,256,2,1,1,EPSG:32632,True,True,True,True,"0,1,2,3,4,5",True,"0,1",True,0.0,True,33696,0.51416015625,10026,6691,16046,180,753,True,True,True
DE07_off128_r004_c002,DE07,Frankfurt,DE07_off128_r004_c002,True,accepted,0,,True,True,True,256,256,2,1,1,EPSG:32632,True,True,True,True,"0,1,2,3,4,5",True,"0,1",True,0.0,True,38563,0.5884246826171875,8088,7210,21477,1752,36,True,True,True
DE07_off128_r004_c003,DE07,Frankfurt,DE07_off128_r004_c003,True,accepted,0,,True,True,True,256,256,2,1,1,EPSG:32632,True,True,True,True,"0,1,2,3,4,5",True,"0,1",True,0.0,True,36241,0.5529937744140625,10032,6784,17961,669,795,True,True,True
DE07_off128_r004_c004,DE07,Frankfurt,DE07_off128_r004_c004,True,accepted,0,,True,True,True,256,256,2,1,1,EPSG:32632,True,True,True,True,"0,1,2,3,4,5",True,"0,1",True,0.0,True,38696,0.5904541015625,10802,7280,20204,207,203,True,True,True
DE07_off128_r004_c005,DE07,Frankfurt,DE07_off128_r004_c005,True,accepted,0,,True,True,True,256,256,2,1,1,EPSG:32632,True,True,True,True,"0,1,2,3,4,5",True,"0,1",True,0.0,True,28906,0.441070556640625,14811,8104,5591,380,20,True,True,True
DE07_off128_r004_c006,DE07,Frankfurt,DE07_off128_r004_c006,True,accepted,0,,True,True,True,256,256,2,1,1,EPSG:32632,True,True,True,True,"0,1,2,3,4,5",True,"0,1",True,0.0,True,37363,0.5701141357421875,10593,6172,18963,1195,440,True,True,True
DE07_off128_r004_c007,DE07,Frankfurt,DE07_off128_r004_c007,True,accepted,0,,True,True,True,256,256,2,1,1,EPSG:32632,True,True,True,True,"0,1,2,3,4,5",True,"0,1",True,0.0,True,38085,0.5811309814453125,11101,5571,17244,1645,2524,True,True,True
DE07_off128_r004_c009,DE07,Frankfurt,DE07_off128_r004_c009,True,accepted,0,,True,True,True,256,256,2,1,1,EPSG:32632,True,True,True,True,"0,1,2,3,4,5",True,"0,1",True,0.0,True,39722,0.606109619140625,8676,5356,21644,226,3820,True,True,True
DE07_off128_r005_c000,DE07,Frankfurt,DE07_off128_r005_c000,True,accepted,0,,True,True,True,256,256,2,1,1,EPSG:32632,True,True,True,True,"0,1,2,3,4,5",True,"0,1",True,0.0,True,35196,0.53704833984375,3075,2781,28481,830,29,True,True,True
DE07_off128_r005_c001,DE07,Frankfurt,DE07_off128_r005_c001,True,accepted,0,,True,True,True,256,256,2,1,1,EPSG:32632,True,True,True,True,"0,1,2,3,4,5",True,"0,1",True,0.0,True,33487,0.5109710693359375,10359,6822,13872,490,1944,True,True,True
DE07_off128_r005_c002,DE07,Frankfurt,DE07_off128_r005_c002,True,accepted,0,,True,True,True,256,256,2,1,1,EPSG:32632,True,True,True,True,"0,1,2,3,4,5",True,"0,1",True,0.0,True,45205,0.6897735595703125,5452,4561,32165,1111,1916,True,True,True
DE07_off128_r005_c003,DE07,Frankfurt,DE07_off128_r005_c003,True,accepted,0,,True,True,True,256,256,2,1,1,EPSG:32632,True,True,True,True,"0,1,2,3,4,5",True,"0,1",True,0.0,True,39677,0.6054229736328125,7940,7152,21907,2198,480,True,True,True
DE07_off128_r005_c004,DE07,Frankfurt,DE07_off128_r005_c004,True,accepted,0,,True,True,True,256,256,2,1,1,EPSG:32632,True,True,True,True,"0,1,2,3,4,5",True,"0,1",True,0.0,True,35146,0.536285400390625,19493,8152,3487,1403,2611,True,True,True
DE07_off128_r005_c005,DE07,Frankfurt,DE07_off128_r005_c005,True,accepted,0,,True,True,True,256,256,2,1,1,EPSG:32632,True,True,True,True,"0,1,2,3,4,5",True,"0,1",True,0.0,True,38949,0.5943145751953125,18199,8981,7143,551,4075,True,True,True
DE07_off128_r005_c006,DE07,Frankfurt,DE07_off128_r005_c006,True,accepted,0,,True,True,True,256,256,2,1,1,EPSG:32632,True,True,True,True,"0,1,2,3,4,5",True,"0,1",True,0.0,True,38738,0.591094970703125,11003,6166,13379,1627,6563,True,True,True
DE07_off128_r005_c007,DE07,Frankfurt,DE07_off128_r005_c007,True,accepted,0,,True,True,True,256,256,2,1,1,EPSG:32632,True,True,True,True,"0,1,2,3,4,5",True,"0,1",True,0.0,True,39073,0.5962066650390625,14151,6333,12732,990,4867,True,True,True
DE07_off128_r005_c008,DE07,Frankfurt,DE07_off128_r005_c008,True,accepted,0,,True,True,True,256,256,2,1,1,EPSG:32632,True,True,True,True,"0,1,2,3,4,5",True,"0,1",True,0.0,True,41204,0.62872314453125,8177,4876,21256,5242,1653,True,True,True
DE07_off128_r006_c001,DE07,Frankfurt,DE07_off128_r006_c001,True,accepted,0,,True,True,True,256,256,2,1,1,EPSG:32632,True,True,True,True,"0,1,2,3,4,5",True,"0,1",True,0.0,True,37510,0.572357177734375,7181,4974,21588,181,3586,True,True,True
DE07_off128_r006_c002,DE07,Frankfurt,DE07_off128_r006_c002,True,accepted,0,,True,True,True,256,256,2,1,1,EPSG:32632,True,True,True,True,"0,1,2,3,4,5",True,"0,1",True,0.0,True,47295,0.7216644287109375,4314,3527,34257,1971,3226,True,True,True
DE07_off128_r006_c003,DE07,Frankfurt,DE07_off128_r006_c003,True,accepted,0,,True,True,True,256,256,2,1,1,EPSG:32632,True,True,True,True,"0,1,2,3,4,5",True,"0,1",True,0.0,True,36717,0.5602569580078125,7090,5847,18227,620,4933,True,True,True
DE07_off128_r006_c004,DE07,Frankfurt,DE07_off128_r006_c004,True,accepted,0,,True,True,True,256,256,2,1,1,EPSG:32632,True,True,True,True,"0,1,2,3,4,5",True,"0,1",True,0.0,True,41495,0.6331634521484375,7564,4817,25451,560,3103,True,True,True
DE07_off128_r006_c007,DE07,Frankfurt,DE07_off128_r006_c007,True,accepted,0,,True,True,True,256,256,2,1,1,EPSG:32632,True,True,True,True,"0,1,2,3,4,5",True,"0,1",True,0.0,True,39745,0.6064605712890625,10345,5657,23229,316,198,True,True,True
DE07_off128_r007_c000,DE07,Frankfurt,DE07_off128_r007_c000,True,accepted,0,,True,True,True,256,256,2,1,1,EPSG:32632,True,True,True,True,"0,1,2,3,4,5",True,"0,1",True,0.0,True,42356,0.64630126953125,5224,4179,27522,1101,4330,True,True,True
DE07_off128_r007_c001,DE07,Frankfurt,DE07_off128_r007_c001,True,accepted,0,,True,True,True,256,256,2,1,1,EPSG:32632,True,True,True,True,"0,1,2,3,4,5",True,"0,1",True,0.0,True,47818,0.729644775390625,4495,4478,37102,691,1052,True,True,True
DE07_off128_r008_c001,DE07,Frankfurt,DE07_off128_r008_c001,True,accepted,0,,True,True,True,256,256,2,1,1,EPSG:32632,True,True,True,True,"0,1,2,3,4,5",True,"0,1",True,0.0,True,33945,0.5179595947265625,5435,3480,23994,888,148,True,True,True
DE07_off128_r008_c002,DE07,Frankfurt,DE07_off128_r008_c002,True,accepted,0,,True,True,True,256,256,2,1,1,EPSG:32632,True,True,True,True,"0,1,2,3,4,5",True,"0,1",True,0.0,True,31268,0.47711181640625,3869,4074,21146,2113,66,True,True,True
DE07_off128_r008_c005,DE07,Frankfurt,DE07_off128_r008_c005,True,accepted,0,,True,True,True,256,256,2,1,1,EPSG:32632,True,True,True,True,"0,1,2,3,4,5",True,"0,1",True,0.0,True,46941,0.7162628173828125,9342,5044,31082,1409,64,True,True,True
DE07_off128_r009_c002,DE07,Frankfurt,DE07_off128_r009_c002,True,accepted,0,,True,True,True,256,256,2,1,1,EPSG:32632,True,True,True,True,"0,1,2,3,4,5",True,"0,1",True,0.0,True,47864,0.7303466796875,6003,4446,35093,1223,1099,True,True,True
DE07_off128_r009_c008,DE07,Frankfurt,DE07_off128_r009_c008,True,accepted,0,,True,True,True,256,256,2,1,1,EPSG:32632,True,True,True,True,"0,1,2,3,4,5",True,"0,1",True,0.0,True,40890,0.623931884765625,10854,5024,23677,1045,290,True,True,True
DE07_off128_r009_c010,DE07,Frankfurt,DE07_off128_r009_c010,True,accepted,0,,True,True,True,256,256,2,1,1,EPSG:32632,True,True,True,True,"0,1,2,3,4,5",True,"0,1",True,0.0,True,53978,0.823638916015625,3396,2461,41461,2401,4259,True,True,True
DE07_off128_r010_c004,DE07,Frankfurt,DE07_off128_r010_c004,True,accepted,0,,True,True,True,256,256,2,1,1,EPSG:32632,True,True,True,True,"0,1,2,3,4,5",True,"0,1",True,0.0,True,40442,0.617095947265625,9149,5757,22807,2642,87,True,True,True
DE08_off128_r000_c005,DE08,Cologne,DE08_off128_r000_c005,True,accepted,0,,True,True,True,256,256,2,1,1,EPSG:32632,True,True,True,True,"0,1,2,3,4,5",True,"0,1",True,0.0,True,42409,0.6471099853515625,4242,4171,24228,5531,4237,True,True,True
DE08_off128_r000_c008,DE08,Cologne,DE08_off128_r000_c008,True,accepted,0,,True,True,True,256,256,2,1,1,EPSG:32632,True,True,True,True,"0,1,2,3,4,5",True,"0,1",True,0.0,True,40044,0.61102294921875,6162,4633,28211,629,409,True,True,True
DE08_off128_r001_c005,DE08,Cologne,DE08_off128_r001_c005,True,accepted,0,,True,True,True,256,256,2,1,1,EPSG:32632,True,True,True,True,"0,1,2,3,4,5",True,"0,1",True,0.0,True,41931,0.6398162841796875,5295,4270,19955,1450,10961,True,True,True
DE08_off128_r001_c006,DE08,Cologne,DE08_off128_r001_c006,True,accepted,0,,True,True,True,256,256,2,1,1,EPSG:32632,True,True,True,True,"0,1,2,3,4,5",True,"0,1",True,0.0,True,30008,0.4578857421875,10967,8087,9435,517,1002,True,True,True
DE08_off128_r002_c004,DE08,Cologne,DE08_off128_r002_c004,True,accepted,0,,True,True,True,256,256,2,1,1,EPSG:32632,True,True,True,True,"0,1,2,3,4,5",True,"0,1",True,0.0,True,38243,0.5835418701171875,6164,4893,25240,1565,381,True,True,True
DE08_off128_r002_c005,DE08,Cologne,DE08_off128_r002_c005,True,accepted,0,,True,True,True,256,256,2,1,1,EPSG:32632,True,True,True,True,"0,1,2,3,4,5",True,"0,1",True,0.0,True,42540,0.64910888671875,11510,4365,15281,711,10673,True,True,True
DE08_off128_r003_c002,DE08,Cologne,DE08_off128_r003_c002,True,accepted,0,,True,True,True,256,256,2,1,1,EPSG:32632,True,True,True,True,"0,1,2,3,4,5",True,"0,1",True,0.0,True,48954,0.746978759765625,5304,4777,34284,1597,2992,True,True,True
DE08_off128_r003_c003,DE08,Cologne,DE08_off128_r003_c003,True,accepted,0,,True,True,True,256,256,2,1,1,EPSG:32632,True,True,True,True,"0,1,2,3,4,5",True,"0,1",True,0.0,True,38753,0.5913238525390625,9655,6008,21397,1566,127,True,True,True
DE08_off128_r003_c004,DE08,Cologne,DE08_off128_r003_c004,True,accepted,0,,True,True,True,256,256,2,1,1,EPSG:32632,True,True,True,True,"0,1,2,3,4,5",True,"0,1",True,0.0,True,36288,0.5537109375,7275,4768,20629,2779,837,True,True,True
DE08_off128_r003_c005,DE08,Cologne,DE08_off128_r003_c005,True,accepted,0,,True,True,True,256,256,2,1,1,EPSG:32632,True,True,True,True,"0,1,2,3,4,5",True,"0,1",True,0.0,True,38227,0.5832977294921875,9758,5636,14757,558,7518,True,True,True
DE08_off128_r003_c006,DE08,Cologne,DE08_off128_r003_c006,True,accepted,0,,True,True,True,256,256,2,1,1,EPSG:32632,True,True,True,True,"0,1,2,3,4,5",True,"0,1",True,0.0,True,39962,0.609771728515625,7197,5369,17450,1027,8919,True,True,True
DE08_off128_r004_c003,DE08,Cologne,DE08_off128_r004_c003,True,accepted,0,,True,True,True,256,256,2,1,1,EPSG:32632,True,True,True,True,"0,1,2,3,4,5",True,"0,1",True,0.0,True,32759,0.4998626708984375,15009,6552,10191,784,223,True,True,True
DE08_off128_r004_c004,DE08,Cologne,DE08_off128_r004_c004,True,accepted,0,,True,True,True,256,256,2,1,1,EPSG:32632,True,True,True,True,"0,1,2,3,4,5",True,"0,1",True,0.0,True,35890,0.547637939453125,14909,7061,13046,567,307,True,True,True
DE08_off128_r004_c005,DE08,Cologne,DE08_off128_r004_c005,True,accepted,0,,True,True,True,256,256,2,1,1,EPSG:32632,True,True,True,True,"0,1,2,3,4,5",True,"0,1",True,0.0,True,40021,0.6106719970703125,14903,6863,11602,410,6243,True,True,True
DE08_off128_r004_c006,DE08,Cologne,DE08_off128_r004_c006,True,accepted,0,,True,True,True,256,256,2,1,1,EPSG:32632,True,True,True,True,"0,1,2,3,4,5",True,"0,1",True,0.0,True,38208,0.5830078125,12358,6434,10545,2015,6856,True,True,True
DE08_off128_r005_c000,DE08,Cologne,DE08_off128_r005_c000,True,accepted,0,,True,True,True,256,256,2,1,1,EPSG:32632,True,True,True,True,"0,1,2,3,4,5",True,"0,1",True,0.0,True,46491,0.7093963623046875,4822,4171,31757,5364,377,True,True,True
DE08_off128_r005_c002,DE08,Cologne,DE08_off128_r005_c002,True,accepted,0,,True,True,True,256,256,2,1,1,EPSG:32632,True,True,True,True,"0,1,2,3,4,5",True,"0,1",True,0.0,True,34282,0.523101806640625,10240,6838,16765,380,59,True,True,True
DE08_off128_r005_c003,DE08,Cologne,DE08_off128_r005_c003,True,accepted,0,,True,True,True,256,256,2,1,1,EPSG:32632,True,True,True,True,"0,1,2,3,4,5",True,"0,1",True,0.0,True,40579,0.6191864013671875,10196,5076,23648,448,1211,True,True,True
DE08_off128_r005_c004,DE08,Cologne,DE08_off128_r005_c004,True,accepted,0,,True,True,True,256,256,2,1,1,EPSG:32632,True,True,True,True,"0,1,2,3,4,5",True,"0,1",True,0.0,True,34553,0.5272369384765625,18376,7040,7968,591,578,True,True,True
DE08_off128_r005_c005,DE08,Cologne,DE08_off128_r005_c005,True,accepted,0,,True,True,True,256,256,2,1,1,EPSG:32632,True,True,True,True,"0,1,2,3,4,5",True,"0,1",True,0.0,True,42985,0.6558990478515625,18809,8052,5244,506,10374,True,True,True
DE08_off128_r005_c006,DE08,Cologne,DE08_off128_r005_c006,True,accepted,0,,True,True,True,256,256,2,1,1,EPSG:32632,True,True,True,True,"0,1,2,3,4,5",True,"0,1",True,0.0,True,30328,0.4627685546875,13815,7565,8006,928,14,True,True,True
DE08_off128_r006_c000,DE08,Cologne,DE08_off128_r006_c000,True,accepted,0,,True,True,True,256,256,2,1,1,EPSG:32632,True,True,True,True,"0,1,2,3,4,5",True,"0,1",True,0.0,True,49664,0.7578125,3491,2478,39505,2601,1589,True,True,True
DE08_off128_r006_c001,DE08,Cologne,DE08_off128_r006_c001,True,accepted,0,,True,True,True,256,256,2,1,1,EPSG:32632,True,True,True,True,"0,1,2,3,4,5",True,"0,1",True,0.0,True,34583,0.5276947021484375,11106,6498,15484,1328,167,True,True,True
DE08_off128_r006_c005,DE08,Cologne,DE08_off128_r006_c005,True,accepted,0,,True,True,True,256,256,2,1,1,EPSG:32632,True,True,True,True,"0,1,2,3,4,5",True,"0,1",True,0.0,True,38812,0.59222412109375,12252,5843,11308,914,8495,True,True,True
DE08_off128_r006_c006,DE08,Cologne,DE08_off128_r006_c006,True,accepted,0,,True,True,True,256,256,2,1,1,EPSG:32632,True,True,True,True,"0,1,2,3,4,5",True,"0,1",True,0.0,True,46297,0.7064361572265625,6119,5337,31020,2056,1765,True,True,True
DE08_off128_r006_c007,DE08,Cologne,DE08_off128_r006_c007,True,accepted,0,,True,True,True,256,256,2,1,1,EPSG:32632,True,True,True,True,"0,1,2,3,4,5",True,"0,1",True,0.0,True,42425,0.6473541259765625,5056,5446,24926,552,6445,True,True,True
DE08_off128_r006_c008,DE08,Cologne,DE08_off128_r006_c008,True,accepted,0,,True,True,True,256,256,2,1,1,EPSG:32632,True,True,True,True,"0,1,2,3,4,5",True,"0,1",True,0.0,True,43590,0.665130615234375,8096,6271,27009,1087,1127,True,True,True
DE08_off128_r007_c003,DE08,Cologne,DE08_off128_r007_c003,True,accepted,0,,True,True,True,256,256,2,1,1,EPSG:32632,True,True,True,True,"0,1,2,3,4,5",True,"0,1",True,0.0,True,29805,0.4547882080078125,11172,7100,10976,333,224,True,True,True
DE08_off128_r007_c008,DE08,Cologne,DE08_off128_r007_c008,True,accepted,0,,True,True,True,256,256,2,1,1,EPSG:32632,True,True,True,True,"0,1,2,3,4,5",True,"0,1",True,0.0,True,31822,0.485565185546875,9861,7022,13659,1254,26,True,True,True
DE08_off128_r008_c002,DE08,Cologne,DE08_off128_r008_c002,True,accepted,0,,True,True,True,256,256,2,1,1,EPSG:32632,True,True,True,True,"0,1,2,3,4,5",True,"0,1",True,0.0,True,40511,0.6181488037109375,4951,4189,29560,480,1331,True,True,True
DE08_off128_r008_c004,DE08,Cologne,DE08_off128_r008_c004,True,accepted,0,,True,True,True,256,256,2,1,1,EPSG:32632,True,True,True,True,"0,1,2,3,4,5",True,"0,1",True,0.0,True,51968,0.79296875,2920,2583,38759,3466,4240,True,True,True
DE08_off128_r008_c005,DE08,Cologne,DE08_off128_r008_c005,True,accepted,0,,True,True,True,256,256,2,1,1,EPSG:32632,True,True,True,True,"0,1,2,3,4,5",True,"0,1",True,0.0,True,38292,0.58428955078125,6651,5415,22513,2333,1380,True,True,True
DE08_off128_r008_c006,DE08,Cologne,DE08_off128_r008_c006,True,accepted,0,,True,True,True,256,256,2,1,1,EPSG:32632,True,True,True,True,"0,1,2,3,4,5",True,"0,1",True,0.0,True,37147,0.5668182373046875,9105,5519,15640,414,6469,True,True,True
DE08_off128_r009_c001,DE08,Cologne,DE08_off128_r009_c001,True,accepted,0,,True,True,True,256,256,2,1,1,EPSG:32632,True,True,True,True,"0,1,2,3,4,5",True,"0,1",True,0.0,True,60118,0.917327880859375,862,1011,36556,15836,5853,True,True,True
DE08_off128_r009_c002,DE08,Cologne,DE08_off128_r009_c002,True,accepted,0,,True,True,True,256,256,2,1,1,EPSG:32632,True,True,True,True,"0,1,2,3,4,5",True,"0,1",True,0.0,True,61658,0.940826416015625,651,1223,39455,9371,10958,True,True,True
DE08_off128_r009_c003,DE08,Cologne,DE08_off128_r009_c003,True,accepted,0,,True,True,True,256,256,2,1,1,EPSG:32632,True,True,True,True,"0,1,2,3,4,5",True,"0,1",True,0.0,True,35349,0.5393829345703125,8532,4716,20253,1690,158,True,True,True
DE08_off128_r009_c004,DE08,Cologne,DE08_off128_r009_c004,True,accepted,0,,True,True,True,256,256,2,1,1,EPSG:32632,True,True,True,True,"0,1,2,3,4,5",True,"0,1",True,0.0,True,45287,0.6910247802734375,5139,4475,28538,5310,1825,True,True,True
DE08_off128_r009_c005,DE08,Cologne,DE08_off128_r009_c005,True,accepted,0,,True,True,True,256,256,2,1,1,EPSG:32632,True,True,True,True,"0,1,2,3,4,5",True,"0,1",True,0.0,True,42338,0.646026611328125,6614,6213,20782,979,7750,True,True,True
DE08_off128_r009_c008,DE08,Cologne,DE08_off128_r009_c008,True,accepted,0,,True,True,True,256,256,2,1,1,EPSG:32632,True,True,True,True,"0,1,2,3,4,5",True,"0,1",True,0.0,True,55630,0.848846435546875,1898,1900,42557,3158,6117,True,True,True
DE08_off128_r009_c009,DE08,Cologne,DE08_off128_r009_c009,True,accepted,0,,True,True,True,256,256,2,1,1,EPSG:32632,True,True,True,True,"0,1,2,3,4,5",True,"0,1",True,0.0,True,45027,0.6870574951171875,7938,4310,30241,1749,789,True,True,True
DE08_off128_r010_c000,DE08,Cologne,DE08_off128_r010_c000,True,accepted,0,,True,True,True,256,256,2,1,1,EPSG:32632,True,True,True,True,"0,1,2,3,4,5",True,"0,1",True,0.0,True,50382,0.768768310546875,3153,2804,39832,3882,711,True,True,True
DE08_off128_r010_c004,DE08,Cologne,DE08_off128_r010_c004,True,accepted,0,,True,True,True,256,256,2,1,1,EPSG:32632,True,True,True,True,"0,1,2,3,4,5",True,"0,1",True,0.0,True,59799,0.9124603271484375,1251,1624,44129,8228,4567,True,True,True
DE08_off128_r010_c006,DE08,Cologne,DE08_off128_r010_c006,True,accepted,0,,True,True,True,256,256,2,1,1,EPSG:32632,True,True,True,True,"0,1,2,3,4,5",True,"0,1",True,0.0,True,39303,0.5997161865234375,5435,4204,19137,624,9903,True,True,True
DE08_off128_r010_c007,DE08,Cologne,DE08_off128_r010_c007,True,accepted,0,,True,True,True,256,256,2,1,1,EPSG:32632,True,True,True,True,"0,1,2,3,4,5",True,"0,1",True,0.0,True,46984,0.7169189453125,4192,3276,30511,2483,6522,True,True,True
DE08_off128_r010_c010,DE08,Cologne,DE08_off128_r010_c010,True,accepted,0,,True,True,True,256,256,2,1,1,EPSG:32632,True,True,True,True,"0,1,2,3,4,5",True,"0,1",True,0.0,True,43842,0.668975830078125,7996,4217,28950,2527,152,True,True,True
DE09_off128_r000_c000,DE09,Dusseldorf,DE09_off128_r000_c000,True,accepted,0,,True,True,True,256,256,2,1,1,EPSG:32632,True,True,True,True,"0,1,2,3,4,5",True,"0,1",True,0.0,True,28378,0.433013916015625,13553,7191,6832,454,348,True,True,True
DE09_off128_r000_c001,DE09,Dusseldorf,DE09_off128_r000_c001,True,accepted,0,,True,True,True,256,256,2,1,1,EPSG:32632,True,True,True,True,"0,1,2,3,4,5",True,"0,1",True,0.0,True,35516,0.54193115234375,8611,6611,19233,110,951,True,True,True
DE09_off128_r000_c002,DE09,Dusseldorf,DE09_off128_r000_c002,True,accepted,0,,True,True,True,256,256,2,1,1,EPSG:32632,True,True,True,True,"0,1,2,3,4,5",True,"0,1",True,0.0,True,41385,0.6314849853515625,7449,3853,21150,688,8245,True,True,True
DE09_off128_r000_c007,DE09,Dusseldorf,DE09_off128_r000_c007,True,accepted,0,,True,True,True,256,256,2,1,1,EPSG:32632,True,True,True,True,"0,1,2,3,4,5",True,"0,1",True,0.0,True,42028,0.64129638671875,5889,5043,29297,492,1307,True,True,True
DE09_off128_r001_c000,DE09,Dusseldorf,DE09_off128_r001_c000,True,accepted,0,,True,True,True,256,256,2,1,1,EPSG:32632,True,True,True,True,"0,1,2,3,4,5",True,"0,1",True,0.0,True,36455,0.5562591552734375,9757,6016,20339,122,221,True,True,True
DE09_off128_r001_c010,DE09,Dusseldorf,DE09_off128_r001_c010,True,accepted,0,,True,True,True,256,256,2,1,1,EPSG:32632,True,True,True,True,"0,1,2,3,4,5",True,"0,1",True,0.0,True,44008,0.6715087890625,5844,4638,31868,1512,146,True,True,True
DE09_off128_r002_c006,DE09,Dusseldorf,DE09_off128_r002_c006,True,accepted,0,,True,True,True,256,256,2,1,1,EPSG:32632,True,True,True,True,"0,1,2,3,4,5",True,"0,1",True,0.0,True,45503,0.6943206787109375,7593,5718,28276,128,3788,True,True,True
DE09_off128_r002_c007,DE09,Dusseldorf,DE09_off128_r002_c007,True,accepted,0,,True,True,True,256,256,2,1,1,EPSG:32632,True,True,True,True,"0,1,2,3,4,5",True,"0,1",True,0.0,True,32851,0.5012664794921875,12504,7218,11772,664,693,True,True,True
DE09_off128_r003_c001,DE09,Dusseldorf,DE09_off128_r003_c001,True,accepted,0,,True,True,True,256,256,2,1,1,EPSG:32632,True,True,True,True,"0,1,2,3,4,5",True,"0,1",True,0.0,True,39262,0.599090576171875,6519,5607,25969,425,742,True,True,True
DE09_off128_r003_c004,DE09,Dusseldorf,DE09_off128_r003_c004,True,accepted,0,,True,True,True,256,256,2,1,1,EPSG:32632,True,True,True,True,"0,1,2,3,4,5",True,"0,1",True,0.0,True,35952,0.548583984375,7934,6999,20109,285,625,True,True,True
DE09_off128_r003_c005,DE09,Dusseldorf,DE09_off128_r003_c005,True,accepted,0,,True,True,True,256,256,2,1,1,EPSG:32632,True,True,True,True,"0,1,2,3,4,5",True,"0,1",True,0.0,True,28006,0.427337646484375,11022,7434,8175,1364,11,True,True,True
DE09_off128_r003_c006,DE09,Dusseldorf,DE09_off128_r003_c006,True,accepted,0,,True,True,True,256,256,2,1,1,EPSG:32632,True,True,True,True,"0,1,2,3,4,5",True,"0,1",True,0.0,True,38453,0.5867462158203125,11307,6158,16650,1251,3087,True,True,True
DE09_off128_r004_c001,DE09,Dusseldorf,DE09_off128_r004_c001,True,accepted,0,,True,True,True,256,256,2,1,1,EPSG:32632,True,True,True,True,"0,1,2,3,4,5",True,"0,1",True,0.0,True,54075,0.8251190185546875,1421,2533,35299,3907,10915,True,True,True
DE09_off128_r004_c003,DE09,Dusseldorf,DE09_off128_r004_c003,True,accepted,0,,True,True,True,256,256,2,1,1,EPSG:32632,True,True,True,True,"0,1,2,3,4,5",True,"0,1",True,0.0,True,33182,0.506317138671875,10017,5970,15533,1090,572,True,True,True
DE09_off128_r004_c004,DE09,Dusseldorf,DE09_off128_r004_c004,True,accepted,0,,True,True,True,256,256,2,1,1,EPSG:32632,True,True,True,True,"0,1,2,3,4,5",True,"0,1",True,0.0,True,45297,0.6911773681640625,7840,5276,20161,1350,10670,True,True,True
DE09_off128_r004_c005,DE09,Dusseldorf,DE09_off128_r004_c005,True,accepted,0,,True,True,True,256,256,2,1,1,EPSG:32632,True,True,True,True,"0,1,2,3,4,5",True,"0,1",True,0.0,True,36666,0.559478759765625,15153,8267,8333,786,4127,True,True,True
DE09_off128_r004_c006,DE09,Dusseldorf,DE09_off128_r004_c006,True,accepted,0,,True,True,True,256,256,2,1,1,EPSG:32632,True,True,True,True,"0,1,2,3,4,5",True,"0,1",True,0.0,True,36483,0.5566864013671875,10998,7153,17467,605,260,True,True,True
DE09_off128_r004_c008,DE09,Dusseldorf,DE09_off128_r004_c008,True,accepted,0,,True,True,True,256,256,2,1,1,EPSG:32632,True,True,True,True,"0,1,2,3,4,5",True,"0,1",True,0.0,True,59037,0.9008331298828125,1020,1532,52287,3740,458,True,True,True
DE09_off128_r005_c001,DE09,Dusseldorf,DE09_off128_r005_c001,True,accepted,0,,True,True,True,256,256,2,1,1,EPSG:32632,True,True,True,True,"0,1,2,3,4,5",True,"0,1",True,0.0,True,36706,0.560089111328125,9126,6995,18520,1553,512,True,True,True
DE09_off128_r005_c002,DE09,Dusseldorf,DE09_off128_r005_c002,True,accepted,0,,True,True,True,256,256,2,1,1,EPSG:32632,True,True,True,True,"0,1,2,3,4,5",True,"0,1",True,0.0,True,39574,0.603851318359375,8090,5316,24759,451,958,True,True,True
DE09_off128_r005_c003,DE09,Dusseldorf,DE09_off128_r005_c003,True,accepted,0,,True,True,True,256,256,2,1,1,EPSG:32632,True,True,True,True,"0,1,2,3,4,5",True,"0,1",True,0.0,True,37100,0.56610107421875,13630,6511,9603,895,6461,True,True,True
DE09_off128_r005_c004,DE09,Dusseldorf,DE09_off128_r005_c004,True,accepted,0,,True,True,True,256,256,2,1,1,EPSG:32632,True,True,True,True,"0,1,2,3,4,5",True,"0,1",True,0.0,True,46434,0.708526611328125,8389,4944,14454,1983,16664,True,True,True
DE09_off128_r005_c005,DE09,Dusseldorf,DE09_off128_r005_c005,True,accepted,0,,True,True,True,256,256,2,1,1,EPSG:32632,True,True,True,True,"0,1,2,3,4,5",True,"0,1",True,0.0,True,46660,0.71197509765625,20824,8499,9223,1403,6711,True,True,True
DE09_off128_r005_c006,DE09,Dusseldorf,DE09_off128_r005_c006,True,accepted,0,,True,True,True,256,256,2,1,1,EPSG:32632,True,True,True,True,"0,1,2,3,4,5",True,"0,1",True,0.0,True,35800,0.5462646484375,18916,8989,6122,1578,195,True,True,True
DE09_off128_r005_c007,DE09,Dusseldorf,DE09_off128_r005_c007,True,accepted,0,,True,True,True,256,256,2,1,1,EPSG:32632,True,True,True,True,"0,1,2,3,4,5",True,"0,1",True,0.0,True,37721,0.5755767822265625,9720,6263,17353,4198,187,True,True,True
DE09_off128_r006_c002,DE09,Dusseldorf,DE09_off128_r006_c002,True,accepted,0,,True,True,True,256,256,2,1,1,EPSG:32632,True,True,True,True,"0,1,2,3,4,5",True,"0,1",True,0.0,True,35322,0.538970947265625,9422,5715,19278,760,147,True,True,True
DE09_off128_r006_c003,DE09,Dusseldorf,DE09_off128_r006_c003,True,accepted,0,,True,True,True,256,256,2,1,1,EPSG:32632,True,True,True,True,"0,1,2,3,4,5",True,"0,1",True,0.0,True,42840,0.6536865234375,11034,7352,19625,1749,3080,True,True,True
DE09_off128_r006_c004,DE09,Dusseldorf,DE09_off128_r006_c004,True,accepted,0,,True,True,True,256,256,2,1,1,EPSG:32632,True,True,True,True,"0,1,2,3,4,5",True,"0,1",True,0.0,True,47886,0.730682373046875,5412,3493,28487,1519,8975,True,True,True
DE09_off128_r006_c005,DE09,Dusseldorf,DE09_off128_r006_c005,True,accepted,0,,True,True,True,256,256,2,1,1,EPSG:32632,True,True,True,True,"0,1,2,3,4,5",True,"0,1",True,0.0,True,34983,0.5337982177734375,16096,8517,9583,632,155,True,True,True
DE09_off128_r006_c006,DE09,Dusseldorf,DE09_off128_r006_c006,True,accepted,0,,True,True,True,256,256,2,1,1,EPSG:32632,True,True,True,True,"0,1,2,3,4,5",True,"0,1",True,0.0,True,36538,0.557525634765625,11303,7273,15689,423,1850,True,True,True
DE09_off128_r006_c007,DE09,Dusseldorf,DE09_off128_r006_c007,True,accepted,0,,True,True,True,256,256,2,1,1,EPSG:32632,True,True,True,True,"0,1,2,3,4,5",True,"0,1",True,0.0,True,42902,0.654632568359375,7867,5198,28405,1052,380,True,True,True
DE09_off128_r006_c009,DE09,Dusseldorf,DE09_off128_r006_c009,True,accepted,0,,True,True,True,256,256,2,1,1,EPSG:32632,True,True,True,True,"0,1,2,3,4,5",True,"0,1",True,0.0,True,45898,0.700347900390625,5743,4540,34184,1026,405,True,True,True
DE09_off128_r007_c002,DE09,Dusseldorf,DE09_off128_r007_c002,True,accepted,0,,True,True,True,256,256,2,1,1,EPSG:32632,True,True,True,True,"0,1,2,3,4,5",True,"0,1",True,0.0,True,44370,0.677032470703125,7064,6137,26091,4137,941,True,True,True
DE09_off128_r007_c003,DE09,Dusseldorf,DE09_off128_r007_c003,True,accepted,0,,True,True,True,256,256,2,1,1,EPSG:32632,True,True,True,True,"0,1,2,3,4,5",True,"0,1",True,0.0,True,42435,0.6475067138671875,6591,5043,28091,1493,1217,True,True,True
DE09_off128_r007_c004,DE09,Dusseldorf,DE09_off128_r007_c004,True,accepted,0,,True,True,True,256,256,2,1,1,EPSG:32632,True,True,True,True,"0,1,2,3,4,5",True,"0,1",True,0.0,True,51785,0.7901763916015625,6011,3786,31429,1363,9196,True,True,True
DE09_off128_r007_c006,DE09,Dusseldorf,DE09_off128_r007_c006,True,accepted,0,,True,True,True,256,256,2,1,1,EPSG:32632,True,True,True,True,"0,1,2,3,4,5",True,"0,1",True,0.0,True,36606,0.558563232421875,8925,6456,20214,226,785,True,True,True
DE09_off128_r007_c007,DE09,Dusseldorf,DE09_off128_r007_c007,True,accepted,0,,True,True,True,256,256,2,1,1,EPSG:32632,True,True,True,True,"0,1,2,3,4,5",True,"0,1",True,0.0,True,34151,0.5211029052734375,13337,8017,11963,799,35,True,True,True
DE09_off128_r007_c009,DE09,Dusseldorf,DE09_off128_r007_c009,True,accepted,0,,True,True,True,256,256,2,1,1,EPSG:32632,True,True,True,True,"0,1,2,3,4,5",True,"0,1",True,0.0,True,36191,0.5522308349609375,10846,6265,17175,300,1605,True,True,True
DE09_off128_r008_c005,DE09,Dusseldorf,DE09_off128_r008_c005,True,accepted,0,,True,True,True,256,256,2,1,1,EPSG:32632,True,True,True,True,"0,1,2,3,4,5",True,"0,1",True,0.0,True,49218,0.751007080078125,9174,3506,24594,800,11144,True,True,True
DE09_off128_r008_c007,DE09,Dusseldorf,DE09_off128_r008_c007,True,accepted,0,,True,True,True,256,256,2,1,1,EPSG:32632,True,True,True,True,"0,1,2,3,4,5",True,"0,1",True,0.0,True,49718,0.758636474609375,6499,3631,29218,525,9845,True,True,True
DE09_off128_r008_c008,DE09,Dusseldorf,DE09_off128_r008_c008,True,accepted,0,,True,True,True,256,256,2,1,1,EPSG:32632,True,True,True,True,"0,1,2,3,4,5",True,"0,1",True,0.0,True,38856,0.5928955078125,9137,5589,22574,558,998,True,True,True
DE09_off128_r008_c009,DE09,Dusseldorf,DE09_off128_r008_c009,True,accepted,0,,True,True,True,256,256,2,1,1,EPSG:32632,True,True,True,True,"0,1,2,3,4,5",True,"0,1",True,0.0,True,40509,0.6181182861328125,10858,5032,23021,245,1353,True,True,True
DE09_off128_r010_c008,DE09,Dusseldorf,DE09_off128_r010_c008,True,accepted,0,,True,True,True,256,256,2,1,1,EPSG:32632,True,True,True,True,"0,1,2,3,4,5",True,"0,1",True,0.0,True,44730,0.682525634765625,7857,4812,21030,3160,7871,True,True,True
DE09_off128_r010_c009,DE09,Dusseldorf,DE09_off128_r010_c009,True,accepted,0,,True,True,True,256,256,2,1,1,EPSG:32632,True,True,True,True,"0,1,2,3,4,5",True,"0,1",True,0.0,True,38831,0.5925140380859375,8561,5583,22198,356,2133,True,True,True
DE09_off128_r010_c010,DE09,Dusseldorf,DE09_off128_r010_c010,True,accepted,0,,True,True,True,256,256,2,1,1,EPSG:32632,True,True,True,True,"0,1,2,3,4,5",True,"0,1",True,0.0,True,36246,0.553070068359375,9544,5883,20359,379,81,True,True,True
DE10_off128_r000_c003,DE10,Dortmund,DE10_off128_r000_c003,True,accepted,0,,True,True,True,256,256,2,1,1,EPSG:32632,True,True,True,True,"0,1,2,3,4,5",True,"0,1",True,0.0,True,36618,0.558746337890625,7846,5381,22504,222,665,True,True,True
DE10_off128_r000_c005,DE10,Dortmund,DE10_off128_r000_c005,True,accepted,0,,True,True,True,256,256,2,1,1,EPSG:32632,True,True,True,True,"0,1,2,3,4,5",True,"0,1",True,0.0,True,50071,0.7640228271484375,2686,2263,36506,6048,2568,True,True,True
DE10_off128_r000_c007,DE10,Dortmund,DE10_off128_r000_c007,True,accepted,0,,True,True,True,256,256,2,1,1,EPSG:32632,True,True,True,True,"0,1,2,3,4,5",True,"0,1",True,0.0,True,38953,0.5943756103515625,8296,5672,22032,1911,1042,True,True,True
DE10_off128_r000_c008,DE10,Dortmund,DE10_off128_r000_c008,True,accepted,0,,True,True,True,256,256,2,1,1,EPSG:32632,True,True,True,True,"0,1,2,3,4,5",True,"0,1",True,0.0,True,55748,0.85064697265625,1612,2018,43961,4246,3911,True,True,True
DE10_off128_r000_c009,DE10,Dortmund,DE10_off128_r000_c009,True,accepted,0,,True,True,True,256,256,2,1,1,EPSG:32632,True,True,True,True,"0,1,2,3,4,5",True,"0,1",True,0.0,True,50192,0.765869140625,2943,2569,39994,2526,2160,True,True,True
DE10_off128_r001_c001,DE10,Dortmund,DE10_off128_r001_c001,True,accepted,0,,True,True,True,256,256,2,1,1,EPSG:32632,True,True,True,True,"0,1,2,3,4,5",True,"0,1",True,0.0,True,36473,0.5565338134765625,5777,5499,24037,397,763,True,True,True
DE10_off128_r001_c005,DE10,Dortmund,DE10_off128_r001_c005,True,accepted,0,,True,True,True,256,256,2,1,1,EPSG:32632,True,True,True,True,"0,1,2,3,4,5",True,"0,1",True,0.0,True,47219,0.7205047607421875,3984,3027,36988,1483,1737,True,True,True
DE10_off128_r001_c007,DE10,Dortmund,DE10_off128_r001_c007,True,accepted,0,,True,True,True,256,256,2,1,1,EPSG:32632,True,True,True,True,"0,1,2,3,4,5",True,"0,1",True,0.0,True,46601,0.7110748291015625,4867,4112,30973,2999,3650,True,True,True
DE10_off128_r001_c008,DE10,Dortmund,DE10_off128_r001_c008,True,accepted,0,,True,True,True,256,256,2,1,1,EPSG:32632,True,True,True,True,"0,1,2,3,4,5",True,"0,1",True,0.0,True,46054,0.702728271484375,3768,3318,38038,533,397,True,True,True
DE10_off128_r001_c009,DE10,Dortmund,DE10_off128_r001_c009,True,accepted,0,,True,True,True,256,256,2,1,1,EPSG:32632,True,True,True,True,"0,1,2,3,4,5",True,"0,1",True,0.0,True,44931,0.6855926513671875,4416,3577,35869,989,80,True,True,True
DE10_off128_r002_c000,DE10,Dortmund,DE10_off128_r002_c000,True,accepted,0,,True,True,True,256,256,2,1,1,EPSG:32632,True,True,True,True,"0,1,2,3,4,5",True,"0,1",True,0.0,True,48976,0.747314453125,2047,2461,40412,1463,2593,True,True,True
DE10_off128_r002_c002,DE10,Dortmund,DE10_off128_r002_c002,True,accepted,0,,True,True,True,256,256,2,1,1,EPSG:32632,True,True,True,True,"0,1,2,3,4,5",True,"0,1",True,0.0,True,51314,0.782989501953125,2319,3348,36942,4901,3804,True,True,True
DE10_off128_r002_c003,DE10,Dortmund,DE10_off128_r002_c003,True,accepted,0,,True,True,True,256,256,2,1,1,EPSG:32632,True,True,True,True,"0,1,2,3,4,5",True,"0,1",True,0.0,True,47890,0.730743408203125,3564,4573,37776,723,1254,True,True,True
DE10_off128_r002_c007,DE10,Dortmund,DE10_off128_r002_c007,True,accepted,0,,True,True,True,256,256,2,1,1,EPSG:32632,True,True,True,True,"0,1,2,3,4,5",True,"0,1",True,0.0,True,46079,0.7031097412109375,3706,4692,29283,7168,1230,True,True,True
DE10_off128_r003_c004,DE10,Dortmund,DE10_off128_r003_c004,True,accepted,0,,True,True,True,256,256,2,1,1,EPSG:32632,True,True,True,True,"0,1,2,3,4,5",True,"0,1",True,0.0,True,44083,0.6726531982421875,6980,3295,31293,510,2005,True,True,True
DE10_off128_r003_c006,DE10,Dortmund,DE10_off128_r003_c006,True,accepted,0,,True,True,True,256,256,2,1,1,EPSG:32632,True,True,True,True,"0,1,2,3,4,5",True,"0,1",True,0.0,True,43619,0.6655731201171875,4628,4307,33370,870,444,True,True,True
DE10_off128_r003_c007,DE10,Dortmund,DE10_off128_r003_c007,True,accepted,0,,True,True,True,256,256,2,1,1,EPSG:32632,True,True,True,True,"0,1,2,3,4,5",True,"0,1",True,0.0,True,42571,0.6495819091796875,5265,4278,32328,602,98,True,True,True
DE10_off128_r004_c001,DE10,Dortmund,DE10_off128_r004_c001,True,accepted,0,,True,True,True,256,256,2,1,1,EPSG:32632,True,True,True,True,"0,1,2,3,4,5",True,"0,1",True,0.0,True,42559,0.6493988037109375,6173,4130,31373,698,185,True,True,True
DE10_off128_r004_c004,DE10,Dortmund,DE10_off128_r004_c004,True,accepted,0,,True,True,True,256,256,2,1,1,EPSG:32632,True,True,True,True,"0,1,2,3,4,5",True,"0,1",True,0.0,True,38063,0.5807952880859375,7422,6367,17558,3194,3522,True,True,True
DE10_off128_r004_c005,DE10,Dortmund,DE10_off128_r004_c005,True,accepted,0,,True,True,True,256,256,2,1,1,EPSG:32632,True,True,True,True,"0,1,2,3,4,5",True,"0,1",True,0.0,True,38606,0.589080810546875,12404,7870,10615,7443,274,True,True,True
DE10_off128_r004_c006,DE10,Dortmund,DE10_off128_r004_c006,True,accepted,0,,True,True,True,256,256,2,1,1,EPSG:32632,True,True,True,True,"0,1,2,3,4,5",True,"0,1",True,0.0,True,37108,0.56622314453125,10836,6428,14522,4773,549,True,True,True
DE10_off128_r004_c007,DE10,Dortmund,DE10_off128_r004_c007,True,accepted,0,,True,True,True,256,256,2,1,1,EPSG:32632,True,True,True,True,"0,1,2,3,4,5",True,"0,1",True,0.0,True,33983,0.5185394287109375,8602,5684,19005,165,527,True,True,True
DE10_off128_r005_c000,DE10,Dortmund,DE10_off128_r005_c000,True,accepted,0,,True,True,True,256,256,2,1,1,EPSG:32632,True,True,True,True,"0,1,2,3,4,5",True,"0,1",True,0.0,True,47182,0.719940185546875,5799,4566,34418,2000,399,True,True,True
DE10_off128_r005_c001,DE10,Dortmund,DE10_off128_r005_c001,True,accepted,0,,True,True,True,256,256,2,1,1,EPSG:32632,True,True,True,True,"0,1,2,3,4,5",True,"0,1",True,0.0,True,46222,0.705291748046875,6268,4323,34239,1196,196,True,True,True
DE10_off128_r005_c003,DE10,Dortmund,DE10_off128_r005_c003,True,accepted,0,,True,True,True,256,256,2,1,1,EPSG:32632,True,True,True,True,"0,1,2,3,4,5",True,"0,1",True,0.0,True,39442,0.601837158203125,6675,5546,22124,1600,3497,True,True,True
DE10_off128_r005_c004,DE10,Dortmund,DE10_off128_r005_c004,True,accepted,0,,True,True,True,256,256,2,1,1,EPSG:32632,True,True,True,True,"0,1,2,3,4,5",True,"0,1",True,0.0,True,32998,0.503509521484375,10884,7632,11516,2925,41,True,True,True
DE10_off128_r005_c005,DE10,Dortmund,DE10_off128_r005_c005,True,accepted,0,,True,True,True,256,256,2,1,1,EPSG:32632,True,True,True,True,"0,1,2,3,4,5",True,"0,1",True,0.0,True,37384,0.5704345703125,19722,11257,4045,2349,11,True,True,True
DE10_off128_r005_c006,DE10,Dortmund,DE10_off128_r005_c006,True,accepted,0,,True,True,True,256,256,2,1,1,EPSG:32632,True,True,True,True,"0,1,2,3,4,5",True,"0,1",True,0.0,True,31729,0.4841461181640625,12247,9212,9888,377,5,True,True,True
DE10_off128_r005_c007,DE10,Dortmund,DE10_off128_r005_c007,True,accepted,0,,True,True,True,256,256,2,1,1,EPSG:32632,True,True,True,True,"0,1,2,3,4,5",True,"0,1",True,0.0,True,27619,0.4214324951171875,7197,6391,13671,153,207,True,True,True
DE10_off128_r006_c000,DE10,Dortmund,DE10_off128_r006_c000,True,accepted,0,,True,True,True,256,256,2,1,1,EPSG:32632,True,True,True,True,"0,1,2,3,4,5",True,"0,1",True,0.0,True,46731,0.7130584716796875,6804,5531,29503,4108,785,True,True,True
DE10_off128_r006_c001,DE10,Dortmund,DE10_off128_r006_c001,True,accepted,0,,True,True,True,256,256,2,1,1,EPSG:32632,True,True,True,True,"0,1,2,3,4,5",True,"0,1",True,0.0,True,35663,0.5441741943359375,9363,5772,20355,49,124,True,True,True
DE10_off128_r006_c004,DE10,Dortmund,DE10_off128_r006_c004,True,accepted,0,,True,True,True,256,256,2,1,1,EPSG:32632,True,True,True,True,"0,1,2,3,4,5",True,"0,1",True,0.0,True,42042,0.641510009765625,7146,6257,27533,942,164,True,True,True
DE10_off128_r006_c006,DE10,Dortmund,DE10_off128_r006_c006,True,accepted,0,,True,True,True,256,256,2,1,1,EPSG:32632,True,True,True,True,"0,1,2,3,4,5",True,"0,1",True,0.0,True,37064,0.5655517578125,10618,7402,16496,149,2399,True,True,True
DE10_off128_r006_c007,DE10,Dortmund,DE10_off128_r006_c007,True,accepted,0,,True,True,True,256,256,2,1,1,EPSG:32632,True,True,True,True,"0,1,2,3,4,5",True,"0,1",True,0.0,True,31171,0.4756317138671875,9914,6708,14242,130,177,True,True,True
DE10_off128_r008_c001,DE10,Dortmund,DE10_off128_r008_c001,True,accepted,0,,True,True,True,256,256,2,1,1,EPSG:32632,True,True,True,True,"0,1,2,3,4,5",True,"0,1",True,0.0,True,34498,0.526397705078125,11878,6228,13614,508,2270,True,True,True
DE10_off128_r008_c002,DE10,Dortmund,DE10_off128_r008_c002,True,accepted,0,,True,True,True,256,256,2,1,1,EPSG:32632,True,True,True,True,"0,1,2,3,4,5",True,"0,1",True,0.0,True,33009,0.5036773681640625,10320,5659,16493,256,281,True,True,True
DE10_off128_r009_c005,DE10,Dortmund,DE10_off128_r009_c005,True,accepted,0,,True,True,True,256,256,2,1,1,EPSG:32632,True,True,True,True,"0,1,2,3,4,5",True,"0,1",True,0.0,True,51832,0.7908935546875,2631,2648,36706,1075,8772,True,True,True
DE10_off128_r010_c004,DE10,Dortmund,DE10_off128_r010_c004,True,accepted,0,,True,True,True,256,256,2,1,1,EPSG:32632,True,True,True,True,"0,1,2,3,4,5",True,"0,1",True,0.0,True,42841,0.6537017822265625,6507,5494,24307,44,6489,True,True,True
DE11_off128_r000_c000,DE11,Hamburg,DE11_off128_r000_c000,True,accepted,0,,True,True,True,256,256,2,1,1,EPSG:32632,True,True,True,True,"0,1,2,3,4,5",True,"0,1",True,0.0,True,32100,0.48980712890625,6802,4612,19261,631,794,True,True,True
DE11_off128_r001_c002,DE11,Hamburg,DE11_off128_r001_c002,True,accepted,0,,True,True,True,256,256,2,1,1,EPSG:32632,True,True,True,True,"0,1,2,3,4,5",True,"0,1",True,0.0,True,29355,0.4479217529296875,7144,4520,16461,540,690,True,True,True
DE11_off128_r001_c007,DE11,Hamburg,DE11_off128_r001_c007,True,accepted,0,,True,True,True,256,256,2,1,1,EPSG:32632,True,True,True,True,"0,1,2,3,4,5",True,"0,1",True,0.0,True,21568,0.3291015625,7972,5070,7433,345,748,True,True,True
DE11_off128_r002_c001,DE11,Hamburg,DE11_off128_r002_c001,True,accepted,0,,True,True,True,256,256,2,1,1,EPSG:32632,True,True,True,True,"0,1,2,3,4,5",True,"0,1",True,0.0,True,22329,0.3407135009765625,6249,4683,10780,433,184,True,True,True
DE11_off128_r002_c002,DE11,Hamburg,DE11_off128_r002_c002,True,accepted,0,,True,True,True,256,256,2,1,1,EPSG:32632,True,True,True,True,"0,1,2,3,4,5",True,"0,1",True,0.0,True,23010,0.351104736328125,10110,7176,4579,433,712,True,True,True
DE11_off128_r002_c004,DE11,Hamburg,DE11_off128_r002_c004,True,accepted,0,,True,True,True,256,256,2,1,1,EPSG:32632,True,True,True,True,"0,1,2,3,4,5",True,"0,1",True,0.0,True,34992,0.533935546875,8015,5348,20578,916,135,True,True,True
DE11_off128_r002_c005,DE11,Hamburg,DE11_off128_r002_c005,True,accepted,0,,True,True,True,256,256,2,1,1,EPSG:32632,True,True,True,True,"0,1,2,3,4,5",True,"0,1",True,0.0,True,36841,0.5621490478515625,10976,6243,17334,518,1770,True,True,True
DE11_off128_r002_c006,DE11,Hamburg,DE11_off128_r002_c006,True,accepted,0,,True,True,True,256,256,2,1,1,EPSG:32632,True,True,True,True,"0,1,2,3,4,5",True,"0,1",True,0.0,True,23374,0.356658935546875,7888,5209,8472,686,1119,True,True,True
DE11_off128_r002_c007,DE11,Hamburg,DE11_off128_r002_c007,True,accepted,0,,True,True,True,256,256,2,1,1,EPSG:32632,True,True,True,True,"0,1,2,3,4,5",True,"0,1",True,0.0,True,26382,0.402557373046875,7946,5435,10343,358,2300,True,True,True
DE11_off128_r002_c008,DE11,Hamburg,DE11_off128_r002_c008,True,accepted,0,,True,True,True,256,256,2,1,1,EPSG:32632,True,True,True,True,"0,1,2,3,4,5",True,"0,1",True,0.0,True,30109,0.4594268798828125,8724,6140,14134,355,756,True,True,True
DE11_off128_r003_c003,DE11,Hamburg,DE11_off128_r003_c003,True,accepted,0,,True,True,True,256,256,2,1,1,EPSG:32632,True,True,True,True,"0,1,2,3,4,5",True,"0,1",True,0.0,True,35396,0.54010009765625,11206,7537,14738,1304,611,True,True,True
DE11_off128_r003_c004,DE11,Hamburg,DE11_off128_r003_c004,True,accepted,0,,True,True,True,256,256,2,1,1,EPSG:32632,True,True,True,True,"0,1,2,3,4,5",True,"0,1",True,0.0,True,31206,0.476165771484375,14510,6977,8806,675,238,True,True,True
DE11_off128_r003_c006,DE11,Hamburg,DE11_off128_r003_c006,True,accepted,0,,True,True,True,256,256,2,1,1,EPSG:32632,True,True,True,True,"0,1,2,3,4,5",True,"0,1",True,0.0,True,38721,0.5908355712890625,12437,7043,16058,475,2708,True,True,True
DE11_off128_r003_c007,DE11,Hamburg,DE11_off128_r003_c007,True,accepted,0,,True,True,True,256,256,2,1,1,EPSG:32632,True,True,True,True,"0,1,2,3,4,5",True,"0,1",True,0.0,True,30352,0.463134765625,12206,6856,9722,1047,521,True,True,True
DE11_off128_r004_c003,DE11,Hamburg,DE11_off128_r004_c003,True,accepted,0,,True,True,True,256,256,2,1,1,EPSG:32632,True,True,True,True,"0,1,2,3,4,5",True,"0,1",True,0.0,True,34417,0.5251617431640625,14803,8277,9808,1353,176,True,True,True
DE11_off128_r004_c004,DE11,Hamburg,DE11_off128_r004_c004,True,accepted,0,,True,True,True,256,256,2,1,1,EPSG:32632,True,True,True,True,"0,1,2,3,4,5",True,"0,1",True,0.0,True,34682,0.529205322265625,18447,8847,5896,922,570,True,True,True
DE11_off128_r004_c006,DE11,Hamburg,DE11_off128_r004_c006,True,accepted,0,,True,True,True,256,256,2,1,1,EPSG:32632,True,True,True,True,"0,1,2,3,4,5",True,"0,1",True,0.0,True,31501,0.4806671142578125,15673,8622,5834,443,929,True,True,True
DE11_off128_r004_c007,DE11,Hamburg,DE11_off128_r004_c007,True,accepted,0,,True,True,True,256,256,2,1,1,EPSG:32632,True,True,True,True,"0,1,2,3,4,5",True,"0,1",True,0.0,True,30791,0.4698333740234375,12335,7544,8564,1746,602,True,True,True
DE11_off128_r004_c008,DE11,Hamburg,DE11_off128_r004_c008,True,accepted,0,,True,True,True,256,256,2,1,1,EPSG:32632,True,True,True,True,"0,1,2,3,4,5",True,"0,1",True,0.0,True,25455,0.3884124755859375,10015,6646,7857,303,634,True,True,True
DE11_off128_r005_c001,DE11,Hamburg,DE11_off128_r005_c001,True,accepted,0,,True,True,True,256,256,2,1,1,EPSG:32632,True,True,True,True,"0,1,2,3,4,5",True,"0,1",True,0.0,True,27378,0.417755126953125,7620,4168,8593,650,6347,True,True,True
DE11_off128_r005_c002,DE11,Hamburg,DE11_off128_r005_c002,True,accepted,0,,True,True,True,256,256,2,1,1,EPSG:32632,True,True,True,True,"0,1,2,3,4,5",True,"0,1",True,0.0,True,38890,0.593414306640625,5699,3671,8879,2329,18312,True,True,True
DE11_off128_r005_c003,DE11,Hamburg,DE11_off128_r005_c003,True,accepted,0,,True,True,True,256,256,2,1,1,EPSG:32632,True,True,True,True,"0,1,2,3,4,5",True,"0,1",True,0.0,True,38964,0.59454345703125,11918,5730,5322,738,15256,True,True,True
DE11_off128_r005_c004,DE11,Hamburg,DE11_off128_r005_c004,True,accepted,0,,True,True,True,256,256,2,1,1,EPSG:32632,True,True,True,True,"0,1,2,3,4,5",True,"0,1",True,0.0,True,41177,0.6283111572265625,14131,6701,5511,765,14069,True,True,True
DE11_off128_r005_c005,DE11,Hamburg,DE11_off128_r005_c005,True,accepted,0,,True,True,True,256,256,2,1,1,EPSG:32632,True,True,True,True,"0,1,2,3,4,5",True,"0,1",True,0.0,True,46404,0.70806884765625,17441,8419,3707,1527,15310,True,True,True
DE11_off128_r005_c006,DE11,Hamburg,DE11_off128_r005_c006,True,accepted,0,,True,True,True,256,256,2,1,1,EPSG:32632,True,True,True,True,"0,1,2,3,4,5",True,"0,1",True,0.0,True,36484,0.55670166015625,14778,8417,5556,1521,6212,True,True,True
DE11_off128_r005_c007,DE11,Hamburg,DE11_off128_r005_c007,True,accepted,0,,True,True,True,256,256,2,1,1,EPSG:32632,True,True,True,True,"0,1,2,3,4,5",True,"0,1",True,0.0,True,41157,0.6280059814453125,10560,5992,20025,1013,3567,True,True,True
DE11_off128_r005_c008,DE11,Hamburg,DE11_off128_r005_c008,True,accepted,0,,True,True,True,256,256,2,1,1,EPSG:32632,True,True,True,True,"0,1,2,3,4,5",True,"0,1",True,0.0,True,25658,0.391510009765625,9058,5803,9517,483,797,True,True,True
DE11_off128_r006_c002,DE11,Hamburg,DE11_off128_r006_c002,True,accepted,0,,True,True,True,256,256,2,1,1,EPSG:32632,True,True,True,True,"0,1,2,3,4,5",True,"0,1",True,0.0,True,39403,0.6012420654296875,5721,4264,16606,1538,11274,True,True,True
DE11_off128_r006_c003,DE11,Hamburg,DE11_off128_r006_c003,True,accepted,0,,True,True,True,256,256,2,1,1,EPSG:32632,True,True,True,True,"0,1,2,3,4,5",True,"0,1",True,0.0,True,29019,0.4427947998046875,2595,5339,3952,367,16766,True,True,True
DE11_off128_r006_c004,DE11,Hamburg,DE11_off128_r006_c004,True,accepted,0,,True,True,True,256,256,2,1,1,EPSG:32632,True,True,True,True,"0,1,2,3,4,5",True,"0,1",True,0.0,True,38465,0.5869293212890625,6410,4519,1243,3770,22523,True,True,True
DE11_off128_r006_c005,DE11,Hamburg,DE11_off128_r006_c005,True,accepted,0,,True,True,True,256,256,2,1,1,EPSG:32632,True,True,True,True,"0,1,2,3,4,5",True,"0,1",True,0.0,True,40922,0.624420166015625,7939,4946,8314,2955,16768,True,True,True
DE11_off128_r006_c006,DE11,Hamburg,DE11_off128_r006_c006,True,accepted,0,,True,True,True,256,256,2,1,1,EPSG:32632,True,True,True,True,"0,1,2,3,4,5",True,"0,1",True,0.0,True,43313,0.6609039306640625,7214,5721,10094,1221,19063,True,True,True
DE11_off128_r006_c008,DE11,Hamburg,DE11_off128_r006_c008,True,accepted,0,,True,True,True,256,256,2,1,1,EPSG:32632,True,True,True,True,"0,1,2,3,4,5",True,"0,1",True,0.0,True,42939,0.6551971435546875,6727,4058,25460,1813,4881,True,True,True
DE11_off128_r007_c001,DE11,Hamburg,DE11_off128_r007_c001,True,accepted,0,,True,True,True,256,256,2,1,1,EPSG:32632,True,True,True,True,"0,1,2,3,4,5",True,"0,1",True,0.0,True,56395,0.8605194091796875,674,1091,48407,5216,1007,True,True,True
DE11_off128_r007_c003,DE11,Hamburg,DE11_off128_r007_c003,True,accepted,0,,True,True,True,256,256,2,1,1,EPSG:32632,True,True,True,True,"0,1,2,3,4,5",True,"0,1",True,0.0,True,35172,0.53668212890625,4222,4858,18339,3738,4015,True,True,True
DE11_off128_r007_c004,DE11,Hamburg,DE11_off128_r007_c004,True,accepted,0,,True,True,True,256,256,2,1,1,EPSG:32632,True,True,True,True,"0,1,2,3,4,5",True,"0,1",True,0.0,True,34938,0.533111572265625,4872,3765,3471,1541,21289,True,True,True
DE11_off128_r007_c005,DE11,Hamburg,DE11_off128_r007_c005,True,accepted,0,,True,True,True,256,256,2,1,1,EPSG:32632,True,True,True,True,"0,1,2,3,4,5",True,"0,1",True,0.0,True,32847,0.5012054443359375,8852,5271,12204,1814,4706,True,True,True
DE11_off128_r007_c008,DE11,Hamburg,DE11_off128_r007_c008,True,accepted,0,,True,True,True,256,256,2,1,1,EPSG:32632,True,True,True,True,"0,1,2,3,4,5",True,"0,1",True,0.0,True,46615,0.7112884521484375,6654,3276,28760,7020,905,True,True,True
DE11_off128_r008_c003,DE11,Hamburg,DE11_off128_r008_c003,True,accepted,0,,True,True,True,256,256,2,1,1,EPSG:32632,True,True,True,True,"0,1,2,3,4,5",True,"0,1",True,0.0,True,47905,0.7309722900390625,6302,4287,28573,7280,1463,True,True,True
DE11_off128_r008_c004,DE11,Hamburg,DE11_off128_r008_c004,True,accepted,0,,True,True,True,256,256,2,1,1,EPSG:32632,True,True,True,True,"0,1,2,3,4,5",True,"0,1",True,0.0,True,31312,0.477783203125,5717,4667,6420,3640,10868,True,True,True
DE11_off128_r008_c010,DE11,Hamburg,DE11_off128_r008_c010,True,accepted,0,,True,True,True,256,256,2,1,1,EPSG:32632,True,True,True,True,"0,1,2,3,4,5",True,"0,1",True,0.0,True,37236,0.56817626953125,7311,6481,19009,1353,3082,True,True,True
DE11_off128_r009_c005,DE11,Hamburg,DE11_off128_r009_c005,True,accepted,0,,True,True,True,256,256,2,1,1,EPSG:32632,True,True,True,True,"0,1,2,3,4,5",True,"0,1",True,0.0,True,32796,0.50042724609375,11265,6430,10630,1096,3375,True,True,True
DE11_off128_r010_c000,DE11,Hamburg,DE11_off128_r010_c000,True,accepted,0,,True,True,True,256,256,2,1,1,EPSG:32632,True,True,True,True,"0,1,2,3,4,5",True,"0,1",True,0.0,True,57152,0.8720703125,1714,1731,50415,3228,64,True,True,True
DE11_off128_r010_c004,DE11,Hamburg,DE11_off128_r010_c004,True,accepted,0,,True,True,True,256,256,2,1,1,EPSG:32632,True,True,True,True,"0,1,2,3,4,5",True,"0,1",True,0.0,True,39661,0.6051788330078125,5248,3871,26620,3346,576,True,True,True
DE11_off128_r011_c003,DE11,Hamburg,DE11_off128_r011_c003,False,rejected,1,padding_fraction_exceeds_limit,True,True,True,256,256,2,1,1,EPSG:32632,True,True,True,True,"0,1,2,3,4,5,255",True,"0,1",True,0.78125,False,13549,0.2067413330078125,16,130,11592,1793,18,True,True,True
DE12_off128_r001_c000,DE12,Bremen,DE12_off128_r001_c000,True,accepted,0,,True,True,True,256,256,2,1,1,EPSG:32632,True,True,True,True,"0,1,2,3,4,5",True,"0,1",True,0.0,True,39343,0.6003265380859375,9335,5561,13725,406,10316,True,True,True
DE12_off128_r001_c001,DE12,Bremen,DE12_off128_r001_c001,True,accepted,0,,True,True,True,256,256,2,1,1,EPSG:32632,True,True,True,True,"0,1,2,3,4,5",True,"0,1",True,0.0,True,34312,0.5235595703125,6474,4875,17757,1041,4165,True,True,True
DE12_off128_r001_c002,DE12,Bremen,DE12_off128_r001_c002,True,accepted,0,,True,True,True,256,256,2,1,1,EPSG:32632,True,True,True,True,"0,1,2,3,4,5",True,"0,1",True,0.0,True,34469,0.5259552001953125,6588,4780,17113,116,5872,True,True,True
DE12_off128_r002_c002,DE12,Bremen,DE12_off128_r002_c002,True,accepted,0,,True,True,True,256,256,2,1,1,EPSG:32632,True,True,True,True,"0,1,2,3,4,5",True,"0,1",True,0.0,True,41398,0.631683349609375,7224,2681,23052,2690,5751,True,True,True
DE12_off128_r002_c003,DE12,Bremen,DE12_off128_r002_c003,True,accepted,0,,True,True,True,256,256,2,1,1,EPSG:32632,True,True,True,True,"0,1,2,3,4,5",True,"0,1",True,0.0,True,45577,0.6954498291015625,6047,4574,30434,823,3699,True,True,True
DE12_off128_r003_c002,DE12,Bremen,DE12_off128_r003_c002,True,accepted,0,,True,True,True,256,256,2,1,1,EPSG:32632,True,True,True,True,"0,1,2,3,4,5",True,"0,1",True,0.0,True,41342,0.630828857421875,2853,1809,22611,3480,10589,True,True,True
DE12_off128_r003_c003,DE12,Bremen,DE12_off128_r003_c003,True,accepted,0,,True,True,True,256,256,2,1,1,EPSG:32632,True,True,True,True,"0,1,2,3,4,5",True,"0,1",True,0.0,True,38640,0.589599609375,8837,3755,6159,1078,18811,True,True,True
DE12_off128_r003_c005,DE12,Bremen,DE12_off128_r003_c005,True,accepted,0,,True,True,True,256,256,2,1,1,EPSG:32632,True,True,True,True,"0,1,2,3,4,5",True,"0,1",True,0.0,True,60229,0.9190216064453125,1902,2407,48351,4261,3308,True,True,True
DE12_off128_r004_c002,DE12,Bremen,DE12_off128_r004_c002,True,accepted,0,,True,True,True,256,256,2,1,1,EPSG:32632,True,True,True,True,"0,1,2,3,4,5",True,"0,1",True,0.0,True,54117,0.8257598876953125,3799,1557,41305,5626,1830,True,True,True
DE12_off128_r004_c003,DE12,Bremen,DE12_off128_r004_c003,True,accepted,0,,True,True,True,256,256,2,1,1,EPSG:32632,True,True,True,True,"0,1,2,3,4,5",True,"0,1",True,0.0,True,44032,0.671875,8673,2771,15171,4426,12991,True,True,True
DE12_off128_r004_c004,DE12,Bremen,DE12_off128_r004_c004,True,accepted,0,,True,True,True,256,256,2,1,1,EPSG:32632,True,True,True,True,"0,1,2,3,4,5",True,"0,1",True,0.0,True,39207,0.5982513427734375,11922,6215,10551,521,9998,True,True,True
DE12_off128_r004_c005,DE12,Bremen,DE12_off128_r004_c005,True,accepted,0,,True,True,True,256,256,2,1,1,EPSG:32632,True,True,True,True,"0,1,2,3,4,5",True,"0,1",True,0.0,True,41895,0.6392669677734375,12663,6548,21799,53,832,True,True,True
DE12_off128_r004_c006,DE12,Bremen,DE12_off128_r004_c006,True,accepted,0,,True,True,True,256,256,2,1,1,EPSG:32632,True,True,True,True,"0,1,2,3,4,5",True,"0,1",True,0.0,True,41905,0.6394195556640625,8376,4840,25476,710,2503,True,True,True
DE12_off128_r004_c007,DE12,Bremen,DE12_off128_r004_c007,True,accepted,0,,True,True,True,256,256,2,1,1,EPSG:32632,True,True,True,True,"0,1,2,3,4,5",True,"0,1",True,0.0,True,32377,0.4940338134765625,9878,7246,14254,55,944,True,True,True
DE12_off128_r005_c004,DE12,Bremen,DE12_off128_r005_c004,True,accepted,0,,True,True,True,256,256,2,1,1,EPSG:32632,True,True,True,True,"0,1,2,3,4,5",True,"0,1",True,0.0,True,42065,0.6418609619140625,11144,6197,18623,1359,4742,True,True,True
DE12_off128_r005_c005,DE12,Bremen,DE12_off128_r005_c005,True,accepted,0,,True,True,True,256,256,2,1,1,EPSG:32632,True,True,True,True,"0,1,2,3,4,5",True,"0,1",True,0.0,True,43401,0.6622467041015625,17111,9101,10893,256,6040,True,True,True
DE12_off128_r005_c006,DE12,Bremen,DE12_off128_r005_c006,True,accepted,0,,True,True,True,256,256,2,1,1,EPSG:32632,True,True,True,True,"0,1,2,3,4,5",True,"0,1",True,0.0,True,32537,0.4964752197265625,15584,8390,7552,98,913,True,True,True
DE12_off128_r005_c007,DE12,Bremen,DE12_off128_r005_c007,True,accepted,0,,True,True,True,256,256,2,1,1,EPSG:32632,True,True,True,True,"0,1,2,3,4,5",True,"0,1",True,0.0,True,31985,0.4880523681640625,9623,6101,14903,624,734,True,True,True
DE12_off128_r005_c008,DE12,Bremen,DE12_off128_r005_c008,True,accepted,0,,True,True,True,256,256,2,1,1,EPSG:32632,True,True,True,True,"0,1,2,3,4,5",True,"0,1",True,0.0,True,32734,0.499481201171875,7541,5679,16228,931,2355,True,True,True
DE12_off128_r006_c000,DE12,Bremen,DE12_off128_r006_c000,True,accepted,0,,True,True,True,256,256,2,1,1,EPSG:32632,True,True,True,True,"0,1,2,3,4,5",True,"0,1",True,0.0,True,30318,0.462615966796875,10730,5819,12671,525,573,True,True,True
DE12_off128_r006_c001,DE12,Bremen,DE12_off128_r006_c001,True,accepted,0,,True,True,True,256,256,2,1,1,EPSG:32632,True,True,True,True,"0,1,2,3,4,5",True,"0,1",True,0.0,True,25628,0.39105224609375,10485,6115,8236,548,244,True,True,True
DE12_off128_r006_c003,DE12,Bremen,DE12_off128_r006_c003,True,accepted,0,,True,True,True,256,256,2,1,1,EPSG:32632,True,True,True,True,"0,1,2,3,4,5",True,"0,1",True,0.0,True,35823,0.5466156005859375,8120,4879,20154,815,1855,True,True,True
DE12_off128_r006_c004,DE12,Bremen,DE12_off128_r006_c004,True,accepted,0,,True,True,True,256,256,2,1,1,EPSG:32632,True,True,True,True,"0,1,2,3,4,5",True,"0,1",True,0.0,True,48187,0.7352752685546875,6107,4441,33585,906,3148,True,True,True
DE12_off128_r006_c005,DE12,Bremen,DE12_off128_r006_c005,True,accepted,0,,True,True,True,256,256,2,1,1,EPSG:32632,True,True,True,True,"0,1,2,3,4,5",True,"0,1",True,0.0,True,42152,0.6431884765625,9848,5463,23482,1852,1507,True,True,True
DE12_off128_r006_c006,DE12,Bremen,DE12_off128_r006_c006,True,accepted,0,,True,True,True,256,256,2,1,1,EPSG:32632,True,True,True,True,"0,1,2,3,4,5",True,"0,1",True,0.0,True,44226,0.674835205078125,7306,4283,22980,614,9043,True,True,True
DE12_off128_r006_c007,DE12,Bremen,DE12_off128_r006_c007,True,accepted,0,,True,True,True,256,256,2,1,1,EPSG:32632,True,True,True,True,"0,1,2,3,4,5",True,"0,1",True,0.0,True,37934,0.578826904296875,11207,6031,11915,469,8312,True,True,True
DE12_off128_r006_c009,DE12,Bremen,DE12_off128_r006_c009,True,accepted,0,,True,True,True,256,256,2,1,1,EPSG:32632,True,True,True,True,"0,1,2,3,4,5",True,"0,1",True,0.0,True,38449,0.5866851806640625,9825,5429,21605,692,898,True,True,True
DE12_off128_r007_c000,DE12,Bremen,DE12_off128_r007_c000,True,accepted,0,,True,True,True,256,256,2,1,1,EPSG:32632,True,True,True,True,"0,1,2,3,4,5",True,"0,1",True,0.0,True,42642,0.650665283203125,5342,3716,27029,163,6392,True,True,True
DE12_off128_r007_c001,DE12,Bremen,DE12_off128_r007_c001,True,accepted,0,,True,True,True,256,256,2,1,1,EPSG:32632,True,True,True,True,"0,1,2,3,4,5",True,"0,1",True,0.0,True,30005,0.4578399658203125,9298,5715,14102,125,765,True,True,True
DE12_off128_r007_c008,DE12,Bremen,DE12_off128_r007_c008,True,accepted,0,,True,True,True,256,256,2,1,1,EPSG:32632,True,True,True,True,"0,1,2,3,4,5",True,"0,1",True,0.0,True,44137,0.6734771728515625,3767,2526,26163,7381,4300,True,True,True
DE12_off128_r007_c009,DE12,Bremen,DE12_off128_r007_c009,True,accepted,0,,True,True,True,256,256,2,1,1,EPSG:32632,True,True,True,True,"0,1,2,3,4,5",True,"0,1",True,0.0,True,39912,0.6090087890625,6130,4242,27701,698,1141,True,True,True
DE12_off128_r010_c001,DE12,Bremen,DE12_off128_r010_c001,True,accepted,0,,True,True,True,256,256,2,1,1,EPSG:32632,True,True,True,True,"0,1,2,3,4,5",True,"0,1",True,0.0,True,61326,0.935760498046875,180,735,57140,3264,7,True,True,True
DE13_off128_r002_c001,DE13,Hanover,DE13_off128_r002_c001,True,accepted,0,,True,True,True,256,256,2,1,1,EPSG:32632,True,True,True,True,"0,1,2,3,4,5",True,"0,1",True,0.0,True,42908,0.65472412109375,6228,3931,27991,3286,1472,True,True,True
DE13_off128_r002_c002,DE13,Hanover,DE13_off128_r002_c002,True,accepted,0,,True,True,True,256,256,2,1,1,EPSG:32632,True,True,True,True,"0,1,2,3,4,5",True,"0,1",True,0.0,True,43257,0.6600494384765625,6263,3866,32056,766,306,True,True,True
DE13_off128_r002_c004,DE13,Hanover,DE13_off128_r002_c004,True,accepted,0,,True,True,True,256,256,2,1,1,EPSG:32632,True,True,True,True,"0,1,2,3,4,5",True,"0,1",True,0.0,True,37450,0.571441650390625,10983,5916,20057,163,331,True,True,True
DE13_off128_r002_c005,DE13,Hanover,DE13_off128_r002_c005,True,accepted,0,,True,True,True,256,256,2,1,1,EPSG:32632,True,True,True,True,"0,1,2,3,4,5",True,"0,1",True,0.0,True,29107,0.4441375732421875,12440,7509,8749,138,271,True,True,True
DE13_off128_r002_c008,DE13,Hanover,DE13_off128_r002_c008,True,accepted,0,,True,True,True,256,256,2,1,1,EPSG:32632,True,True,True,True,"0,1,2,3,4,5",True,"0,1",True,0.0,True,36299,0.5538787841796875,3965,2966,28085,694,589,True,True,True
DE13_off128_r003_c001,DE13,Hanover,DE13_off128_r003_c001,True,accepted,0,,True,True,True,256,256,2,1,1,EPSG:32632,True,True,True,True,"0,1,2,3,4,5",True,"0,1",True,0.0,True,38892,0.59344482421875,9480,5812,21724,221,1655,True,True,True
DE13_off128_r003_c002,DE13,Hanover,DE13_off128_r003_c002,True,accepted,0,,True,True,True,256,256,2,1,1,EPSG:32632,True,True,True,True,"0,1,2,3,4,5",True,"0,1",True,0.0,True,39026,0.595489501953125,7890,5456,22933,538,2209,True,True,True
DE13_off128_r003_c003,DE13,Hanover,DE13_off128_r003_c003,True,accepted,0,,True,True,True,256,256,2,1,1,EPSG:32632,True,True,True,True,"0,1,2,3,4,5",True,"0,1",True,0.0,True,42542,0.649139404296875,13705,5192,21126,211,2308,True,True,True
DE13_off128_r003_c004,DE13,Hanover,DE13_off128_r003_c004,True,accepted,0,,True,True,True,256,256,2,1,1,EPSG:32632,True,True,True,True,"0,1,2,3,4,5",True,"0,1",True,0.0,True,39336,0.6002197265625,10480,5991,20944,329,1592,True,True,True
DE13_off128_r003_c005,DE13,Hanover,DE13_off128_r003_c005,True,accepted,0,,True,True,True,256,256,2,1,1,EPSG:32632,True,True,True,True,"0,1,2,3,4,5",True,"0,1",True,0.0,True,36348,0.55462646484375,11361,7409,15081,1431,1066,True,True,True
DE13_off128_r003_c006,DE13,Hanover,DE13_off128_r003_c006,True,accepted,0,,True,True,True,256,256,2,1,1,EPSG:32632,True,True,True,True,"0,1,2,3,4,5",True,"0,1",True,0.0,True,33587,0.5124969482421875,7780,5060,16839,3116,792,True,True,True
DE13_off128_r003_c007,DE13,Hanover,DE13_off128_r003_c007,True,accepted,0,,True,True,True,256,256,2,1,1,EPSG:32632,True,True,True,True,"0,1,2,3,4,5",True,"0,1",True,0.0,True,30255,0.4616546630859375,9258,5911,14103,434,549,True,True,True
DE13_off128_r004_c003,DE13,Hanover,DE13_off128_r004_c003,True,accepted,0,,True,True,True,256,256,2,1,1,EPSG:32632,True,True,True,True,"0,1,2,3,4,5",True,"0,1",True,0.0,True,40553,0.6187896728515625,5077,3708,26969,1081,3718,True,True,True
DE13_off128_r004_c004,DE13,Hanover,DE13_off128_r004_c004,True,accepted,0,,True,True,True,256,256,2,1,1,EPSG:32632,True,True,True,True,"0,1,2,3,4,5",True,"0,1",True,0.0,True,40055,0.6111907958984375,8857,6459,22647,709,1383,True,True,True
DE13_off128_r004_c005,DE13,Hanover,DE13_off128_r004_c005,True,accepted,0,,True,True,True,256,256,2,1,1,EPSG:32632,True,True,True,True,"0,1,2,3,4,5",True,"0,1",True,0.0,True,43166,0.658660888671875,17097,8890,15754,874,551,True,True,True
DE13_off128_r004_c006,DE13,Hanover,DE13_off128_r004_c006,True,accepted,0,,True,True,True,256,256,2,1,1,EPSG:32632,True,True,True,True,"0,1,2,3,4,5",True,"0,1",True,0.0,True,49058,0.748565673828125,6882,4979,35280,718,1199,True,True,True
DE13_off128_r004_c007,DE13,Hanover,DE13_off128_r004_c007,True,accepted,0,,True,True,True,256,256,2,1,1,EPSG:32632,True,True,True,True,"0,1,2,3,4,5",True,"0,1",True,0.0,True,34035,0.5193328857421875,11493,7264,12115,1444,1719,True,True,True
DE13_off128_r004_c008,DE13,Hanover,DE13_off128_r004_c008,True,accepted,0,,True,True,True,256,256,2,1,1,EPSG:32632,True,True,True,True,"0,1,2,3,4,5",True,"0,1",True,0.0,True,46840,0.7147216796875,6578,4758,27633,6257,1614,True,True,True
DE13_off128_r004_c009,DE13,Hanover,DE13_off128_r004_c009,True,accepted,0,,True,True,True,256,256,2,1,1,EPSG:32632,True,True,True,True,"0,1,2,3,4,5",True,"0,1",True,0.0,True,61751,0.9422454833984375,21,1655,53569,5498,1008,True,True,True
DE13_off128_r005_c003,DE13,Hanover,DE13_off128_r005_c003,True,accepted,0,,True,True,True,256,256,2,1,1,EPSG:32632,True,True,True,True,"0,1,2,3,4,5",True,"0,1",True,0.0,True,39478,0.602386474609375,7413,5100,25241,1329,395,True,True,True
DE13_off128_r005_c004,DE13,Hanover,DE13_off128_r005_c004,True,accepted,0,,True,True,True,256,256,2,1,1,EPSG:32632,True,True,True,True,"0,1,2,3,4,5",True,"0,1",True,0.0,True,40169,0.6129302978515625,12331,6694,16465,1298,3381,True,True,True
DE13_off128_r005_c005,DE13,Hanover,DE13_off128_r005_c005,True,accepted,0,,True,True,True,256,256,2,1,1,EPSG:32632,True,True,True,True,"0,1,2,3,4,5",True,"0,1",True,0.0,True,39427,0.6016082763671875,19455,9823,7592,1010,1547,True,True,True
DE13_off128_r005_c006,DE13,Hanover,DE13_off128_r005_c006,True,accepted,0,,True,True,True,256,256,2,1,1,EPSG:32632,True,True,True,True,"0,1,2,3,4,5",True,"0,1",True,0.0,True,43718,0.667083740234375,9246,5632,27685,1035,120,True,True,True
DE13_off128_r005_c007,DE13,Hanover,DE13_off128_r005_c007,True,accepted,0,,True,True,True,256,256,2,1,1,EPSG:32632,True,True,True,True,"0,1,2,3,4,5",True,"0,1",True,0.0,True,41929,0.6397857666015625,7946,4221,27212,1643,907,True,True,True
DE13_off128_r005_c008,DE13,Hanover,DE13_off128_r005_c008,True,accepted,0,,True,True,True,256,256,2,1,1,EPSG:32632,True,True,True,True,"0,1,2,3,4,5",True,"0,1",True,0.0,True,46410,0.708160400390625,6520,3968,32589,778,2555,True,True,True
DE13_off128_r005_c009,DE13,Hanover,DE13_off128_r005_c009,True,accepted,0,,True,True,True,256,256,2,1,1,EPSG:32632,True,True,True,True,"0,1,2,3,4,5",True,"0,1",True,0.0,True,55487,0.8466644287109375,2095,2149,36816,12488,1939,True,True,True
DE13_off128_r005_c010,DE13,Hanover,DE13_off128_r005_c010,True,accepted,0,,True,True,True,256,256,2,1,1,EPSG:32632,True,True,True,True,"0,1,2,3,4,5",True,"0,1",True,0.0,True,50589,0.7719268798828125,3033,2715,43046,1644,151,True,True,True
DE13_off128_r006_c003,DE13,Hanover,DE13_off128_r006_c003,True,accepted,0,,True,True,True,256,256,2,1,1,EPSG:32632,True,True,True,True,"0,1,2,3,4,5",True,"0,1",True,0.0,True,39413,0.6013946533203125,8481,5905,23786,887,354,True,True,True
DE13_off128_r006_c004,DE13,Hanover,DE13_off128_r006_c004,True,accepted,0,,True,True,True,256,256,2,1,1,EPSG:32632,True,True,True,True,"0,1,2,3,4,5",True,"0,1",True,0.0,True,35678,0.544403076171875,11666,6237,16980,665,130,True,True,True
DE13_off128_r006_c005,DE13,Hanover,DE13_off128_r006_c005,True,accepted,0,,True,True,True,256,256,2,1,1,EPSG:32632,True,True,True,True,"0,1,2,3,4,5",True,"0,1",True,0.0,True,46245,0.7056427001953125,7664,4334,21841,756,11650,True,True,True
DE13_off128_r006_c006,DE13,Hanover,DE13_off128_r006_c006,True,accepted,0,,True,True,True,256,256,2,1,1,EPSG:32632,True,True,True,True,"0,1,2,3,4,5",True,"0,1",True,0.0,True,37932,0.57879638671875,8085,5575,23393,763,116,True,True,True
DE13_off128_r006_c007,DE13,Hanover,DE13_off128_r006_c007,True,accepted,0,,True,True,True,256,256,2,1,1,EPSG:32632,True,True,True,True,"0,1,2,3,4,5",True,"0,1",True,0.0,True,35920,0.548095703125,7922,5987,21105,704,202,True,True,True
DE13_off128_r006_c008,DE13,Hanover,DE13_off128_r006_c008,True,accepted,0,,True,True,True,256,256,2,1,1,EPSG:32632,True,True,True,True,"0,1,2,3,4,5",True,"0,1",True,0.0,True,50291,0.7673797607421875,3933,3412,41221,1232,493,True,True,True
DE13_off128_r006_c009,DE13,Hanover,DE13_off128_r006_c009,True,accepted,0,,True,True,True,256,256,2,1,1,EPSG:32632,True,True,True,True,"0,1,2,3,4,5",True,"0,1",True,0.0,True,53853,0.8217315673828125,3471,2950,35129,10306,1997,True,True,True
DE13_off128_r007_c005,DE13,Hanover,DE13_off128_r007_c005,True,accepted,0,,True,True,True,256,256,2,1,1,EPSG:32632,True,True,True,True,"0,1,2,3,4,5",True,"0,1",True,0.0,True,48763,0.7440643310546875,5283,3497,31723,563,7697,True,True,True
DE13_off128_r007_c006,DE13,Hanover,DE13_off128_r007_c006,True,accepted,0,,True,True,True,256,256,2,1,1,EPSG:32632,True,True,True,True,"0,1,2,3,4,5",True,"0,1",True,0.0,True,42006,0.640960693359375,8669,4828,22212,619,5678,True,True,True
DE13_off128_r007_c007,DE13,Hanover,DE13_off128_r007_c007,True,accepted,0,,True,True,True,256,256,2,1,1,EPSG:32632,True,True,True,True,"0,1,2,3,4,5",True,"0,1",True,0.0,True,39080,0.5963134765625,14191,8092,14627,1982,188,True,True,True
DE13_off128_r008_c007,DE13,Hanover,DE13_off128_r008_c007,True,accepted,0,,True,True,True,256,256,2,1,1,EPSG:32632,True,True,True,True,"0,1,2,3,4,5",True,"0,1",True,0.0,True,35888,0.547607421875,9192,6175,19350,312,859,True,True,True
DE13_off128_r009_c008,DE13,Hanover,DE13_off128_r009_c008,True,accepted,0,,True,True,True,256,256,2,1,1,EPSG:32632,True,True,True,True,"0,1,2,3,4,5",True,"0,1",True,0.0,True,52814,0.805877685546875,3615,2822,44233,1449,695,True,True,True
DE13_off128_r010_c002,DE13,Hanover,DE13_off128_r010_c002,True,accepted,0,,True,True,True,256,256,2,1,1,EPSG:32632,True,True,True,True,"0,1,2,3,4,5",True,"0,1",True,0.0,True,49474,0.754913330078125,2948,2553,42858,861,254,True,True,True
DE14_off128_r000_c005,DE14,Berlin,DE14_off128_r000_c005,True,accepted,0,,True,True,True,256,256,2,1,1,EPSG:32633,True,True,True,True,"0,1,2,3,4,5",True,"0,1",True,0.0,True,60071,0.9166107177734375,364,681,53398,3829,1799,True,True,True
DE14_off128_r000_c009,DE14,Berlin,DE14_off128_r000_c009,True,accepted,0,,True,True,True,256,256,2,1,1,EPSG:32633,True,True,True,True,"0,1,2,3,4,5",True,"0,1",True,0.0,True,50413,0.7692413330078125,2005,2793,40662,4940,13,True,True,True
DE14_off128_r001_c003,DE14,Berlin,DE14_off128_r001_c003,True,accepted,0,,True,True,True,256,256,2,1,1,EPSG:32633,True,True,True,True,"0,1,2,3,4,5",True,"0,1",True,0.0,True,30768,0.469482421875,9271,5605,13412,605,1875,True,True,True
DE14_off128_r002_c006,DE14,Berlin,DE14_off128_r002_c006,True,accepted,0,,True,True,True,256,256,2,1,1,EPSG:32633,True,True,True,True,"0,1,2,3,4,5",True,"0,1",True,0.0,True,42362,0.646392822265625,5720,5636,27481,2686,839,True,True,True
DE14_off128_r003_c000,DE14,Berlin,DE14_off128_r003_c000,True,accepted,0,,True,True,True,256,256,2,1,1,EPSG:32633,True,True,True,True,"0,1,2,3,4,5",True,"0,1",True,0.0,True,45813,0.6990509033203125,9198,5015,15831,1920,13849,True,True,True
DE14_off128_r003_c002,DE14,Berlin,DE14_off128_r003_c002,True,accepted,0,,True,True,True,256,256,2,1,1,EPSG:32633,True,True,True,True,"0,1,2,3,4,5",True,"0,1",True,0.0,True,42937,0.6551666259765625,4428,6763,27241,1584,2921,True,True,True
DE14_off128_r003_c003,DE14,Berlin,DE14_off128_r003_c003,True,accepted,0,,True,True,True,256,256,2,1,1,EPSG:32633,True,True,True,True,"0,1,2,3,4,5",True,"0,1",True,0.0,True,32798,0.500457763671875,10635,6524,13986,1428,225,True,True,True
DE14_off128_r003_c004,DE14,Berlin,DE14_off128_r003_c004,True,accepted,0,,True,True,True,256,256,2,1,1,EPSG:32633,True,True,True,True,"0,1,2,3,4,5",True,"0,1",True,0.0,True,33171,0.5061492919921875,14837,7244,9779,538,773,True,True,True
DE14_off128_r003_c005,DE14,Berlin,DE14_off128_r003_c005,True,accepted,0,,True,True,True,256,256,2,1,1,EPSG:32633,True,True,True,True,"0,1,2,3,4,5",True,"0,1",True,0.0,True,32635,0.4979705810546875,13927,7607,8340,2654,107,True,True,True
DE14_off128_r003_c006,DE14,Berlin,DE14_off128_r003_c006,True,accepted,0,,True,True,True,256,256,2,1,1,EPSG:32633,True,True,True,True,"0,1,2,3,4,5",True,"0,1",True,0.0,True,32005,0.4883575439453125,10798,6496,12317,1453,941,True,True,True
DE14_off128_r003_c008,DE14,Berlin,DE14_off128_r003_c008,True,accepted,0,,True,True,True,256,256,2,1,1,EPSG:32633,True,True,True,True,"0,1,2,3,4,5",True,"0,1",True,0.0,True,40535,0.6185150146484375,6967,5615,22924,4630,399,True,True,True
DE14_off128_r003_c009,DE14,Berlin,DE14_off128_r003_c009,True,accepted,0,,True,True,True,256,256,2,1,1,EPSG:32633,True,True,True,True,"0,1,2,3,4,5",True,"0,1",True,0.0,True,39562,0.603668212890625,7498,6971,21837,2811,445,True,True,True
DE14_off128_r004_c000,DE14,Berlin,DE14_off128_r004_c000,True,accepted,0,,True,True,True,256,256,2,1,1,EPSG:32633,True,True,True,True,"0,1,2,3,4,5",True,"0,1",True,0.0,True,37243,0.5682830810546875,11451,6500,8277,926,10089,True,True,True
DE14_off128_r004_c001,DE14,Berlin,DE14_off128_r004_c001,True,accepted,0,,True,True,True,256,256,2,1,1,EPSG:32633,True,True,True,True,"0,1,2,3,4,5",True,"0,1",True,0.0,True,37002,0.564605712890625,10358,6122,14479,1471,4572,True,True,True
DE14_off128_r004_c003,DE14,Berlin,DE14_off128_r004_c003,True,accepted,0,,True,True,True,256,256,2,1,1,EPSG:32633,True,True,True,True,"0,1,2,3,4,5",True,"0,1",True,0.0,True,37051,0.5653533935546875,14837,6477,11474,389,3874,True,True,True
DE14_off128_r004_c004,DE14,Berlin,DE14_off128_r004_c004,True,accepted,0,,True,True,True,256,256,2,1,1,EPSG:32633,True,True,True,True,"0,1,2,3,4,5",True,"0,1",True,0.0,True,37657,0.5746002197265625,16099,7455,11749,1225,1129,True,True,True
DE14_off128_r004_c005,DE14,Berlin,DE14_off128_r004_c005,True,accepted,0,,True,True,True,256,256,2,1,1,EPSG:32633,True,True,True,True,"0,1,2,3,4,5",True,"0,1",True,0.0,True,35585,0.5429840087890625,19803,8967,5765,1031,19,True,True,True
DE14_off128_r004_c007,DE14,Berlin,DE14_off128_r004_c007,True,accepted,0,,True,True,True,256,256,2,1,1,EPSG:32633,True,True,True,True,"0,1,2,3,4,5",True,"0,1",True,0.0,True,31723,0.4840545654296875,10514,7254,11668,1356,931,True,True,True
DE14_off128_r004_c008,DE14,Berlin,DE14_off128_r004_c008,True,accepted,0,,True,True,True,256,256,2,1,1,EPSG:32633,True,True,True,True,"0,1,2,3,4,5",True,"0,1",True,0.0,True,35081,0.5352935791015625,9919,6677,12450,5556,479,True,True,True
DE14_off128_r005_c002,DE14,Berlin,DE14_off128_r005_c002,True,accepted,0,,True,True,True,256,256,2,1,1,EPSG:32633,True,True,True,True,"0,1,2,3,4,5",True,"0,1",True,0.0,True,36439,0.5560150146484375,17297,8998,7370,710,2064,True,True,True
DE14_off128_r005_c003,DE14,Berlin,DE14_off128_r005_c003,True,accepted,0,,True,True,True,256,256,2,1,1,EPSG:32633,True,True,True,True,"0,1,2,3,4,5",True,"0,1",True,0.0,True,42504,0.6485595703125,16404,8102,13104,768,4126,True,True,True
DE14_off128_r005_c004,DE14,Berlin,DE14_off128_r005_c004,True,accepted,0,,True,True,True,256,256,2,1,1,EPSG:32633,True,True,True,True,"0,1,2,3,4,5",True,"0,1",True,0.0,True,44977,0.6862945556640625,16484,7230,16639,1775,2849,True,True,True
DE14_off128_r005_c005,DE14,Berlin,DE14_off128_r005_c005,True,accepted,0,,True,True,True,256,256,2,1,1,EPSG:32633,True,True,True,True,"0,1,2,3,4,5",True,"0,1",True,0.0,True,39599,0.6042327880859375,18332,9465,7706,1560,2536,True,True,True
DE14_off128_r005_c006,DE14,Berlin,DE14_off128_r005_c006,True,accepted,0,,True,True,True,256,256,2,1,1,EPSG:32633,True,True,True,True,"0,1,2,3,4,5",True,"0,1",True,0.0,True,36016,0.549560546875,16679,8674,8856,1160,647,True,True,True
DE14_off128_r005_c007,DE14,Berlin,DE14_off128_r005_c007,True,accepted,0,,True,True,True,256,256,2,1,1,EPSG:32633,True,True,True,True,"0,1,2,3,4,5",True,"0,1",True,0.0,True,31796,0.48516845703125,15227,8282,7018,1135,134,True,True,True
DE14_off128_r005_c008,DE14,Berlin,DE14_off128_r005_c008,True,accepted,0,,True,True,True,256,256,2,1,1,EPSG:32633,True,True,True,True,"0,1,2,3,4,5",True,"0,1",True,0.0,True,33323,0.5084686279296875,8595,7250,15661,1409,408,True,True,True
DE14_off128_r005_c010,DE14,Berlin,DE14_off128_r005_c010,True,accepted,0,,True,True,True,256,256,2,1,1,EPSG:32633,True,True,True,True,"0,1,2,3,4,5",True,"0,1",True,0.0,True,27395,0.4180145263671875,9124,7268,9674,857,472,True,True,True
DE14_off128_r006_c006,DE14,Berlin,DE14_off128_r006_c006,True,accepted,0,,True,True,True,256,256,2,1,1,EPSG:32633,True,True,True,True,"0,1,2,3,4,5",True,"0,1",True,0.0,True,37608,0.5738525390625,15025,8054,8888,858,4783,True,True,True
DE14_off128_r006_c007,DE14,Berlin,DE14_off128_r006_c007,True,accepted,0,,True,True,True,256,256,2,1,1,EPSG:32633,True,True,True,True,"0,1,2,3,4,5",True,"0,1",True,0.0,True,41284,0.62994384765625,7818,4370,14325,4278,10493,True,True,True
DE14_off128_r006_c008,DE14,Berlin,DE14_off128_r006_c008,True,accepted,0,,True,True,True,256,256,2,1,1,EPSG:32633,True,True,True,True,"0,1,2,3,4,5",True,"0,1",True,0.0,True,33355,0.5089569091796875,8593,6040,15669,2683,370,True,True,True
DE14_off128_r006_c009,DE14,Berlin,DE14_off128_r006_c009,True,accepted,0,,True,True,True,256,256,2,1,1,EPSG:32633,True,True,True,True,"0,1,2,3,4,5",True,"0,1",True,0.0,True,30429,0.4643096923828125,7342,6086,14982,1107,912,True,True,True
DE14_off128_r006_c010,DE14,Berlin,DE14_off128_r006_c010,True,accepted,0,,True,True,True,256,256,2,1,1,EPSG:32633,True,True,True,True,"0,1,2,3,4,5",True,"0,1",True,0.0,True,33531,0.5116424560546875,6987,5862,17087,401,3194,True,True,True
DE14_off128_r007_c006,DE14,Berlin,DE14_off128_r007_c006,True,accepted,0,,True,True,True,256,256,2,1,1,EPSG:32633,True,True,True,True,"0,1,2,3,4,5",True,"0,1",True,0.0,True,37681,0.5749664306640625,16801,10521,8059,1214,1086,True,True,True
DE14_off128_r007_c007,DE14,Berlin,DE14_off128_r007_c007,True,accepted,0,,True,True,True,256,256,2,1,1,EPSG:32633,True,True,True,True,"0,1,2,3,4,5",True,"0,1",True,0.0,True,39414,0.601409912109375,6755,5392,21124,1889,4254,True,True,True
DE14_off128_r008_c003,DE14,Berlin,DE14_off128_r008_c003,True,accepted,0,,True,True,True,256,256,2,1,1,EPSG:32633,True,True,True,True,"0,1,2,3,4,5",True,"0,1",True,0.0,True,30826,0.470367431640625,11302,7475,10231,450,1368,True,True,True
DE14_off128_r008_c004,DE14,Berlin,DE14_off128_r008_c004,True,accepted,0,,True,True,True,256,256,2,1,1,EPSG:32633,True,True,True,True,"0,1,2,3,4,5",True,"0,1",True,0.0,True,30337,0.4629058837890625,11698,6660,7821,2538,1620,True,True,True
DE14_off128_r008_c008,DE14,Berlin,DE14_off128_r008_c008,True,accepted,0,,True,True,True,256,256,2,1,1,EPSG:32633,True,True,True,True,"0,1,2,3,4,5",True,"0,1",True,0.0,True,37624,0.5740966796875,10013,5563,12622,5504,3922,True,True,True
DE14_off128_r008_c009,DE14,Berlin,DE14_off128_r008_c009,True,accepted,0,,True,True,True,256,256,2,1,1,EPSG:32633,True,True,True,True,"0,1,2,3,4,5",True,"0,1",True,0.0,True,38712,0.5906982421875,7958,4934,17813,641,7366,True,True,True
DE14_off128_r008_c010,DE14,Berlin,DE14_off128_r008_c010,True,accepted,0,,True,True,True,256,256,2,1,1,EPSG:32633,True,True,True,True,"0,1,2,3,4,5",True,"0,1",True,0.0,True,42956,0.65545654296875,6513,4434,25179,2945,3885,True,True,True
DE14_off128_r009_c002,DE14,Berlin,DE14_off128_r009_c002,True,accepted,0,,True,True,True,256,256,2,1,1,EPSG:32633,True,True,True,True,"0,1,2,3,4,5",True,"0,1",True,0.0,True,30828,0.47039794921875,9326,6165,12785,521,2031,True,True,True
DE14_off128_r009_c004,DE14,Berlin,DE14_off128_r009_c004,True,accepted,0,,True,True,True,256,256,2,1,1,EPSG:32633,True,True,True,True,"0,1,2,3,4,5",True,"0,1",True,0.0,True,28239,0.4308929443359375,14474,8084,4760,817,104,True,True,True
DE14_off128_r009_c008,DE14,Berlin,DE14_off128_r009_c008,True,accepted,0,,True,True,True,256,256,2,1,1,EPSG:32633,True,True,True,True,"0,1,2,3,4,5",True,"0,1",True,0.0,True,34261,0.5227813720703125,10895,7305,13648,1182,1231,True,True,True
DE14_off128_r009_c009,DE14,Berlin,DE14_off128_r009_c009,True,accepted,0,,True,True,True,256,256,2,1,1,EPSG:32633,True,True,True,True,"0,1,2,3,4,5",True,"0,1",True,0.0,True,37855,0.5776214599609375,7690,5539,16730,1725,6171,True,True,True
DE14_off128_r010_c000,DE14,Berlin,DE14_off128_r010_c000,True,accepted,0,,True,True,True,256,256,2,1,1,EPSG:32633,True,True,True,True,"0,1,2,3,4,5",True,"0,1",True,0.0,True,31337,0.4781646728515625,6829,5602,16206,336,2364,True,True,True
DE14_off128_r010_c008,DE14,Berlin,DE14_off128_r010_c008,True,accepted,0,,True,True,True,256,256,2,1,1,EPSG:32633,True,True,True,True,"0,1,2,3,4,5",True,"0,1",True,0.0,True,32693,0.4988555908203125,6909,6617,17239,1516,412,True,True,True
